(pose,8.794137954711914,5.471806049346924,-0.4621734941254801)
(pose,8.794137954711914,5.471806049346924,-0.4621734941254801)
(pose,8.794137954711914,5.471806049346924,-0.4621734941254801)
(pose,8.794137954711914,5.471806049346924,-0.4621734941254801)
(pose,8.794137954711914,5.471806049346924,-0.4621734941254801)
(pose,8.794137954711914,5.471806049346924,-0.4621734941254801)
(pose,8.794137954711914,5.471806049346924,-0.4621734941254801)
(pose,8.794137954711914,5.471806049346924,-0.4621734941254801)
(pose,8.794137954711914,5.471806049346924,-0.4621734941254801)
(pose,8.794137954711914,5.471806049346924,-0.4621734941254801)
(pose,8.794137954711914,5.471806049346924,-0.4621734941254801)
(pose,8.794137954711914,5.471806049346924,-0.4621734941254801)
(pose,8.794137954711914,5.471806049346924,-0.4621734941254801)
(pose,8.794137954711914,5.471806049346924,-0.4621734941254801)
(pose,8.794137954711914,5.471806049346924,-0.4621734941254801)
(pose,8.794137954711914,5.471806049346924,-0.4621734941254801)
(pose,8.794137954711914,5.471806049346924,-0.4621734941254801)
(pose,8.794137954711914,5.471806049346924,-0.4621734941254801)
(pose,8.794137954711914,5.471806049346924,-0.4621734941254801)
(pose,8.794137954711914,5.471806049346924,-0.4621734941254801)
(pose,8.794137954711914,5.471806049346924,-0.4621734941254801)
(pose,8.794137954711914,5.471806049346924,-0.4621734941254801)
(pose,8.794137954711914,5.471806049346924,-0.4621734941254801)
(pose,8.794137954711914,5.471806049346924,-0.4621734941254801)
(pose,8.794137954711914,5.471806049346924,-0.4621734941254801)
(pose,8.794137954711914,5.471806049346924,-0.4621734941254801)
(pose,8.794137954711914,5.471806049346924,-0.4621734941254801)
(pose,8.794137954711914,5.471806049346924,-0.4621734941254801)
(pose,8.794137954711914,5.471806049346924,-0.4621734941254801)
(pose,8.794137954711914,5.471806049346924,-0.4621734941254801)
(pose,8.794137954711914,5.471806049346924,-0.4621734941254801)
(pose,8.794137954711914,5.471806049346924,-0.4621734941254801)
(pose,8.794137954711914,5.471806049346924,-0.4621734941254801)
(pose,8.794137954711914,5.471806049346924,-0.4621734941254801)
(pose,8.794137954711914,5.471806049346924,-0.4621734941254801)
(pose,8.794137954711914,5.471806049346924,-0.4621734941254801)
(pose,8.794137954711914,5.471806049346924,-0.4621734941254801)
(object,0.73959166,-2.3561945)
(object,0.770577,-2.3561945)
(pose,8.794137954711914,5.471806049346924,-0.4621734941254801)
(object,0.74264646,-2.3561945)
(pose,8.794137954711914,5.471806049346924,-0.4621734941254801)
(object,0.76536626,-2.3561945)
(pose,8.794137954711914,5.471806049346924,-0.4621734941254801)
(object,0.7409295,-2.3561945)
(pose,8.794137954711914,5.471806049346924,-0.4621734941254801)
(object,0.7658656,-2.3561945)
(pose,8.794137954711914,5.471806049346924,-0.4621734941254801)
(object,0.7621874,-2.3561945)
(object,0.7621794,-2.3561945)
(object,0.7490188,-2.3561945)
(object,0.74913985,-2.3561945)
(object,0.7457643,-2.3561945)
(object,0.74771535,-2.3561945)
(pose,8.794137954711914,5.471806049346924,-0.4621734941254801)
(object,0.7580613,-2.3561945)
(object,0.76005167,-2.3561945)
(pose,8.794137954711914,5.471806049346924,-0.4621734941254801)
(object,0.7649234,-2.3561945)
(pose,8.794137954711914,5.471806049346924,-0.4621734941254801)
(object,0.75158226,-2.3561945)
(pose,8.794137954711914,5.471806049346924,-0.4621734941254801)
(object,0.74900126,-2.3561945)
(pose,8.794137954711914,5.471806049346924,-0.4621734941254801)
(object,0.7610657,-2.3561945)
(pose,8.794137954711914,5.471806049346924,-0.4621734941254801)
(object,0.7720586,-2.3561945)
(pose,8.794137954711914,5.471806049346924,-0.4621734941254801)
(object,0.7699508,-2.3561945)
(pose,8.794137954711914,5.471806049346924,-0.4621734941254801)
(object,0.76205224,-2.3561945)
(pose,8.794137954711914,5.471806049346924,-0.4621734941254801)
(object,0.7556124,-2.3561945)
(pose,8.794137954711914,5.471806049346924,-0.4621734941254801)
(object,0.7552886,-2.3561945)
(pose,8.794137954711914,5.471806049346924,-0.4621734941254801)
(object,0.76030153,-2.3561945)
(pose,8.794137954711914,5.471806049346924,-0.4621734941254801)
(object,0.7536021,-2.3561945)
(pose,8.794137954711914,5.471806049346924,-0.4621734941254801)
(object,0.76259506,-2.3561945)
(pose,8.794137954711914,5.471806049346924,-0.4621734941254801)
(object,0.77490604,-2.3561945)
(pose,8.794137954711914,5.471806049346924,-0.4621734941254801)
(object,0.76789016,-2.3561945)
(pose,8.794137954711914,5.471806049346924,-0.4621734941254801)
(object,0.7551931,-2.3561945)
(pose,8.794137954711914,5.471806049346924,-0.4621734941254801)
(object,0.74306315,-2.3561945)
(pose,8.794137954711914,5.471806049346924,-0.4621734941254801)
(object,0.75725967,-2.3561945)
(pose,8.794137954711914,5.471806049346924,-0.4621734941254801)
(object,0.7489676,-2.3561945)
(pose,8.794137954711914,5.471806049346924,-0.4621734941254801)
(object,0.7583419,-2.3561945)
(pose,8.794137954711914,5.471806049346924,-0.4621734941254801)
(object,0.74353224,-2.3561945)
(pose,8.794137954711914,5.471806049346924,-0.4621734941254801)
(object,0.75829184,-2.3561945)
(pose,8.794137954711914,5.471806049346924,-0.4621734941254801)
(object,0.76536506,-2.3561945)
(pose,8.794137954711914,5.471806049346924,-0.4621734941254801)
(object,0.7631011,-2.3561945)
(pose,8.794137954711914,5.471806049346924,-0.4621734941254801)
(object,0.7618289,-2.3561945)
(pose,8.794137954711914,5.471806049346924,-0.4621734941254801)
(object,0.74444896,-2.3561945)
(pose,8.794137954711914,5.471806049346924,-0.4621734941254801)
(object,0.749996,-2.3561945)
(pose,8.794137954711914,5.471806049346924,-0.4621734941254801)
(object,0.76750314,-2.3561945)
(pose,8.794137954711914,5.471806049346924,-0.4621734941254801)
(object,0.7605732,-2.3561945)
(pose,8.794137954711914,5.471806049346924,-0.4621734941254801)
(object,0.78258944,-2.3561945)
(pose,8.794137954711914,5.471806049346924,-0.4621734941254801)
(object,0.7554883,-2.3561945)
(pose,8.794137954711914,5.471806049346924,-0.4621734941254801)
(object,0.7583326,-2.3561945)
(pose,8.794137954711914,5.471806049346924,-0.4621734941254801)
(object,0.7778563,-2.3561945)
(pose,8.794137954711914,5.471806049346924,-0.4621734941254801)
(object,0.76487195,-2.3561945)
(pose,8.794137954711914,5.471806049346924,-0.4621734941254801)
(object,0.76612854,-2.3561945)
(pose,8.794137954711914,5.471806049346924,-0.4621734941254801)
(object,0.7581009,-2.3561945)
(pose,8.794137954711914,5.471806049346924,-0.4621734941254801)
(object,0.7663758,-2.3561945)
(pose,8.794137954711914,5.471806049346924,-0.4621734941254801)
(object,0.74350417,-2.3561945)
(pose,8.794137954711914,5.471806049346924,-0.4621734941254801)
(object,0.7548201,-2.3561945)
(pose,8.794137954711914,5.471806049346924,-0.4621734941254801)
(object,0.7608263,-2.3561945)
(pose,8.794137954711914,5.471806049346924,-0.4621734941254801)
(object,0.76191163,-2.3561945)
(pose,8.794137954711914,5.471806049346924,-0.4621734941254801)
(object,0.7681513,-2.3561945)
(pose,8.794137954711914,5.471806049346924,-0.4621734941254801)
(object,0.74894285,-2.3561945)
(pose,8.794137954711914,5.471806049346924,-0.4621734941254801)
(object,0.7421137,-2.3561945)
(pose,8.794137954711914,5.471806049346924,-0.4621734941254801)
(object,0.75659007,-2.3561945)
(pose,8.794137954711914,5.471806049346924,-0.4621734941254801)
(object,0.7548558,-2.3561945)
(pose,8.794137954711914,5.471806049346924,-0.4621734941254801)
(object,0.7655723,-2.3561945)
(pose,8.794137954711914,5.471806049346924,-0.4621734941254801)
(object,0.74475586,-2.3561945)
(pose,8.794137954711914,5.471806049346924,-0.4621734941254801)
(object,0.74440426,-2.3561945)
(pose,8.794137954711914,5.471806049346924,-0.4621734941254801)
(object,0.7642985,-2.3561945)
(pose,8.794137954711914,5.471806049346924,-0.4621734941254801)
(object,0.76598454,-2.3561945)
(pose,8.794137954711914,5.471806049346924,-0.4621734941254801)
(object,0.74998015,-2.3561945)
(pose,8.794137954711914,5.471806049346924,-0.4621734941254801)
(object,0.75843024,-2.3561945)
(pose,8.794137954711914,5.471806049346924,-0.4621734941254801)
(object,0.76185286,-2.3561945)
(pose,8.794137954711914,5.471806049346924,-0.4621734941254801)
(object,0.7624485,-2.3561945)
(pose,8.794137954711914,5.471806049346924,-0.4621734941254801)
(object,0.74760604,-2.3561945)
(pose,8.794137954711914,5.471806049346924,-0.4621734941254801)
(object,0.7616851,-2.3561945)
(pose,8.794137954711914,5.471806049346924,-0.4621734941254801)
(object,0.75989914,-2.3561945)
(pose,8.794137954711914,5.471806049346924,-0.4621734941254801)
(object,0.76628536,-2.3561945)
(pose,8.794137954711914,5.471806049346924,-0.4621734941254801)
(object,0.7471594,-2.3561945)
(pose,8.794137954711914,5.471806049346924,-0.4621734941254801)
(object,0.7504607,-2.3561945)
(pose,8.794137954711914,5.471806049346924,-0.4621734941254801)
(object,0.7469545,-2.3561945)
(pose,8.794137954711914,5.471806049346924,-0.4621734941254801)
(object,0.74154687,-2.3561945)
(pose,8.794137954711914,5.471806049346924,-0.4621734941254801)
(object,0.74297124,-2.3561945)
(pose,8.794137954711914,5.471806049346924,-0.4621734941254801)
(object,0.74548995,-2.3561945)
(pose,8.794137954711914,5.471806049346924,-0.4621734941254801)
(object,0.7546616,-2.3561945)
(pose,8.794137954711914,5.471806049346924,-0.4621734941254801)
(object,0.7578786,-2.3561945)
(pose,8.794137954711914,5.471806049346924,-0.4621734941254801)
(object,0.75190955,-2.3561945)
(pose,8.794137954711914,5.471806049346924,-0.4621734941254801)
(object,0.7464578,-2.3561945)
(pose,8.794137954711914,5.471806049346924,-0.4621734941254801)
(object,0.74793357,-2.3561945)
(pose,8.794137954711914,5.471806049346924,-0.4621734941254801)
(object,0.7489357,-2.3561945)
(pose,8.794137954711914,5.471806049346924,-0.4621734941254801)
(object,0.76104903,-2.3561945)
(pose,8.794137954711914,5.471806049346924,-0.4621734941254801)
(object,0.7675861,-2.3561945)
(pose,8.794137954711914,5.471806049346924,-0.4621734941254801)
(object,0.7379561,-2.3561945)
(pose,8.794137954711914,5.471806049346924,-0.4621734941254801)
(object,0.76015055,-2.3561945)
(pose,8.794137954711914,5.471806049346924,-0.4621734941254801)
(object,0.7453657,-2.3561945)
(pose,8.794137954711914,5.471806049346924,-0.4621734941254801)
(object,0.76087487,-2.3561945)
(pose,8.794137954711914,5.471806049346924,-0.4621734941254801)
(object,0.7482455,-2.3561945)
(pose,8.794137954711914,5.471806049346924,-0.4621734941254801)
(object,0.7623832,-2.3561945)
(pose,8.794137954711914,5.471806049346924,-0.4621734941254801)
(object,0.7447039,-2.3561945)
(pose,8.794137954711914,5.471806049346924,-0.4621734941254801)
(object,0.76026607,-2.3561945)
(pose,8.794137954711914,5.471806049346924,-0.4621734941254801)
(object,0.77010447,-2.3561945)
(pose,8.794137954711914,5.471806049346924,-0.4621734941254801)
(object,0.7667066,-2.3561945)
(pose,8.794137954711914,5.471806049346924,-0.4621734941254801)
(object,0.755764,-2.3561945)
(pose,8.794137954711914,5.471806049346924,-0.4621734941254801)
(object,0.7488153,-2.3561945)
(pose,8.794137954711914,5.471806049346924,-0.4621734941254801)
(object,0.7574622,-2.3561945)
(pose,8.794137954711914,5.471806049346924,-0.4621734941254801)
(object,0.7500322,-2.3561945)
(pose,8.794137954711914,5.471806049346924,-0.4621734941254801)
(object,0.7446988,-2.3561945)
(pose,8.794137954711914,5.471806049346924,-0.4621734941254801)
(object,0.75489944,-2.3561945)
(pose,8.794137954711914,5.471806049346924,-0.4621734941254801)
(object,0.7588159,-2.3561945)
(pose,8.794137954711914,5.471806049346924,-0.4621734941254801)
(object,0.7402373,-2.3561945)
(pose,8.794137954711914,5.471806049346924,-0.4621734941254801)
(object,0.7406421,-2.3561945)
(pose,8.794137954711914,5.471806049346924,-0.4621734941254801)
(object,0.73289025,-2.3561945)
(pose,8.794137954711914,5.471806049346924,-0.4621734941254801)
(object,0.75471324,-2.3561945)
(pose,8.794137954711914,5.471806049346924,-0.4621734941254801)
(object,0.7636962,-2.3561945)
(pose,8.794137954711914,5.471806049346924,-0.4621734941254801)
(object,0.7662244,-2.3561945)
(pose,8.794137954711914,5.471806049346924,-0.4621734941254801)
(object,0.7583986,-2.3561945)
(pose,8.794137954711914,5.471806049346924,-0.4621734941254801)
(object,0.74969214,-2.3561945)
(pose,8.794137954711914,5.471806049346924,-0.4621734941254801)
(object,0.76338935,-2.3561945)
(pose,8.794137954711914,5.471806049346924,-0.4621734941254801)
(object,0.7632576,-2.3561945)
(pose,8.794137954711914,5.471806049346924,-0.4621734941254801)
(object,0.7638501,-2.3561945)
(pose,8.794137954711914,5.471806049346924,-0.4621734941254801)
(object,0.77551514,-2.3561945)
(pose,8.794137954711914,5.471806049346924,-0.4621734941254801)
(object,0.750218,-2.3561945)
(pose,8.794137954711914,5.471806049346924,-0.4621734941254801)
(object,0.7456806,-2.3561945)
(pose,8.794137954711914,5.471806049346924,-0.4621734941254801)
(object,0.7436223,-2.3561945)
(pose,8.794137954711914,5.471806049346924,-0.4621734941254801)
(object,0.7484785,-2.3561945)
(pose,8.794137954711914,5.471806049346924,-0.4621734941254801)
(object,0.7385299,-2.3561945)
(pose,8.794137954711914,5.471806049346924,-0.4621734941254801)
(object,0.7429737,-2.3561945)
(pose,8.794137954711914,5.471806049346924,-0.4621734941254801)
(object,0.7523089,-2.3561945)
(pose,8.794137954711914,5.471806049346924,-0.4621734941254801)
(object,0.75563127,-2.3561945)
(pose,8.794137954711914,5.471806049346924,-0.4621734941254801)
(object,0.75514466,-2.3561945)
(pose,8.794137954711914,5.471806049346924,-0.4621734941254801)
(object,0.75113314,-2.3561945)
(pose,8.794137954711914,5.471806049346924,-0.4621734941254801)
(object,0.75197184,-2.3561945)
(pose,8.794137954711914,5.471806049346924,-0.4621734941254801)
(object,0.7494453,-2.3561945)
(pose,8.794137954711914,5.471806049346924,-0.4621734941254801)
(object,0.7656769,-2.3561945)
(pose,8.794137954711914,5.471806049346924,-0.4621734941254801)
(object,0.7483111,-2.3561945)
(pose,8.794137954711914,5.471806049346924,-0.4621734941254801)
(object,0.750072,-2.3561945)
(pose,8.794137954711914,5.471806049346924,-0.4621734941254801)
(object,0.7564801,-2.3561945)
(pose,8.794137954711914,5.471806049346924,-0.4621734941254801)
(object,0.7500132,-2.3561945)
(pose,8.794137954711914,5.471806049346924,-0.4621734941254801)
(object,0.7473324,-2.3561945)
(pose,8.794137954711914,5.471806049346924,-0.4621734941254801)
(object,0.7693555,-2.3561945)
(pose,8.794137954711914,5.471806049346924,-0.4621734941254801)
(object,0.750515,-2.3561945)
(pose,8.794137954711914,5.471806049346924,-0.4621734941254801)
(object,0.7594351,-2.3561945)
(pose,8.794137954711914,5.471806049346924,-0.4621734941254801)
(object,0.7443913,-2.3561945)
(pose,8.794137954711914,5.471806049346924,-0.4621734941254801)
(object,0.75019884,-2.3561945)
(pose,8.794137954711914,5.471806049346924,-0.4621734941254801)
(object,0.7714622,-2.3561945)
(pose,8.794137954711914,5.471806049346924,-0.4621734941254801)
(object,0.7525551,-2.3561945)
(pose,8.794137954711914,5.471806049346924,-0.4621734941254801)
(object,0.75163454,-2.3561945)
(pose,8.794137954711914,5.471806049346924,-0.4621734941254801)
(object,0.74526644,-2.3561945)
(pose,8.794137954711914,5.471806049346924,-0.4621734941254801)
(object,0.75526124,-2.3561945)
(pose,8.794137954711914,5.471806049346924,-0.4621734941254801)
(object,0.74575263,-2.3561945)
(pose,8.794137954711914,5.471806049346924,-0.4621734941254801)
(object,0.7490249,-2.3561945)
(pose,8.794137954711914,5.471806049346924,-0.4621734941254801)
(object,0.7752175,-2.3561945)
(pose,8.794137954711914,5.471806049346924,-0.4621734941254801)
(object,0.7615041,-2.3561945)
(pose,8.794137954711914,5.471806049346924,-0.4621734941254801)
(object,0.7531181,-2.3561945)
(pose,8.794137954711914,5.471806049346924,-0.4621734941254801)
(object,0.7516694,-2.3561945)
(pose,8.794137954711914,5.471806049346924,-0.4621734941254801)
(object,0.74485475,-2.3561945)
(pose,8.794137954711914,5.471806049346924,-0.4621734941254801)
(object,0.75215626,-2.3561945)
(pose,8.794137954711914,5.471806049346924,-0.4621734941254801)
(object,0.7570356,-2.3561945)
(pose,8.794137954711914,5.471806049346924,-0.4621734941254801)
(object,0.76310915,-2.3561945)
(pose,8.794137954711914,5.471806049346924,-0.4621734941254801)
(object,0.7525496,-2.3561945)
(pose,8.794137954711914,5.471806049346924,-0.4621734941254801)
(object,0.76476026,-2.3561945)
(pose,8.794137954711914,5.471806049346924,-0.4621734941254801)
(object,0.7507709,-2.3561945)
(pose,8.794137954711914,5.471806049346924,-0.4621734941254801)
(object,0.7521597,-2.3561945)
(pose,8.794137954711914,5.471806049346924,-0.4621734941254801)
(object,0.7481769,-2.3561945)
(pose,8.794137954711914,5.471806049346924,-0.4621734941254801)
(object,0.7552586,-2.3561945)
(pose,8.794137954711914,5.471806049346924,-0.4621734941254801)
(object,0.75193393,-2.3561945)
(pose,8.794137954711914,5.471806049346924,-0.4621734941254801)
(object,0.76822877,-2.3561945)
(pose,8.794137954711914,5.471806049346924,-0.4621734941254801)
(object,0.754805,-2.3561945)
(pose,8.794137954711914,5.471806049346924,-0.4621734941254801)
(object,0.7626024,-2.3561945)
(pose,8.794137954711914,5.471806049346924,-0.4621734941254801)
(object,0.7449138,-2.3561945)
(pose,8.794137954711914,5.471806049346924,-0.4621734941254801)
(object,0.7532349,-2.3561945)
(pose,8.794137954711914,5.471806049346924,-0.4621734941254801)
(object,0.7504377,-2.3561945)
(pose,8.794137954711914,5.471806049346924,-0.4621734941254801)
(object,0.76041317,-2.3561945)
(pose,8.794137954711914,5.471806049346924,-0.4621734941254801)
(object,0.7629877,-2.3561945)
(pose,8.794137954711914,5.471806049346924,-0.4621734941254801)
(object,0.7743612,-2.3561945)
(pose,8.794137954711914,5.471806049346924,-0.4621734941254801)
(object,0.7600231,-2.3561945)
(pose,8.794137954711914,5.471806049346924,-0.4621734941254801)
(object,0.75770646,-2.3561945)
(pose,8.794137954711914,5.471806049346924,-0.4621734941254801)
(object,0.7645866,-2.3561945)
(pose,8.794137954711914,5.471806049346924,-0.4621734941254801)
(object,0.75421333,-2.3561945)
(pose,8.794137954711914,5.471806049346924,-0.4621734941254801)
(object,0.7716824,-2.3561945)
(pose,8.794137954711914,5.471806049346924,-0.4621734941254801)
(object,0.7253417,-2.3561945)
(pose,8.794137954711914,5.471806049346924,-0.4621734941254801)
(object,0.7573859,-2.3561945)
(pose,8.794137954711914,5.471806049346924,-0.4621734941254801)
(object,0.7598089,-2.3561945)
(pose,8.794137954711914,5.471806049346924,-0.4621734941254801)
(object,0.7547043,-2.3561945)
(pose,8.794137954711914,5.471806049346924,-0.4621734941254801)
(object,0.76049,-2.3561945)
(pose,8.794137954711914,5.471806049346924,-0.4621734941254801)
(object,0.7713056,-2.3561945)
(pose,8.794137954711914,5.471806049346924,-0.4621734941254801)
(object,0.7494513,-2.3561945)
(pose,8.794137954711914,5.471806049346924,-0.4621734941254801)
(object,0.75706816,-2.3561945)
(pose,8.794137954711914,5.471806049346924,-0.4621734941254801)
(object,0.7586994,-2.3561945)
(pose,8.794137954711914,5.471806049346924,-0.4621734941254801)
(object,0.7659679,-2.3561945)
(pose,8.794137954711914,5.471806049346924,-0.4621734941254801)
(object,0.7281741,-2.3561945)
(pose,8.794137954711914,5.471806049346924,-0.4621734941254801)
(object,0.7626265,-2.3561945)
(pose,8.794137954711914,5.471806049346924,-0.4621734941254801)
(object,0.7561938,-2.3561945)
(pose,8.794137954711914,5.471806049346924,-0.4621734941254801)
(object,0.75819486,-2.3561945)
(pose,8.794137954711914,5.471806049346924,-0.4621734941254801)
(object,0.7459121,-2.3561945)
(pose,8.794137954711914,5.471806049346924,-0.4621734941254801)
(object,0.74727637,-2.3561945)
(pose,8.794137954711914,5.471806049346924,-0.4621734941254801)
(object,0.7568097,-2.3561945)
(pose,8.794137954711914,5.471806049346924,-0.4621734941254801)
(object,0.7681658,-2.3561945)
(pose,8.794137954711914,5.471806049346924,-0.4621734941254801)
(object,0.7384516,-2.3561945)
(pose,8.794137954711914,5.471806049346924,-0.4621734941254801)
(object,0.74892765,-2.3561945)
(pose,8.794137954711914,5.471806049346924,-0.4621734941254801)
(object,0.73962885,-2.3561945)
(pose,8.794137954711914,5.471806049346924,-0.4621734941254801)
(object,0.73877037,-2.3561945)
(pose,8.794137954711914,5.471806049346924,-0.4621734941254801)
(object,0.76383895,-2.3561945)
(pose,8.794137954711914,5.471806049346924,-0.4621734941254801)
(object,0.7533822,-2.3561945)
(pose,8.794137954711914,5.471806049346924,-0.4621734941254801)
(object,0.763556,-2.3561945)
(pose,8.794137954711914,5.471806049346924,-0.4621734941254801)
(object,0.76858324,-2.3561945)
(pose,8.794137954711914,5.471806049346924,-0.4621734941254801)
(object,0.76642835,-2.3561945)
(pose,8.794137954711914,5.471806049346924,-0.4621734941254801)
(object,0.74730927,-2.3561945)
(pose,8.794137954711914,5.471806049346924,-0.4621734941254801)
(object,0.7595498,-2.3561945)
(pose,8.794137954711914,5.471806049346924,-0.4621734941254801)
(object,0.76904213,-2.3561945)
(pose,8.794137954711914,5.471806049346924,-0.4621734941254801)
(object,0.7639907,-2.3561945)
(pose,8.794137954711914,5.471806049346924,-0.4621734941254801)
(object,0.7617553,-2.3561945)
(pose,8.794137954711914,5.471806049346924,-0.4621734941254801)
(object,0.7471243,-2.3561945)
(pose,8.794137954711914,5.471806049346924,-0.4621734941254801)
(object,0.7412759,-2.3561945)
(pose,8.794137954711914,5.471806049346924,-0.4621734941254801)
(object,0.7738155,-2.3561945)
(pose,8.794137954711914,5.471806049346924,-0.4621734941254801)
(object,0.76105005,-2.3561945)
(pose,8.794137954711914,5.471806049346924,-0.4621734941254801)
(object,0.75018114,-2.3561945)
(pose,8.794137954711914,5.471806049346924,-0.4621734941254801)
(object,0.76509786,-2.3561945)
(pose,8.794137954711914,5.471806049346924,-0.4621734941254801)
(object,0.7513021,-2.3561945)
(pose,8.794137954711914,5.471806049346924,-0.4621734941254801)
(object,0.7646336,-2.3561945)
(pose,8.794137954711914,5.471806049346924,-0.4621734941254801)
(object,0.7584586,-2.3561945)
(pose,8.794137954711914,5.471806049346924,-0.4621734941254801)
(object,0.7535722,-2.3561945)
(pose,8.794137954711914,5.471806049346924,-0.4621734941254801)
(object,0.76289505,-2.3561945)
(pose,8.794137954711914,5.471806049346924,-0.4621734941254801)
(object,0.7493946,-2.3561945)
(pose,8.794137954711914,5.471806049346924,-0.4621734941254801)
(object,0.7818177,-2.3561945)
(pose,8.794137954711914,5.471806049346924,-0.4621734941254801)
(object,0.7570754,-2.3561945)
(pose,8.794137954711914,5.471806049346924,-0.4621734941254801)
(object,0.75860906,-2.3561945)
(pose,8.794137954711914,5.471806049346924,-0.4621734941254801)
(object,0.7535643,-2.3561945)
(pose,8.794137954711914,5.471806049346924,-0.4621734941254801)
(object,0.76065654,-2.3561945)
(pose,8.794137954711914,5.471806049346924,-0.4621734941254801)
(object,0.7730251,-2.3561945)
(pose,8.794137954711914,5.471806049346924,-0.4621734941254801)
(object,0.7450417,-2.3561945)
(pose,8.794137954711914,5.471806049346924,-0.4621734941254801)
(object,0.76089597,-2.3561945)
(pose,8.794137954711914,5.471806049346924,-0.4621734941254801)
(object,0.75146705,-2.3561945)
(pose,8.794137954711914,5.471806049346924,-0.4621734941254801)
(object,0.73920995,-2.3561945)
(pose,8.794137954711914,5.471806049346924,-0.4621734941254801)
(object,0.7704424,-2.3561945)
(pose,8.794137954711914,5.471806049346924,-0.4621734941254801)
(object,0.772977,-2.3561945)
(pose,8.794137954711914,5.471806049346924,-0.4621734941254801)
(object,0.75150204,-2.3561945)
(pose,8.794137954711914,5.471806049346924,-0.4621734941254801)
(object,0.7412064,-2.3561945)
(pose,8.794137954711914,5.471806049346924,-0.4621734941254801)
(object,0.7428753,-2.3561945)
(pose,8.794137954711914,5.471806049346924,-0.4621734941254801)
(object,0.7571095,-2.3561945)
(pose,8.794137954711914,5.471806049346924,-0.4621734941254801)
(object,0.7605915,-2.3561945)
(pose,8.794137954711914,5.471806049346924,-0.4621734941254801)
(object,0.749926,-2.3561945)
(pose,8.794137954711914,5.471806049346924,-0.4621734941254801)
(object,0.745728,-2.3561945)
(pose,8.794137954711914,5.471806049346924,-0.4621734941254801)
(object,0.7477713,-2.3561945)
(pose,8.794137954711914,5.471806049346924,-0.4621734941254801)
(object,0.7593466,-2.3561945)
(pose,8.794137954711914,5.471806049346924,-0.4621734941254801)
(object,0.7604023,-2.3561945)
(pose,8.794137954711914,5.471806049346924,-0.4621734941254801)
(object,0.76365745,-2.3561945)
(pose,8.794137954711914,5.471806049346924,-0.4621734941254801)
(object,0.7411954,-2.3561945)
(pose,8.794137954711914,5.471806049346924,-0.4621734941254801)
(object,0.7680123,-2.3561945)
(pose,8.794137954711914,5.471806049346924,-0.4621734941254801)
(object,0.7572568,-2.3561945)
(pose,8.794137954711914,5.471806049346924,-0.4621734941254801)
(object,0.76334137,-2.3561945)
(pose,8.794137954711914,5.471806049346924,-0.4621734941254801)
(object,0.7598166,-2.3561945)
(pose,8.794137954711914,5.471806049346924,-0.4621734941254801)
(object,0.7548648,-2.3561945)
(pose,8.794137954711914,5.471806049346924,-0.4621734941254801)
(object,0.74433327,-2.3561945)
(pose,8.794137954711914,5.471806049346924,-0.4621734941254801)
(object,0.74151593,-2.3561945)
(pose,8.794137954711914,5.471806049346924,-0.4621734941254801)
(object,0.7559504,-2.3561945)
(pose,8.794137954711914,5.471806049346924,-0.4621734941254801)
(object,0.7500694,-2.3561945)
(pose,8.794137954711914,5.471806049346924,-0.4621734941254801)
(object,0.7670022,-2.3561945)
(pose,8.794137954711914,5.471806049346924,-0.4621734941254801)
(object,0.7346397,-2.3561945)
(pose,8.794137954711914,5.471806049346924,-0.4621734941254801)
(object,0.76851505,-2.3561945)
(pose,8.794137954711914,5.471806049346924,-0.4621734941254801)
(object,0.7571459,-2.3561945)
(pose,8.794137954711914,5.471806049346924,-0.4621734941254801)
(object,0.750094,-2.3561945)
(pose,8.794137954711914,5.471806049346924,-0.4621734941254801)
(object,0.7557254,-2.3561945)
(pose,8.794137954711914,5.471806049346924,-0.4621734941254801)
(object,0.7483091,-2.3561945)
(pose,8.794137954711914,5.471806049346924,-0.4621734941254801)
(object,0.7615114,-2.3561945)
(pose,8.794137954711914,5.471806049346924,-0.4621734941254801)
(object,0.76339895,-2.3561945)
(pose,8.794137954711914,5.471806049346924,-0.4621734941254801)
(object,0.7553823,-2.3561945)
(pose,8.794137954711914,5.471806049346924,-0.4621734941254801)
(object,0.7791956,-2.3561945)
(pose,8.794137954711914,5.471806049346924,-0.4621734941254801)
(object,0.73775643,-2.3561945)
(pose,8.794137954711914,5.471806049346924,-0.4621734941254801)
(object,0.7539383,-2.3561945)
(pose,8.794137954711914,5.471806049346924,-0.4621734941254801)
(object,0.74613726,-2.3561945)
(pose,8.794137954711914,5.471806049346924,-0.4621734941254801)
(object,0.7531086,-2.3561945)
(pose,8.794137954711914,5.471806049346924,-0.4621734941254801)
(object,0.7503342,-2.3561945)
(pose,8.794137954711914,5.471806049346924,-0.4621734941254801)
(object,0.76347256,-2.3561945)
(pose,8.794137954711914,5.471806049346924,-0.4621734941254801)
(object,0.75154597,-2.3561945)
(pose,8.794137954711914,5.471806049346924,-0.4621734941254801)
(object,0.7728322,-2.3561945)
(pose,8.794137954711914,5.471806049346924,-0.4621734941254801)
(object,0.7550407,-2.3561945)
(pose,8.794137954711914,5.471806049346924,-0.4621734941254801)
(object,0.74733263,-2.3561945)
(pose,8.794137954711914,5.471806049346924,-0.4621734941254801)
(object,0.75552297,-2.3561945)
(pose,8.794137954711914,5.471806049346924,-0.4621734941254801)
(object,0.76477474,-2.3561945)
(pose,8.794137954711914,5.471806049346924,-0.4621734941254801)
(object,0.7418991,-2.3561945)
(pose,8.794137954711914,5.471806049346924,-0.4621734941254801)
(object,0.7381865,-2.3561945)
(pose,8.794137954711914,5.471806049346924,-0.4621734941254801)
(object,0.74768424,-2.3561945)
(pose,8.794137954711914,5.471806049346924,-0.4621734941254801)
(object,0.7503678,-2.3561945)
(pose,8.794137954711914,5.471806049346924,-0.4621734941254801)
(object,0.7386271,-2.3561945)
(pose,8.794137954711914,5.471806049346924,-0.4621734941254801)
(object,0.7482596,-2.3561945)
(pose,8.794137954711914,5.471806049346924,-0.4621734941254801)
(object,0.760442,-2.3561945)
(pose,8.794137954711914,5.471806049346924,-0.4621734941254801)
(object,0.7561166,-2.3561945)
(pose,8.794137954711914,5.471806049346924,-0.4621734941254801)
(object,0.7800952,-2.3561945)
(pose,8.794137954711914,5.471806049346924,-0.4621734941254801)
(object,0.75622404,-2.3561945)
(pose,8.794137954711914,5.471806049346924,-0.4621734941254801)
(object,0.7662078,-2.3561945)
(pose,8.794137954711914,5.471806049346924,-0.4621734941254801)
(object,0.75851613,-2.3561945)
(pose,8.794137954711914,5.471806049346924,-0.4621734941254801)
(object,0.7634548,-2.3561945)
(pose,8.794137954711914,5.471806049346924,-0.4621734941254801)
(object,0.7473275,-2.3561945)
(pose,8.794137954711914,5.471806049346924,-0.4621734941254801)
(object,0.76432216,-2.3561945)
(pose,8.794137954711914,5.471806049346924,-0.4621734941254801)
(object,0.75361246,-2.3561945)
(pose,8.794137954711914,5.471806049346924,-0.4621734941254801)
(object,0.74878496,-2.3561945)
(pose,8.794137954711914,5.471806049346924,-0.4621734941254801)
(object,0.7512937,-2.3561945)
(pose,8.794137954711914,5.471806049346924,-0.4621734941254801)
(object,0.7469884,-2.3561945)
(pose,8.794137954711914,5.471806049346924,-0.4621734941254801)
(object,0.75220525,-2.3561945)
(pose,8.794137954711914,5.471806049346924,-0.4621734941254801)
(object,0.76926583,-2.3561945)
(pose,8.794137954711914,5.471806049346924,-0.4621734941254801)
(object,0.76191336,-2.3561945)
(pose,8.794137954711914,5.471806049346924,-0.4621734941254801)
(object,0.76308954,-2.3561945)
(pose,8.794137954711914,5.471806049346924,-0.4621734941254801)
(pose,8.794137954711914,5.471806049346924,-0.4621734941254801)
(object,0.74383724,-2.3561945)
(pose,8.794137954711914,5.471806049346924,-0.4621734941254801)
(object,0.75174457,-2.3561945)
(pose,8.794137954711914,5.471806049346924,-0.4621734941254801)
(object,0.7648718,-2.3561945)
(pose,8.794137954711914,5.471806049346924,-0.4621734941254801)
(object,0.771084,-2.3561945)
(pose,8.794137954711914,5.471806049346924,-0.4621734941254801)
(object,0.75729656,-2.3561945)
(pose,8.794137954711914,5.471806049346924,-0.4621734941254801)
(object,0.74967784,-2.3561945)
(pose,8.794137954711914,5.471806049346924,-0.4621734941254801)
(object,0.7427361,-2.3561945)
(pose,8.794137954711914,5.471806049346924,-0.4621734941254801)
(object,0.739817,-2.3561945)
(pose,8.794137954711914,5.471806049346924,-0.4621734941254801)
(object,0.75764227,-2.3561945)
(pose,8.794137954711914,5.471806049346924,-0.4621734941254801)
(object,0.7708757,-2.3561945)
(pose,8.794137954711914,5.471806049346924,-0.4621734941254801)
(object,0.7572914,-2.3561945)
(pose,8.794137954711914,5.471806049346924,-0.4621734941254801)
(object,0.7545201,-2.3561945)
(pose,8.794137954711914,5.471806049346924,-0.4621734941254801)
(object,0.7513668,-2.3561945)
(pose,8.794137954711914,5.471806049346924,-0.4621734941254801)
(object,0.7571114,-2.3561945)
(pose,8.794137954711914,5.471806049346924,-0.4621734941254801)
(object,0.7663405,-2.3561945)
(pose,8.794137954711914,5.471806049346924,-0.4621734941254801)
(object,0.74965405,-2.3561945)
(pose,8.794137954711914,5.471806049346924,-0.4621734941254801)
(object,0.7696549,-2.3561945)
(pose,8.794137954711914,5.471806049346924,-0.4621734941254801)
(object,0.7493458,-2.3561945)
(pose,8.794137954711914,5.471806049346924,-0.4621734941254801)
(object,0.75853586,-2.3561945)
(pose,8.794137954711914,5.471806049346924,-0.4621734941254801)
(object,0.74098057,-2.3561945)
(pose,8.794137954711914,5.471806049346924,-0.4621734941254801)
(object,0.76055104,-2.3561945)
(pose,8.794137954711914,5.471806049346924,-0.4621734941254801)
(object,0.7443132,-2.3561945)
(pose,8.794137954711914,5.471806049346924,-0.4621734941254801)
(object,0.73906386,-2.3561945)
(pose,8.794137954711914,5.471806049346924,-0.4621734941254801)
(object,0.77874446,-2.3561945)
(pose,8.794137954711914,5.471806049346924,-0.4621734941254801)
(object,0.7590161,-2.3561945)
(pose,8.794137954711914,5.471806049346924,-0.4621734941254801)
(object,0.7656325,-2.3561945)
(pose,8.794137954711914,5.471806049346924,-0.4621734941254801)
(object,0.7614055,-2.3561945)
(pose,8.794137954711914,5.471806049346924,-0.4621734941254801)
(object,0.72762394,-2.3561945)
(pose,8.794137954711914,5.471806049346924,-0.4621734941254801)
(object,0.7617774,-2.3561945)
(pose,8.794137954711914,5.471806049346924,-0.4621734941254801)
(object,0.7492923,-2.3561945)
(pose,8.794137954711914,5.471806049346924,-0.4621734941254801)
(object,0.7665954,-2.3561945)
(pose,8.794137954711914,5.471806049346924,-0.4621734941254801)
(object,0.75927013,-2.3561945)
(pose,8.794137954711914,5.471806049346924,-0.4621734941254801)
(object,0.75485945,-2.3561945)
(pose,8.794137954711914,5.471806049346924,-0.4621734941254801)
(object,0.7531479,-2.3561945)
(pose,8.794137954711914,5.471806049346924,-0.4621734941254801)
(object,0.7610841,-2.3561945)
(pose,8.794137954711914,5.471806049346924,-0.4621734941254801)
(object,0.7634852,-2.3561945)
(pose,8.794137954711914,5.471806049346924,-0.4621734941254801)
(object,0.7655692,-2.3561945)
(pose,8.794137954711914,5.471806049346924,-0.4621734941254801)
(object,0.7446438,-2.3561945)
(pose,8.794137954711914,5.471806049346924,-0.4621734941254801)
(object,0.74681693,-2.3561945)
(pose,8.794137954711914,5.471806049346924,-0.4621734941254801)
(object,0.7658632,-2.3561945)
(pose,8.794137954711914,5.471806049346924,-0.4621734941254801)
(object,0.7445609,-2.3561945)
(pose,8.794137954711914,5.471806049346924,-0.4621734941254801)
(object,0.75249636,-2.3561945)
(pose,8.794137954711914,5.471806049346924,-0.4621734941254801)
(object,0.74289453,-2.3561945)
(pose,8.794137954711914,5.471806049346924,-0.4621734941254801)
(object,0.7601235,-2.3561945)
(pose,8.794137954711914,5.471806049346924,-0.4621734941254801)
(object,0.7776364,-2.3561945)
(pose,8.794137954711914,5.471806049346924,-0.4621734941254801)
(object,0.75701714,-2.3561945)
(pose,8.794137954711914,5.471806049346924,-0.4621734941254801)
(object,0.75707763,-2.3561945)
(pose,8.794137954711914,5.471806049346924,-0.4621734941254801)
(object,0.77513945,-2.3561945)
(pose,8.794137954711914,5.471806049346924,-0.4621734941254801)
(object,0.74698675,-2.3561945)
(pose,8.794137954711914,5.471806049346924,-0.4621734941254801)
(object,0.7448529,-2.3561945)
(pose,8.794137954711914,5.471806049346924,-0.4621734941254801)
(object,0.7546131,-2.3561945)
(pose,8.794137954711914,5.471806049346924,-0.4621734941254801)
(object,0.7347053,-2.3561945)
(pose,8.794137954711914,5.471806049346924,-0.4621734941254801)
(object,0.7566951,-2.3561945)
(pose,8.794137954711914,5.471806049346924,-0.4621734941254801)
(object,0.7514464,-2.3561945)
(pose,8.794137954711914,5.471806049346924,-0.4621734941254801)
(object,0.7377691,-2.3561945)
(pose,8.794137954711914,5.471806049346924,-0.4621734941254801)
(object,0.7548057,-2.3561945)
(pose,8.794137954711914,5.471806049346924,-0.4621734941254801)
(object,0.76560724,-2.3561945)
(pose,8.794137954711914,5.471806049346924,-0.4621734941254801)
(object,0.75840366,-2.3561945)
(pose,8.794137954711914,5.471806049346924,-0.4621734941254801)
(object,0.7405175,-2.3561945)
(pose,8.794137954711914,5.471806049346924,-0.4621734941254801)
(object,0.7686589,-2.3561945)
(pose,8.794137954711914,5.471806049346924,-0.4621734941254801)
(object,0.77885383,-2.3561945)
(pose,8.794137954711914,5.471806049346924,-0.4621734941254801)
(object,0.7482273,-2.3561945)
(pose,8.794137954711914,5.471806049346924,-0.4621734941254801)
(object,0.7611802,-2.3561945)
(pose,8.794137954711914,5.471806049346924,-0.4621734941254801)
(object,0.7681991,-2.3561945)
(pose,8.794137954711914,5.471806049346924,-0.4621734941254801)
(object,0.7595366,-2.3561945)
(pose,8.794137954711914,5.471806049346924,-0.4621734941254801)
(object,0.76431507,-2.3561945)
(pose,8.794137954711914,5.471806049346924,-0.4621734941254801)
(object,0.77972066,-2.3561945)
(pose,8.794137954711914,5.471806049346924,-0.4621734941254801)
(object,0.76074207,-2.3561945)
(pose,8.794137954711914,5.471806049346924,-0.4621734941254801)
(object,0.75567055,-2.3561945)
(pose,8.794137954711914,5.471806049346924,-0.4621734941254801)
(object,0.7530675,-2.3561945)
(pose,8.794137954711914,5.471806049346924,-0.4621734941254801)
(pose,8.794137954711914,5.471806049346924,-0.4621734941254801)
(object,0.77162254,-2.3561945)
(pose,8.794137954711914,5.471806049346924,-0.4621734941254801)
(object,0.7582581,-2.3561945)
(pose,8.794137954711914,5.471806049346924,-0.4621734941254801)
(object,0.7505537,-2.3561945)
(pose,8.794137954711914,5.471806049346924,-0.4621734941254801)
(object,0.76386,-2.3561945)
(pose,8.794137954711914,5.471806049346924,-0.4621734941254801)
(object,0.76021695,-2.3561945)
(pose,8.794137954711914,5.471806049346924,-0.4621734941254801)
(object,0.7597373,-2.3561945)
(pose,8.794137954711914,5.471806049346924,-0.4621734941254801)
(object,0.74474275,-2.3561945)
(pose,8.794137954711914,5.471806049346924,-0.4621734941254801)
(object,0.74382704,-2.3561945)
(pose,8.794137954711914,5.471806049346924,-0.4621734941254801)
(object,0.75628203,-2.3561945)
(pose,8.794137954711914,5.471806049346924,-0.4621734941254801)
(object,0.7532235,-2.3561945)
(pose,8.794137954711914,5.471806049346924,-0.4621734941254801)
(object,0.75864327,-2.3561945)
(pose,8.794137954711914,5.471806049346924,-0.4621734941254801)
(object,0.7590963,-2.3561945)
(pose,8.794137954711914,5.471806049346924,-0.4621734941254801)
(object,0.7610482,-2.3561945)
(pose,8.794137954711914,5.471806049346924,-0.4621734941254801)
(object,0.7461364,-2.3561945)
(pose,8.794137954711914,5.471806049346924,-0.4621734941254801)
(object,0.7454823,-2.3561945)
(pose,8.794137954711914,5.471806049346924,-0.4621734941254801)
(object,0.76739365,-2.3561945)
(pose,8.794137954711914,5.471806049346924,-0.4621734941254801)
(object,0.7635229,-2.3561945)
(pose,8.794137954711914,5.471806049346924,-0.4621734941254801)
(object,0.7501497,-2.3561945)
(pose,8.794137954711914,5.471806049346924,-0.4621734941254801)
(object,0.74855435,-2.3561945)
(pose,8.794137954711914,5.471806049346924,-0.4621734941254801)
(object,0.7584392,-2.3561945)
(pose,8.794137954711914,5.471806049346924,-0.4621734941254801)
(object,0.75846905,-2.3561945)
(pose,8.794137954711914,5.471806049346924,-0.4621734941254801)
(object,0.7684808,-2.3561945)
(pose,8.794137954711914,5.471806049346924,-0.4621734941254801)
(object,0.74391013,-2.3561945)
(pose,8.794137954711914,5.471806049346924,-0.4621734941254801)
(object,0.7448575,-2.3561945)
(pose,8.794137954711914,5.471806049346924,-0.4621734941254801)
(object,0.74404347,-2.3561945)
(pose,8.794137954711914,5.471806049346924,-0.4621734941254801)
(object,0.7277986,-2.3561945)
(pose,8.794137954711914,5.471806049346924,-0.4621734941254801)
(object,0.7584146,-2.3561945)
(pose,8.794137954711914,5.471806049346924,-0.4621734941254801)
(object,0.7301265,-2.3561945)
(pose,8.794137954711914,5.471806049346924,-0.4621734941254801)
(object,0.7469134,-2.3561945)
(pose,8.794137954711914,5.471806049346924,-0.4621734941254801)
(object,0.76273763,-2.3561945)
(pose,8.794137954711914,5.471806049346924,-0.4621734941254801)
(object,0.75275785,-2.3561945)
(pose,8.794137954711914,5.471806049346924,-0.4621734941254801)
(object,0.7516882,-2.3561945)
(pose,8.794137954711914,5.471806049346924,-0.4621734941254801)
(object,0.74750257,-2.3561945)
(pose,8.794137954711914,5.471806049346924,-0.4621734941254801)
(object,0.7455943,-2.3561945)
(pose,8.794137954711914,5.471806049346924,-0.4621734941254801)
(object,0.748942,-2.3561945)
(pose,8.794137954711914,5.471806049346924,-0.4621734941254801)
(object,0.7654101,-2.3561945)
(pose,8.794137954711914,5.471806049346924,-0.4621734941254801)
(object,0.7484226,-2.3561945)
(pose,8.794137954711914,5.471806049346924,-0.4621734941254801)
(object,0.7634462,-2.3561945)
(pose,8.794137954711914,5.471806049346924,-0.4621734941254801)
(object,0.7804144,-2.3561945)
(pose,8.794137954711914,5.471806049346924,-0.4621734941254801)
(object,0.7621989,-2.3561945)
(pose,8.794137954711914,5.471806049346924,-0.4621734941254801)
(object,0.7541394,-2.3561945)
(pose,8.794137954711914,5.471806049346924,-0.4621734941254801)
(object,0.75078976,-2.3561945)
(pose,8.794137954711914,5.471806049346924,-0.4621734941254801)
(object,0.74303037,-2.3561945)
(pose,8.794137954711914,5.471806049346924,-0.4621734941254801)
(object,0.7449982,-2.3561945)
(pose,8.794137954711914,5.471806049346924,-0.4621734941254801)
(object,0.75540704,-2.3561945)
(pose,8.794137954711914,5.471806049346924,-0.4621734941254801)
(object,0.763903,-2.3561945)
(pose,8.794137954711914,5.471806049346924,-0.4621734941254801)
(object,0.75564736,-2.3561945)
(pose,8.794137954711914,5.471806049346924,-0.4621734941254801)
(object,0.75507087,-2.3561945)
(pose,8.794137954711914,5.471806049346924,-0.4621734941254801)
(object,0.739246,-2.3561945)
(pose,8.794137954711914,5.471806049346924,-0.4621734941254801)
(object,0.7603382,-2.3561945)
(pose,8.794137954711914,5.471806049346924,-0.4621734941254801)
(object,0.7608879,-2.3561945)
(pose,8.794137954711914,5.471806049346924,-0.4621734941254801)
(object,0.75698906,-2.3561945)
(pose,8.794137954711914,5.471806049346924,-0.4621734941254801)
(object,0.74271566,-2.3561945)
(pose,8.794137954711914,5.471806049346924,-0.4621734941254801)
(object,0.7458314,-2.3561945)
(pose,8.794137954711914,5.471806049346924,-0.4621734941254801)
(object,0.76405764,-2.3561945)
(pose,8.794137954711914,5.471806049346924,-0.4621734941254801)
(object,0.7768477,-2.3561945)
(pose,8.794137954711914,5.471806049346924,-0.4621734941254801)
(object,0.760317,-2.3561945)
(pose,8.794137954711914,5.471806049346924,-0.4621734941254801)
(object,0.7539348,-2.3561945)
(pose,8.794137954711914,5.471806049346924,-0.4621734941254801)
(object,0.7525386,-2.3561945)
(pose,8.794137954711914,5.471806049346924,-0.4621734941254801)
(pose,8.794137954711914,5.471806049346924,-0.4621734941254801)
(object,0.74854296,-2.3561945)
(pose,8.794137954711914,5.471806049346924,-0.4621734941254801)
(object,0.75736606,-2.3561945)
(pose,8.794137954711914,5.471806049346924,-0.4621734941254801)
(object,0.7489382,-2.3561945)
(pose,8.794137954711914,5.471806049346924,-0.4621734941254801)
(object,0.7639834,-2.3561945)
(pose,8.794137954711914,5.471806049346924,-0.4621734941254801)
(object,0.7690424,-2.3561945)
(pose,8.794137954711914,5.471806049346924,-0.4621734941254801)
(object,0.7605543,-2.3561945)
(pose,8.794137954711914,5.471806049346924,-0.4621734941254801)
(object,0.7625563,-2.3561945)
(pose,8.794137954711914,5.471806049346924,-0.4621734941254801)
(object,0.7603335,-2.3561945)
(pose,8.794137954711914,5.471806049346924,-0.4621734941254801)
(object,0.7509167,-2.3561945)
(pose,8.794137954711914,5.471806049346924,-0.4621734941254801)
(object,0.74776506,-2.3561945)
(pose,8.794137954711914,5.471806049346924,-0.4621734941254801)
(object,0.73497444,-2.3561945)
(pose,8.794137954711914,5.471806049346924,-0.4621734941254801)
(object,0.74490756,-2.3561945)
(pose,8.794137954711914,5.471806049346924,-0.4621734941254801)
(object,0.772926,-2.3561945)
(pose,8.794137954711914,5.471806049346924,-0.4621734941254801)
(object,0.7624104,-2.3561945)
(pose,8.794137954711914,5.471806049346924,-0.4621734941254801)
(object,0.75957566,-2.3561945)
(pose,8.794137954711914,5.471806049346924,-0.4621734941254801)
(object,0.75937545,-2.3561945)
(pose,8.794137954711914,5.471806049346924,-0.4621734941254801)
(object,0.74774945,-2.3561945)
(pose,8.794137954711914,5.471806049346924,-0.4621734941254801)
(object,0.7317662,-2.3561945)
(pose,8.794137954711914,5.471806049346924,-0.4621734941254801)
(object,0.7583844,-2.3561945)
(pose,8.794137954711914,5.471806049346924,-0.4621734941254801)
(object,0.7616213,-2.3561945)
(pose,8.794137954711914,5.471806049346924,-0.4621734941254801)
(object,0.7777293,-2.3561945)
(pose,8.794137954711914,5.471806049346924,-0.4621734941254801)
(object,0.75677377,-2.3561945)
(pose,8.794137954711914,5.471806049346924,-0.4621734941254801)
(object,0.74309516,-2.3561945)
(pose,8.794137954711914,5.471806049346924,-0.4621734941254801)
(object,0.7483462,-2.3561945)
(pose,8.794137954711914,5.471806049346924,-0.4621734941254801)
(object,0.7683503,-2.3561945)
(pose,8.794137954711914,5.471806049346924,-0.4621734941254801)
(object,0.7530415,-2.3561945)
(pose,8.794137954711914,5.471806049346924,-0.4621734941254801)
(object,0.74999726,-2.3561945)
(pose,8.794137954711914,5.471806049346924,-0.4621734941254801)
(object,0.7711438,-2.3561945)
(pose,8.794137954711914,5.471806049346924,-0.4621734941254801)
(object,0.75076544,-2.3561945)
(pose,8.794137954711914,5.471806049346924,-0.4621734941254801)
(object,0.7483229,-2.3561945)
(pose,8.794137954711914,5.471806049346924,-0.4621734941254801)
(object,0.7524558,-2.3561945)
(pose,8.794137954711914,5.471806049346924,-0.4621734941254801)
(object,0.7548973,-2.3561945)
(pose,8.794137954711914,5.471806049346924,-0.4621734941254801)
(object,0.767985,-2.3561945)
(pose,8.794137954711914,5.471806049346924,-0.4621734941254801)
(object,0.7606094,-2.3561945)
(pose,8.794137954711914,5.471806049346924,-0.4621734941254801)
(object,0.75801086,-2.3561945)
(pose,8.794137954711914,5.471806049346924,-0.4621734941254801)
(object,0.74659467,-2.3561945)
(pose,8.794137954711914,5.471806049346924,-0.4621734941254801)
(object,0.7686773,-2.3561945)
(pose,8.794137954711914,5.471806049346924,-0.4621734941254801)
(object,0.75612354,-2.3561945)
(pose,8.794137954711914,5.471806049346924,-0.4621734941254801)
(object,0.75393575,-2.3561945)
(pose,8.794137954711914,5.471806049346924,-0.4621734941254801)
(object,0.7702039,-2.3561945)
(pose,8.794137954711914,5.471806049346924,-0.4621734941254801)
(object,0.77948534,-2.3561945)
(pose,8.794137954711914,5.471806049346924,-0.4621734941254801)
(object,0.74974215,-2.3561945)
(pose,8.794137954711914,5.471806049346924,-0.4621734941254801)
(object,0.75268877,-2.3561945)
(pose,8.794137954711914,5.471806049346924,-0.4621734941254801)
(object,0.76908845,-2.3561945)
(pose,8.794137954711914,5.471806049346924,-0.4621734941254801)
(object,0.7455755,-2.3561945)
(pose,8.794137954711914,5.471806049346924,-0.4621734941254801)
(object,0.76809555,-2.3561945)
(pose,8.794137954711914,5.471806049346924,-0.4621734941254801)
(object,0.74013454,-2.3561945)
(pose,8.794137954711914,5.471806049346924,-0.4621734941254801)
(object,0.7435617,-2.3561945)
(pose,8.794137954711914,5.471806049346924,-0.4621734941254801)
(object,0.746225,-2.3561945)
(pose,8.794137954711914,5.471806049346924,-0.4621734941254801)
(object,0.7773736,-2.3561945)
(pose,8.794137954711914,5.471806049346924,-0.4621734941254801)
(object,0.77485687,-2.3561945)
(pose,8.794137954711914,5.471806049346924,-0.4621734941254801)
(object,0.7481825,-2.3561945)
(pose,8.794137954711914,5.471806049346924,-0.4621734941254801)
(object,0.74192935,-2.3561945)
(pose,8.794137954711914,5.471806049346924,-0.4621734941254801)
(object,0.76319516,-2.3561945)
(pose,8.794137954711914,5.471806049346924,-0.4621734941254801)
(object,0.7520372,-2.3561945)
(pose,8.794137954711914,5.471806049346924,-0.4621734941254801)
(object,0.76854616,-2.3561945)
(pose,8.794137954711914,5.471806049346924,-0.4621734941254801)
(object,0.757695,-2.3561945)
(pose,8.794137954711914,5.471806049346924,-0.4621734941254801)
(object,0.75833887,-2.3561945)
(pose,8.794137954711914,5.471806049346924,-0.4621734941254801)
(object,0.752616,-2.3561945)
(pose,8.794137954711914,5.471806049346924,-0.4621734941254801)
(object,0.74464285,-2.3561945)
(pose,8.794137954711914,5.471806049346924,-0.4621734941254801)
(object,0.7720026,-2.3561945)
(pose,8.794137954711914,5.471806049346924,-0.4621734941254801)
(object,0.7661091,-2.3561945)
(pose,8.794137954711914,5.471806049346924,-0.4621734941254801)
(object,0.7657372,-2.3561945)
(pose,8.794137954711914,5.471806049346924,-0.4621734941254801)
(object,0.7690073,-2.3561945)
(pose,8.794137954711914,5.471806049346924,-0.4621734941254801)
(object,0.7634803,-2.3561945)
(pose,8.794137954711914,5.471806049346924,-0.4621734941254801)
(object,0.76891935,-2.3561945)
(pose,8.794137954711914,5.471806049346924,-0.4621734941254801)
(object,0.7473446,-2.3561945)
(pose,8.794137954711914,5.471806049346924,-0.4621734941254801)
(object,0.7442336,-2.3561945)
(pose,8.794137954711914,5.471806049346924,-0.4621734941254801)
(object,0.76523745,-2.3561945)
(pose,8.794137954711914,5.471806049346924,-0.4621734941254801)
(object,0.7347791,-2.3561945)
(pose,8.794137954711914,5.471806049346924,-0.4621734941254801)
(object,0.7641315,-2.3561945)
(pose,8.794137954711914,5.471806049346924,-0.4621734941254801)
(object,0.75254273,-2.3561945)
(pose,8.794137954711914,5.471806049346924,-0.4621734941254801)
(object,0.748523,-2.3561945)
(pose,8.794137954711914,5.471806049346924,-0.4621734941254801)
(object,0.74432594,-2.3561945)
(pose,8.794137954711914,5.471806049346924,-0.4621734941254801)
(object,0.7410157,-2.3561945)
(pose,8.794137954711914,5.471806049346924,-0.4621734941254801)
(object,0.7447643,-2.3561945)
(pose,8.794137954711914,5.471806049346924,-0.4621734941254801)
(object,0.76604295,-2.3561945)
(pose,8.794137954711914,5.471806049346924,-0.4621734941254801)
(object,0.7509066,-2.3561945)
(pose,8.794137954711914,5.471806049346924,-0.4621734941254801)
(object,0.75705355,-2.3561945)
(pose,8.794137954711914,5.471806049346924,-0.4621734941254801)
(object,0.7638179,-2.3561945)
(pose,8.794137954711914,5.471806049346924,-0.4621734941254801)
(object,0.7441543,-2.3561945)
(pose,8.794137954711914,5.471806049346924,-0.4621734941254801)
(object,0.7553911,-2.3561945)
(pose,8.794137954711914,5.471806049346924,-0.4621734941254801)
(object,0.779367,-2.3561945)
(pose,8.794137954711914,5.471806049346924,-0.4621734941254801)
(object,0.7570341,-2.3561945)
(pose,8.794137954711914,5.471806049346924,-0.4621734941254801)
(object,0.77008355,-2.3561945)
(pose,8.794137954711914,5.471806049346924,-0.4621734941254801)
(object,0.7604972,-2.3561945)
(pose,8.794137954711914,5.471806049346924,-0.4621734941254801)
(object,0.7337176,-2.3561945)
(pose,8.794137954711914,5.471806049346924,-0.4621734941254801)
(object,0.7585741,-2.3561945)
(pose,8.794137954711914,5.471806049346924,-0.4621734941254801)
(object,0.7608889,-2.3561945)
(pose,8.794137954711914,5.471806049346924,-0.4621734941254801)
(object,0.7675345,-2.3561945)
(pose,8.794137954711914,5.471806049346924,-0.4621734941254801)
(object,0.75059754,-2.3561945)
(pose,8.794137954711914,5.471806049346924,-0.4621734941254801)
(object,0.7408756,-2.3561945)
(pose,8.794137954711914,5.471806049346924,-0.4621734941254801)
(object,0.7469802,-2.3561945)
(pose,8.794137954711914,5.471806049346924,-0.4621734941254801)
(object,0.748106,-2.3561945)
(pose,8.794137954711914,5.471806049346924,-0.4621734941254801)
(object,0.78220356,-2.3561945)
(pose,8.794137954711914,5.471806049346924,-0.4621734941254801)
(object,0.7609938,-2.3561945)
(pose,8.794137954711914,5.471806049346924,-0.4621734941254801)
(object,0.7591796,-2.3561945)
(pose,8.794137954711914,5.471806049346924,-0.4621734941254801)
(object,0.75552154,-2.3561945)
(pose,8.794137954711914,5.471806049346924,-0.4621734941254801)
(object,0.730905,-2.3561945)
(pose,8.794137954711914,5.471806049346924,-0.4621734941254801)
(object,0.76256025,-2.3561945)
(pose,8.794137954711914,5.471806049346924,-0.4621734941254801)
(object,0.7788405,-2.3561945)
(pose,8.794137954711914,5.471806049346924,-0.4621734941254801)
(object,0.7599964,-2.3561945)
(pose,8.794137954711914,5.471806049346924,-0.4621734941254801)
(object,0.75352085,-2.3561945)
(pose,8.794137954711914,5.471806049346924,-0.4621734941254801)
(object,0.74510604,-2.3561945)
(pose,8.794137954711914,5.471806049346924,-0.4621734941254801)
(object,0.74637806,-2.3561945)
(pose,8.794137954711914,5.471806049346924,-0.4621734941254801)
(object,0.7397706,-2.3561945)
(pose,8.794137954711914,5.471806049346924,-0.4621734941254801)
(object,0.73381436,-2.3561945)
(pose,8.794137954711914,5.471806049346924,-0.4621734941254801)
(object,0.74628574,-2.3561945)
(pose,8.794137954711914,5.471806049346924,-0.4621734941254801)
(object,0.744873,-2.3561945)
(pose,8.794137954711914,5.471806049346924,-0.4621734941254801)
(object,0.7709099,-2.3561945)
(pose,8.794137954711914,5.471806049346924,-0.4621734941254801)
(object,0.75538385,-2.3561945)
(pose,8.794137954711914,5.471806049346924,-0.4621734941254801)
(object,0.76083916,-2.3561945)
(pose,8.794137954711914,5.471806049346924,-0.4621734941254801)
(object,0.7566384,-2.3561945)
(pose,8.794137954711914,5.471806049346924,-0.4621734941254801)
(object,0.7513806,-2.3561945)
(pose,8.794137954711914,5.471806049346924,-0.4621734941254801)
(object,0.7480606,-2.3561945)
(pose,8.794137954711914,5.471806049346924,-0.4621734941254801)
(object,0.75832874,-2.3561945)
(pose,8.794137954711914,5.471806049346924,-0.4621734941254801)
(pose,8.794137954711914,5.471806049346924,-0.4621734941254801)
(object,0.7508639,-2.3561945)
(pose,8.794137954711914,5.471806049346924,-0.4621734941254801)
(object,0.7553693,-2.3561945)
(pose,8.794137954711914,5.471806049346924,-0.4621734941254801)
(object,0.7650529,-2.3561945)
(pose,8.794137954711914,5.471806049346924,-0.4621734941254801)
(object,0.7470246,-2.3561945)
(pose,8.794137954711914,5.471806049346924,-0.4621734941254801)
(object,0.7617006,-2.3561945)
(pose,8.794137954711914,5.471806049346924,-0.4621734941254801)
(object,0.74866277,-2.3561945)
(pose,8.794137954711914,5.471806049346924,-0.4621734941254801)
(object,0.730846,-2.3561945)
(pose,8.794137954711914,5.471806049346924,-0.4621734941254801)
(object,0.7550312,-2.3561945)
(pose,8.794137954711914,5.471806049346924,-0.4621734941254801)
(object,0.7636203,-2.3561945)
(pose,8.794137954711914,5.471806049346924,-0.4621734941254801)
(object,0.75692254,-2.3561945)
(pose,8.794137954711914,5.471806049346924,-0.4621734941254801)
(object,0.7564291,-2.3561945)
(pose,8.794137954711914,5.471806049346924,-0.4621734941254801)
(object,0.7718312,-2.3561945)
(pose,8.794137954711914,5.471806049346924,-0.4621734941254801)
(object,0.7365805,-2.3561945)
(pose,8.794137954711914,5.471806049346924,-0.4621734941254801)
(object,0.7397439,-2.3561945)
(pose,8.794137954711914,5.471806049346924,-0.4621734941254801)
(object,0.7487868,-2.3561945)
(pose,8.794137954711914,5.471806049346924,-0.4621734941254801)
(object,0.75714785,-2.3561945)
(pose,8.794137954711914,5.471806049346924,-0.4621734941254801)
(object,0.7468581,-2.3561945)
(pose,8.794137954711914,5.471806049346924,-0.4621734941254801)
(object,0.76292205,-2.3561945)
(pose,8.794137954711914,5.471806049346924,-0.4621734941254801)
(object,0.75545937,-2.3561945)
(pose,8.794137954711914,5.471806049346924,-0.4621734941254801)
(object,0.7492465,-2.3561945)
(pose,8.794137954711914,5.471806049346924,-0.4621734941254801)
(object,0.76002455,-2.3561945)
(pose,8.794137954711914,5.471806049346924,-0.4621734941254801)
(object,0.7568896,-2.3561945)
(pose,8.794137954711914,5.471806049346924,-0.4621734941254801)
(object,0.7631809,-2.3561945)
(pose,8.794137954711914,5.471806049346924,-0.4621734941254801)
(object,0.7451109,-2.3561945)
(pose,8.794137954711914,5.471806049346924,-0.4621734941254801)
(object,0.73722935,-2.3561945)
(pose,8.794137954711914,5.471806049346924,-0.4621734941254801)
(object,0.7617446,-2.3561945)
(pose,8.794137954711914,5.471806049346924,-0.4621734941254801)
(object,0.7584305,-2.3561945)
(pose,8.794137954711914,5.471806049346924,-0.4621734941254801)
(object,0.74834096,-2.3561945)
(pose,8.794137954711914,5.471806049346924,-0.4621734941254801)
(object,0.77870435,-2.3561945)
(pose,8.794137954711914,5.471806049346924,-0.4621734941254801)
(object,0.74679226,-2.3561945)
(pose,8.794137954711914,5.471806049346924,-0.4621734941254801)
(object,0.7508767,-2.3561945)
(pose,8.794137954711914,5.471806049346924,-0.4621734941254801)
(object,0.7478957,-2.3561945)
(pose,8.794137954711914,5.471806049346924,-0.4621734941254801)
(object,0.7549735,-2.3561945)
(pose,8.794137954711914,5.471806049346924,-0.4621734941254801)
(object,0.7495149,-2.3561945)
(pose,8.794137954711914,5.471806049346924,-0.4621734941254801)
(object,0.7340842,-2.3561945)
(pose,8.794137954711914,5.471806049346924,-0.4621734941254801)
(object,0.75657374,-2.3561945)
(pose,8.794137954711914,5.471806049346924,-0.4621734941254801)
(object,0.7539485,-2.3561945)
(pose,8.794137954711914,5.471806049346924,-0.4621734941254801)
(object,0.7588119,-2.3561945)
(pose,8.794137954711914,5.471806049346924,-0.4621734941254801)
(object,0.7337575,-2.3561945)
(pose,8.794137954711914,5.471806049346924,-0.4621734941254801)
(object,0.7573446,-2.3561945)
(pose,8.794137954711914,5.471806049346924,-0.4621734941254801)
(object,0.756193,-2.3561945)
(pose,8.794137954711914,5.471806049346924,-0.4621734941254801)
(object,0.7560412,-2.3561945)
(pose,8.794137954711914,5.471806049346924,-0.4621734941254801)
(object,0.76344436,-2.3561945)
(pose,8.794137954711914,5.471806049346924,-0.4621734941254801)
(object,0.7561902,-2.3561945)
(pose,8.794137954711914,5.471806049346924,-0.4621734941254801)
(object,0.74086136,-2.3561945)
(pose,8.794137954711914,5.471806049346924,-0.4621734941254801)
(object,0.74940073,-2.3561945)
(pose,8.794137954711914,5.471806049346924,-0.4621734941254801)
(object,0.7530436,-2.3561945)
(pose,8.794137954711914,5.471806049346924,-0.4621734941254801)
(object,0.7431055,-2.3561945)
(pose,8.794137954711914,5.471806049346924,-0.4621734941254801)
(object,0.7436136,-2.3561945)
(pose,8.794137954711914,5.471806049346924,-0.4621734941254801)
(object,0.7567686,-2.3561945)
(pose,8.794137954711914,5.471806049346924,-0.4621734941254801)
(object,0.74512964,-2.3561945)
(pose,8.794137954711914,5.471806049346924,-0.4621734941254801)
(object,0.7552482,-2.3561945)
(pose,8.794137954711914,5.471806049346924,-0.4621734941254801)
(object,0.77498984,-2.3561945)
(pose,8.794137954711914,5.471806049346924,-0.4621734941254801)
(object,0.76151276,-2.3561945)
(pose,8.794137954711914,5.471806049346924,-0.4621734941254801)
(pose,8.794137954711914,5.471806049346924,-0.4621734941254801)
(object,0.7683848,-2.3561945)
(pose,8.794137954711914,5.471806049346924,-0.4621734941254801)
(object,0.7518668,-2.3561945)
(pose,8.794137954711914,5.471806049346924,-0.4621734941254801)
(object,0.7634594,-2.3561945)
(pose,8.794137954711914,5.471806049346924,-0.4621734941254801)
(object,0.76738936,-2.3561945)
(pose,8.794137954711914,5.471806049346924,-0.4621734941254801)
(object,0.7514638,-2.3561945)
(pose,8.794137954711914,5.471806049346924,-0.4621734941254801)
(object,0.74672216,-2.3561945)
(pose,8.794137954711914,5.471806049346924,-0.4621734941254801)
(object,0.7527137,-2.3561945)
(pose,8.794137954711914,5.471806049346924,-0.4621734941254801)
(object,0.7412754,-2.3561945)
(pose,8.794137954711914,5.471806049346924,-0.4621734941254801)
(object,0.7529795,-2.3561945)
(pose,8.794137954711914,5.471806049346924,-0.4621734941254801)
(object,0.74634296,-2.3561945)
(pose,8.794137954711914,5.471806049346924,-0.4621734941254801)
(object,0.764548,-2.3561945)
(pose,8.794137954711914,5.471806049346924,-0.4621734941254801)
(object,0.7660423,-2.3561945)
(pose,8.794137954711914,5.471806049346924,-0.4621734941254801)
(object,0.77558637,-2.3561945)
(pose,8.794137954711914,5.471806049346924,-0.4621734941254801)
(object,0.74908596,-2.3561945)
(pose,8.794137954711914,5.471806049346924,-0.4621734941254801)
(object,0.7652677,-2.3561945)
(pose,8.794137954711914,5.471806049346924,-0.4621734941254801)
(object,0.7508837,-2.3561945)
(pose,8.794137954711914,5.471806049346924,-0.4621734941254801)
(object,0.7413621,-2.3561945)
(pose,8.794137954711914,5.471806049346924,-0.4621734941254801)
(object,0.75057876,-2.3561945)
(pose,8.794137954711914,5.471806049346924,-0.4621734941254801)
(object,0.74539196,-2.3561945)
(pose,8.794137954711914,5.471806049346924,-0.4621734941254801)
(object,0.75458133,-2.3561945)
(pose,8.794137954711914,5.471806049346924,-0.4621734941254801)
(object,0.7408389,-2.3561945)
(pose,8.794137954711914,5.471806049346924,-0.4621734941254801)
(object,0.7587636,-2.3561945)
(pose,8.794137954711914,5.471806049346924,-0.4621734941254801)
(object,0.7642346,-2.3561945)
(pose,8.794137954711914,5.471806049346924,-0.4621734941254801)
(object,0.7550477,-2.3561945)
(pose,8.794137954711914,5.471806049346924,-0.4621734941254801)
(object,0.7560485,-2.3561945)
(pose,8.794137954711914,5.471806049346924,-0.4621734941254801)
(object,0.752524,-2.3561945)
(pose,8.794137954711914,5.471806049346924,-0.4621734941254801)
(object,0.7646677,-2.3561945)
(pose,8.794137954711914,5.471806049346924,-0.4621734941254801)
(object,0.7483628,-2.3561945)
(pose,8.794137954711914,5.471806049346924,-0.4621734941254801)
(object,0.74776757,-2.3561945)
(pose,8.794137954711914,5.471806049346924,-0.4621734941254801)
(object,0.75360703,-2.3561945)
(pose,8.794137954711914,5.471806049346924,-0.4621734941254801)
(object,0.7600182,-2.3561945)
(pose,8.794137954711914,5.471806049346924,-0.4621734941254801)
(object,0.7551463,-2.3561945)
(pose,8.794137954711914,5.471806049346924,-0.4621734941254801)
(object,0.74958247,-2.3561945)
(pose,8.794137954711914,5.471806049346924,-0.4621734941254801)
(object,0.7370546,-2.3561945)
(pose,8.794137954711914,5.471806049346924,-0.4621734941254801)
(object,0.7523833,-2.3561945)
(pose,8.794137954711914,5.471806049346924,-0.4621734941254801)
(object,0.76154315,-2.3561945)
(pose,8.794137954711914,5.471806049346924,-0.4621734941254801)
(object,0.7591884,-2.3561945)
(pose,8.794137954711914,5.471806049346924,-0.4621734941254801)
(object,0.75574267,-2.3561945)
(pose,8.794137954711914,5.471806049346924,-0.4621734941254801)
(object,0.7473153,-2.3561945)
(pose,8.794137954711914,5.471806049346924,-0.4621734941254801)
(object,0.74831945,-2.3561945)
(pose,8.794137954711914,5.471806049346924,-0.4621734941254801)
(object,0.74912447,-2.3561945)
(pose,8.794137954711914,5.471806049346924,-0.4621734941254801)
(object,0.75405216,-2.3561945)
(pose,8.794137954711914,5.471806049346924,-0.4621734941254801)
(object,0.74398035,-2.3561945)
(pose,8.794137954711914,5.471806049346924,-0.4621734941254801)
(object,0.7624003,-2.3561945)
(pose,8.794137954711914,5.471806049346924,-0.4621734941254801)
(object,0.75335115,-2.3561945)
(pose,8.794137954711914,5.471806049346924,-0.4621734941254801)
(object,0.7485707,-2.3561945)
(pose,8.794137954711914,5.471806049346924,-0.4621734941254801)
(object,0.75376385,-2.3561945)
(pose,8.794137954711914,5.471806049346924,-0.4621734941254801)
(object,0.7499204,-2.3561945)
(pose,8.794137954711914,5.471806049346924,-0.4621734941254801)
(object,0.7382437,-2.3561945)
(pose,8.794137954711914,5.471806049346924,-0.4621734941254801)
(object,0.75705606,-2.3561945)
(pose,8.794137954711914,5.471806049346924,-0.4621734941254801)
(object,0.7588158,-2.3561945)
(pose,8.794137954711914,5.471806049346924,-0.4621734941254801)
(object,0.7665433,-2.3561945)
(pose,8.794137954711914,5.471806049346924,-0.4621734941254801)
(object,0.7660931,-2.3561945)
(pose,8.794137954711914,5.471806049346924,-0.4621734941254801)
(object,0.74279827,-2.3561945)
(pose,8.794137954711914,5.471806049346924,-0.4621734941254801)
(object,0.7746604,-2.3561945)
(pose,8.794137954711914,5.471806049346924,-0.4621734941254801)
(object,0.75524086,-2.3561945)
(pose,8.794137954711914,5.471806049346924,-0.4621734941254801)
(object,0.7475265,-2.3561945)
(pose,8.794137954711914,5.471806049346924,-0.4621734941254801)
(object,0.74858737,-2.3561945)
(pose,8.794137954711914,5.471806049346924,-0.4621734941254801)
(object,0.7634937,-2.3561945)
(pose,8.794137954711914,5.471806049346924,-0.4621734941254801)
(object,0.75924844,-2.3561945)
(pose,8.794137954711914,5.471806049346924,-0.4621734941254801)
(object,0.7660596,-2.3561945)
(pose,8.794137954711914,5.471806049346924,-0.4621734941254801)
(object,0.7558281,-2.3561945)
(pose,8.794137954711914,5.471806049346924,-0.4621734941254801)
(object,0.75765675,-2.3561945)
(pose,8.794137954711914,5.471806049346924,-0.4621734941254801)
(object,0.7487581,-2.3561945)
(pose,8.794137954711914,5.471806049346924,-0.4621734941254801)
(object,0.7672859,-2.3561945)
(pose,8.794137954711914,5.471806049346924,-0.4621734941254801)
(object,0.75931305,-2.3561945)
(pose,8.794137954711914,5.471806049346924,-0.4621734941254801)
(object,0.74518204,-2.3561945)
(pose,8.794137954711914,5.471806049346924,-0.4621734941254801)
(object,0.7564647,-2.3561945)
(pose,8.794137954711914,5.471806049346924,-0.4621734941254801)
(object,0.7597286,-2.3561945)
(pose,8.794137954711914,5.471806049346924,-0.4621734941254801)
(object,0.76923376,-2.3561945)
(pose,8.794137954711914,5.471806049346924,-0.4621734941254801)
(object,0.76556027,-2.3561945)
(pose,8.794137954711914,5.471806049346924,-0.4621734941254801)
(object,0.7403428,-2.3561945)
(pose,8.794137954711914,5.471806049346924,-0.4621734941254801)
(object,0.7632692,-2.3561945)
(pose,8.794137954711914,5.471806049346924,-0.4621734941254801)
(object,0.75104886,-2.3561945)
(pose,8.794137954711914,5.471806049346924,-0.4621734941254801)
(object,0.747589,-2.3561945)
(pose,8.794137954711914,5.471806049346924,-0.4621734941254801)
(object,0.7525053,-2.3561945)
(pose,8.794137954711914,5.471806049346924,-0.4621734941254801)
(object,0.74973917,-2.3561945)
(pose,8.794137954711914,5.471806049346924,-0.4621734941254801)
(object,0.75698173,-2.3561945)
(pose,8.794137954711914,5.471806049346924,-0.4621734941254801)
(object,0.7512313,-2.3561945)
(pose,8.794137954711914,5.471806049346924,-0.4621734941254801)
(object,0.76066375,-2.3561945)
(pose,8.794137954711914,5.471806049346924,-0.4621734941254801)
(object,0.770706,-2.3561945)
(pose,8.794137954711914,5.471806049346924,-0.4621734941254801)
(object,0.7506834,-2.3561945)
(pose,8.794137954711914,5.471806049346924,-0.4621734941254801)
(object,0.75671095,-2.3561945)
(pose,8.794137954711914,5.471806049346924,-0.4621734941254801)
(object,0.7463186,-2.3561945)
(pose,8.794137954711914,5.471806049346924,-0.4621734941254801)
(object,0.7480656,-2.3561945)
(pose,8.794137954711914,5.471806049346924,-0.4621734941254801)
(object,0.74446017,-2.3561945)
(pose,8.794137954711914,5.471806049346924,-0.4621734941254801)
(object,0.7430539,-2.3561945)
(pose,8.794137954711914,5.471806049346924,-0.4621734941254801)
(object,0.7585141,-2.3561945)
(pose,8.794137954711914,5.471806049346924,-0.4621734941254801)
(object,0.7568143,-2.3561945)
(pose,8.794137954711914,5.471806049346924,-0.4621734941254801)
(object,0.75008917,-2.3561945)
(pose,8.794137954711914,5.471806049346924,-0.4621734941254801)
(object,0.7594196,-2.3561945)
(pose,8.794137954711914,5.471806049346924,-0.4621734941254801)
(object,0.75229204,-2.3561945)
(pose,8.794137954711914,5.471806049346924,-0.4621734941254801)
(object,0.75571644,-2.3561945)
(pose,8.794137954711914,5.471806049346924,-0.4621734941254801)
(object,0.7535494,-2.3561945)
(pose,8.794137954711914,5.471806049346924,-0.4621734941254801)
(object,0.77188605,-2.3561945)
(pose,8.794137954711914,5.471806049346924,-0.4621734941254801)
(object,0.75210637,-2.3561945)
(pose,8.794137954711914,5.471806049346924,-0.4621734941254801)
(object,0.7406901,-2.3561945)
(pose,8.794137954711914,5.471806049346924,-0.4621734941254801)
(object,0.743756,-2.3561945)
(pose,8.794137954711914,5.471806049346924,-0.4621734941254801)
(object,0.7609646,-2.3561945)
(pose,8.794137954711914,5.471806049346924,-0.4621734941254801)
(object,0.73946905,-2.3561945)
(pose,8.794137954711914,5.471806049346924,-0.4621734941254801)
(object,0.76193213,-2.3561945)
(pose,8.794137954711914,5.471806049346924,-0.4621734941254801)
(object,0.7617518,-2.3561945)
(pose,8.794137954711914,5.471806049346924,-0.4621734941254801)
(object,0.7487387,-2.3561945)
(pose,8.794137954711914,5.471806049346924,-0.4621734941254801)
(object,0.75062543,-2.3561945)
(pose,8.794137954711914,5.471806049346924,-0.4621734941254801)
(object,0.7676429,-2.3561945)
(pose,8.794137954711914,5.471806049346924,-0.4621734941254801)
(object,0.77702224,-2.3561945)
(pose,8.794137954711914,5.471806049346924,-0.4621734941254801)
(object,0.7672411,-2.3561945)
(pose,8.794137954711914,5.471806049346924,-0.4621734941254801)
(object,0.76453614,-2.3561945)
(pose,8.794137954711914,5.471806049346924,-0.4621734941254801)
(object,0.7643835,-2.3561945)
(pose,8.794137954711914,5.471806049346924,-0.4621734941254801)
(object,0.7723557,-2.3561945)
(pose,8.794137954711914,5.471806049346924,-0.4621734941254801)
(object,0.74839497,-2.3561945)
(pose,8.794137954711914,5.471806049346924,-0.4621734941254801)
(object,0.74148107,-2.3561945)
(pose,8.794137954711914,5.471806049346924,-0.4621734941254801)
(object,0.75724167,-2.3561945)
(pose,8.794137954711914,5.471806049346924,-0.4621734941254801)
(object,0.764287,-2.3561945)
(pose,8.794137954711914,5.471806049346924,-0.4621734941254801)
(object,0.76912165,-2.3561945)
(pose,8.794137954711914,5.471806049346924,-0.4621734941254801)
(object,0.76154035,-2.3561945)
(pose,8.794137954711914,5.471806049346924,-0.4621734941254801)
(object,0.74639714,-2.3561945)
(pose,8.794137954711914,5.471806049346924,-0.4621734941254801)
(object,0.7529377,-2.3561945)
(pose,8.794137954711914,5.471806049346924,-0.4621734941254801)
(object,0.76422024,-2.3561945)
(pose,8.794137954711914,5.471806049346924,-0.4621734941254801)
(object,0.75446886,-2.3561945)
(pose,8.794137954711914,5.471806049346924,-0.4621734941254801)
(object,0.75351006,-2.3561945)
(pose,8.794137954711914,5.471806049346924,-0.4621734941254801)
(pose,8.794137954711914,5.471806049346924,-0.4621734941254801)
(object,0.75710565,-2.3561945)
(pose,8.794137954711914,5.471806049346924,-0.4621734941254801)
(object,0.7563306,-2.3561945)
(pose,8.794137954711914,5.471806049346924,-0.4621734941254801)
(object,0.7528083,-2.3561945)
(pose,8.794137954711914,5.471806049346924,-0.4621734941254801)
(object,0.749292,-2.3561945)
(pose,8.794137954711914,5.471806049346924,-0.4621734941254801)
(object,0.7550965,-2.3561945)
(pose,8.794137954711914,5.471806049346924,-0.4621734941254801)
(object,0.7662559,-2.3561945)
(pose,8.794137954711914,5.471806049346924,-0.4621734941254801)
(object,0.77275056,-2.3561945)
(pose,8.794137954711914,5.471806049346924,-0.4621734941254801)
(object,0.7371539,-2.3561945)
(pose,8.794137954711914,5.471806049346924,-0.4621734941254801)
(object,0.7571417,-2.3561945)
(pose,8.794137954711914,5.471806049346924,-0.4621734941254801)
(object,0.74945354,-2.3561945)
(pose,8.794137954711914,5.471806049346924,-0.4621734941254801)
(object,0.74386275,-2.3561945)
(pose,8.794137954711914,5.471806049346924,-0.4621734941254801)
(object,0.76830363,-2.3561945)
(pose,8.794137954711914,5.471806049346924,-0.4621734941254801)
(object,0.75326884,-2.3561945)
(pose,8.794137954711914,5.471806049346924,-0.4621734941254801)
(object,0.7651851,-2.3561945)
(pose,8.794137954711914,5.471806049346924,-0.4621734941254801)
(object,0.76509416,-2.3561945)
(pose,8.794137954711914,5.471806049346924,-0.4621734941254801)
(object,0.75673324,-2.3561945)
(pose,8.794137954711914,5.471806049346924,-0.4621734941254801)
(object,0.76847076,-2.3561945)
(pose,8.794137954711914,5.471806049346924,-0.4621734941254801)
(object,0.75578046,-2.3561945)
(pose,8.794137954711914,5.471806049346924,-0.4621734941254801)
(object,0.75098413,-2.3561945)
(pose,8.794137954711914,5.471806049346924,-0.4621734941254801)
(object,0.7584854,-2.3561945)
(pose,8.794137954711914,5.471806049346924,-0.4621734941254801)
(object,0.77138865,-2.3561945)
(pose,8.794137954711914,5.471806049346924,-0.4621734941254801)
(object,0.7479793,-2.3561945)
(pose,8.794137954711914,5.471806049346924,-0.4621734941254801)
(object,0.7497052,-2.3561945)
(pose,8.794137954711914,5.471806049346924,-0.4621734941254801)
(object,0.7648379,-2.3561945)
(pose,8.794137954711914,5.471806049346924,-0.4621734941254801)
(object,0.75310457,-2.3561945)
(pose,8.794137954711914,5.471806049346924,-0.4621734941254801)
(object,0.7592113,-2.3561945)
(pose,8.794137954711914,5.471806049346924,-0.4621734941254801)
(object,0.7632396,-2.3561945)
(pose,8.794137954711914,5.471806049346924,-0.4621734941254801)
(object,0.759367,-2.3561945)
(pose,8.794137954711914,5.471806049346924,-0.4621734941254801)
(object,0.7484419,-2.3561945)
(pose,8.794137954711914,5.471806049346924,-0.4621734941254801)
(object,0.7336684,-2.3561945)
(pose,8.794137954711914,5.471806049346924,-0.4621734941254801)
(object,0.75733817,-2.3561945)
(pose,8.794137954711914,5.471806049346924,-0.4621734941254801)
(object,0.7525733,-2.3561945)
(pose,8.794137954711914,5.471806049346924,-0.4621734941254801)
(object,0.75369024,-2.3561945)
(pose,8.794137954711914,5.471806049346924,-0.4621734941254801)
(object,0.76714766,-2.3561945)
(pose,8.794137954711914,5.471806049346924,-0.4621734941254801)
(object,0.7475236,-2.3561945)
(pose,8.794137954711914,5.471806049346924,-0.4621734941254801)
(object,0.76873344,-2.3561945)
(pose,8.794137954711914,5.471806049346924,-0.4621734941254801)
(object,0.74106395,-2.3561945)
(pose,8.794137954711914,5.471806049346924,-0.4621734941254801)
(object,0.7829992,-2.3561945)
(pose,8.794137954711914,5.471806049346924,-0.4621734941254801)
(object,0.75556684,-2.3561945)
(pose,8.794137954711914,5.471806049346924,-0.4621734941254801)
(object,0.75530905,-2.3561945)
(pose,8.794137954711914,5.471806049346924,-0.4621734941254801)
(object,0.7549717,-2.3561945)
(pose,8.794137954711914,5.471806049346924,-0.4621734941254801)
(object,0.7725647,-2.3561945)
(pose,8.794137954711914,5.471806049346924,-0.4621734941254801)
(object,0.74807495,-2.3561945)
(pose,8.794137954711914,5.471806049346924,-0.4621734941254801)
(object,0.74618864,-2.3561945)
(pose,8.794137954711914,5.471806049346924,-0.4621734941254801)
(object,0.7537149,-2.3561945)
(pose,8.794137954711914,5.471806049346924,-0.4621734941254801)
(object,0.76234186,-2.3561945)
(pose,8.794137954711914,5.471806049346924,-0.4621734941254801)
(object,0.75269455,-2.3561945)
(pose,8.794137954711914,5.471806049346924,-0.4621734941254801)
(object,0.76390165,-2.3561945)
(pose,8.794137954711914,5.471806049346924,-0.4621734941254801)
(object,0.7559668,-2.3561945)
(pose,8.794137954711914,5.471806049346924,-0.4621734941254801)
(object,0.76769614,-2.3561945)
(pose,8.794137954711914,5.471806049346924,-0.4621734941254801)
(object,0.7650951,-2.3561945)
(pose,8.794137954711914,5.471806049346924,-0.4621734941254801)
(object,0.75176764,-2.3561945)
(pose,8.794137954711914,5.471806049346924,-0.4621734941254801)
(object,0.7665859,-2.3561945)
(pose,8.794137954711914,5.471806049346924,-0.4621734941254801)
(object,0.7514799,-2.3561945)
(pose,8.794137954711914,5.471806049346924,-0.4621734941254801)
(object,0.74588,-2.3561945)
(pose,8.794137954711914,5.471806049346924,-0.4621734941254801)
(object,0.7623208,-2.3561945)
(pose,8.794137954711914,5.471806049346924,-0.4621734941254801)
(object,0.74480855,-2.3561945)
(pose,8.794137954711914,5.471806049346924,-0.4621734941254801)
(object,0.7536352,-2.3561945)
(pose,8.794137954711914,5.471806049346924,-0.4621734941254801)
(object,0.7632903,-2.3561945)
(pose,8.794137954711914,5.471806049346924,-0.4621734941254801)
(object,0.76849586,-2.3561945)
(pose,8.794137954711914,5.471806049346924,-0.4621734941254801)
(object,0.7622764,-2.3561945)
(pose,8.794137954711914,5.471806049346924,-0.4621734941254801)
(object,0.74238133,-2.3561945)
(pose,8.794137954711914,5.471806049346924,-0.4621734941254801)
(object,0.76214796,-2.3561945)
(pose,8.794137954711914,5.471806049346924,-0.4621734941254801)
(object,0.7515038,-2.3561945)
(pose,8.794137954711914,5.471806049346924,-0.4621734941254801)
(object,0.7453593,-2.3561945)
(pose,8.794137954711914,5.471806049346924,-0.4621734941254801)
(object,0.7746076,-2.3561945)
(pose,8.794137954711914,5.471806049346924,-0.4621734941254801)
(object,0.7473865,-2.3561945)
(pose,8.794137954711914,5.471806049346924,-0.4621734941254801)
(object,0.76454026,-2.3561945)
(pose,8.794137954711914,5.471806049346924,-0.4621734941254801)
(object,0.7553719,-2.3561945)
(pose,8.794137954711914,5.471806049346924,-0.4621734941254801)
(object,0.7551062,-2.3561945)
(pose,8.794137954711914,5.471806049346924,-0.4621734941254801)
(object,0.7426556,-2.3561945)
(pose,8.794137954711914,5.471806049346924,-0.4621734941254801)
(object,0.7403236,-2.3561945)
(pose,8.794137954711914,5.471806049346924,-0.4621734941254801)
(object,0.7626949,-2.3561945)
(pose,8.794137954711914,5.471806049346924,-0.4621734941254801)
(object,0.7698148,-2.3561945)
(pose,8.794137954711914,5.471806049346924,-0.4621734941254801)
(object,0.7308073,-2.3561945)
(pose,8.794137954711914,5.471806049346924,-0.4621734941254801)
(object,0.7382709,-2.3561945)
(pose,8.794137954711914,5.471806049346924,-0.4621734941254801)
(object,0.7617195,-2.3561945)
(pose,8.794137954711914,5.471806049346924,-0.4621734941254801)
(object,0.76223207,-2.3561945)
(pose,8.794137954711914,5.471806049346924,-0.4621734941254801)
(object,0.7620111,-2.3561945)
(pose,8.794137954711914,5.471806049346924,-0.4621734941254801)
(object,0.76833636,-2.3561945)
(pose,8.794137954711914,5.471806049346924,-0.4621734941254801)
(object,0.7622299,-2.3561945)
(pose,8.794137954711914,5.471806049346924,-0.4621734941254801)
(object,0.7627253,-2.3561945)
(pose,8.794137954711914,5.471806049346924,-0.4621734941254801)
(object,0.7720076,-2.3561945)
(pose,8.794137954711914,5.471806049346924,-0.4621734941254801)
(object,0.75648934,-2.3561945)
(pose,8.794137954711914,5.471806049346924,-0.4621734941254801)
(object,0.74180484,-2.3561945)
(pose,8.794137954711914,5.471806049346924,-0.4621734941254801)
(object,0.736658,-2.3561945)
(pose,8.794137954711914,5.471806049346924,-0.4621734941254801)
(object,0.7503587,-2.3561945)
(pose,8.794137954711914,5.471806049346924,-0.4621734941254801)
(object,0.7755521,-2.3561945)
(pose,8.794137954711914,5.471806049346924,-0.4621734941254801)
(object,0.74094623,-2.3561945)
(pose,8.794137954711914,5.471806049346924,-0.4621734941254801)
(object,0.75507253,-2.3561945)
(pose,8.794137954711914,5.471806049346924,-0.4621734941254801)
(object,0.7519074,-2.3561945)
(pose,8.794137954711914,5.471806049346924,-0.4621734941254801)
(object,0.7556637,-2.3561945)
(pose,8.794137954711914,5.471806049346924,-0.4621734941254801)
(object,0.7451138,-2.3561945)
(pose,8.794137954711914,5.471806049346924,-0.4621734941254801)
(object,0.7566303,-2.3561945)
(pose,8.794137954711914,5.471806049346924,-0.4621734941254801)
(object,0.76122236,-2.3561945)
(pose,8.794137954711914,5.471806049346924,-0.4621734941254801)
(object,0.7609011,-2.3561945)
(pose,8.794137954711914,5.471806049346924,-0.4621734941254801)
(object,0.7598004,-2.3561945)
(pose,8.794137954711914,5.471806049346924,-0.4621734941254801)
(object,0.7520957,-2.3561945)
(pose,8.794137954711914,5.471806049346924,-0.4621734941254801)
(object,0.74201673,-2.3561945)
(pose,8.794137954711914,5.471806049346924,-0.4621734941254801)
(object,0.74374086,-2.3561945)
(pose,8.794137954711914,5.471806049346924,-0.4621734941254801)
(pose,8.794137954711914,5.471806049346924,-0.4621734941254801)
(object,0.7651269,-2.3561945)
(pose,8.794137954711914,5.471806049346924,-0.4621734941254801)
(object,0.7486256,-2.3561945)
(pose,8.794137954711914,5.471806049346924,-0.4621734941254801)
(object,0.76106864,-2.3561945)
(pose,8.794137954711914,5.471806049346924,-0.4621734941254801)
(object,0.7443037,-2.3561945)
(pose,8.794137954711914,5.471806049346924,-0.4621734941254801)
(object,0.7446666,-2.3561945)
(pose,8.794137954711914,5.471806049346924,-0.4621734941254801)
(object,0.7740002,-2.3561945)
(pose,8.794137954711914,5.471806049346924,-0.4621734941254801)
(object,0.74410117,-2.3561945)
(pose,8.794137954711914,5.471806049346924,-0.4621734941254801)
(object,0.7677508,-2.3561945)
(pose,8.794137954711914,5.471806049346924,-0.4621734941254801)
(object,0.74705386,-2.3561945)
(pose,8.794137954711914,5.471806049346924,-0.4621734941254801)
(object,0.74661833,-2.3561945)
(pose,8.794137954711914,5.471806049346924,-0.4621734941254801)
(object,0.7544695,-2.3561945)
(pose,8.794137954711914,5.471806049346924,-0.4621734941254801)
(object,0.76967585,-2.3561945)
(pose,8.794137954711914,5.471806049346924,-0.4621734941254801)
(object,0.78361404,-2.3561945)
(pose,8.794137954711914,5.471806049346924,-0.4621734941254801)
(object,0.74464184,-2.3561945)
(pose,8.794137954711914,5.471806049346924,-0.4621734941254801)
(object,0.7485931,-2.3561945)
(pose,8.794137954711914,5.471806049346924,-0.4621734941254801)
(object,0.7550313,-2.3561945)
(pose,8.794137954711914,5.471806049346924,-0.4621734941254801)
(object,0.76770806,-2.3561945)
(pose,8.794137954711914,5.471806049346924,-0.4621734941254801)
(object,0.75924426,-2.3561945)
(pose,8.794137954711914,5.471806049346924,-0.4621734941254801)
(object,0.75974196,-2.3561945)
(pose,8.794137954711914,5.471806049346924,-0.4621734941254801)
(object,0.76837236,-2.3561945)
(pose,8.794137954711914,5.471806049346924,-0.4621734941254801)
(object,0.7605941,-2.3561945)
(pose,8.794137954711914,5.471806049346924,-0.4621734941254801)
(object,0.7710929,-2.3561945)
(pose,8.794137954711914,5.471806049346924,-0.4621734941254801)
(object,0.7598183,-2.3561945)
(pose,8.794137954711914,5.471806049346924,-0.4621734941254801)
(object,0.7674223,-2.3561945)
(pose,8.794137954711914,5.471806049346924,-0.4621734941254801)
(object,0.770721,-2.3561945)
(pose,8.794137954711914,5.471806049346924,-0.4621734941254801)
(object,0.7405269,-2.3561945)
(pose,8.794137954711914,5.471806049346924,-0.4621734941254801)
(object,0.7546892,-2.3561945)
(pose,8.794137954711914,5.471806049346924,-0.4621734941254801)
(object,0.7574934,-2.3561945)
(pose,8.794137954711914,5.471806049346924,-0.4621734941254801)
(object,0.7734056,-2.3561945)
(pose,8.794137954711914,5.471806049346924,-0.4621734941254801)
(object,0.7476797,-2.3561945)
(pose,8.794137954711914,5.471806049346924,-0.4621734941254801)
(object,0.7578276,-2.3561945)
(pose,8.794137954711914,5.471806049346924,-0.4621734941254801)
(object,0.7400301,-2.3561945)
(pose,8.794137954711914,5.471806049346924,-0.4621734941254801)
(object,0.76108885,-2.3561945)
(pose,8.794137954711914,5.471806049346924,-0.4621734941254801)
(object,0.75468194,-2.3561945)
(pose,8.794137954711914,5.471806049346924,-0.4621734941254801)
(object,0.7541159,-2.3561945)
(pose,8.794137954711914,5.471806049346924,-0.4621734941254801)
(object,0.7718376,-2.3561945)
(pose,8.794137954711914,5.471806049346924,-0.4621734941254801)
(object,0.7582512,-2.3561945)
(pose,8.794137954711914,5.471806049346924,-0.4621734941254801)
(object,0.7553621,-2.3561945)
(pose,8.794137954711914,5.471806049346924,-0.4621734941254801)
(object,0.7699203,-2.3561945)
(pose,8.794137954711914,5.471806049346924,-0.4621734941254801)
(object,0.7433353,-2.3561945)
(pose,8.794137954711914,5.471806049346924,-0.4621734941254801)
(object,0.74036723,-2.3561945)
(pose,8.794137954711914,5.471806049346924,-0.4621734941254801)
(object,0.7569581,-2.3561945)
(pose,8.794137954711914,5.471806049346924,-0.4621734941254801)
(object,0.76911503,-2.3561945)
(pose,8.794137954711914,5.471806049346924,-0.4621734941254801)
(object,0.75735325,-2.3561945)
(pose,8.794137954711914,5.471806049346924,-0.4621734941254801)
(object,0.7648121,-2.3561945)
(pose,8.794137954711914,5.471806049346924,-0.4621734941254801)
(object,0.7645561,-2.3561945)
(pose,8.794137954711914,5.471806049346924,-0.4621734941254801)
(object,0.7363434,-2.3561945)
(pose,8.794137954711914,5.471806049346924,-0.4621734941254801)
(object,0.7590732,-2.3561945)
(pose,8.794137954711914,5.471806049346924,-0.4621734941254801)
(object,0.78322506,-2.3561945)
(pose,8.794137954711914,5.471806049346924,-0.4621734941254801)
(object,0.7528063,-2.3561945)
(pose,8.794137954711914,5.471806049346924,-0.4621734941254801)
(object,0.74976903,-2.3561945)
(pose,8.794137954711914,5.471806049346924,-0.4621734941254801)
(object,0.7647208,-2.3561945)
(pose,8.794137954711914,5.471806049346924,-0.4621734941254801)
(object,0.762051,-2.3561945)
(pose,8.794137954711914,5.471806049346924,-0.4621734941254801)
(object,0.7540709,-2.3561945)
(pose,8.794137954711914,5.471806049346924,-0.4621734941254801)
(object,0.74373484,-2.3561945)
(pose,8.794137954711914,5.471806049346924,-0.4621734941254801)
(object,0.7529082,-2.3561945)
(pose,8.794137954711914,5.471806049346924,-0.4621734941254801)
(object,0.73735857,-2.3561945)
(pose,8.794137954711914,5.471806049346924,-0.4621734941254801)
(object,0.75794166,-2.3561945)
(pose,8.794137954711914,5.471806049346924,-0.4621734941254801)
(object,0.75465816,-2.3561945)
(pose,8.794137954711914,5.471806049346924,-0.4621734941254801)
(object,0.7631607,-2.3561945)
(pose,8.794137954711914,5.471806049346924,-0.4621734941254801)
(object,0.75162363,-2.3561945)
(pose,8.794137954711914,5.471806049346924,-0.4621734941254801)
(object,0.743958,-2.3561945)
(pose,8.794137954711914,5.471806049346924,-0.4621734941254801)
(object,0.7525291,-2.3561945)
(pose,8.794137954711914,5.471806049346924,-0.4621734941254801)
(object,0.75104856,-2.3561945)
(pose,8.794137954711914,5.471806049346924,-0.4621734941254801)
(object,0.7615912,-2.3561945)
(pose,8.794137954711914,5.471806049346924,-0.4621734941254801)
(object,0.75497156,-2.3561945)
(pose,8.794137954711914,5.471806049346924,-0.4621734941254801)
(object,0.7506607,-2.3561945)
(pose,8.794137954711914,5.471806049346924,-0.4621734941254801)
(object,0.7551777,-2.3561945)
(pose,8.794137954711914,5.471806049346924,-0.4621734941254801)
(object,0.74287546,-2.3561945)
(pose,8.794137954711914,5.471806049346924,-0.4621734941254801)
(object,0.77088004,-2.3561945)
(pose,8.794137954711914,5.471806049346924,-0.4621734941254801)
(object,0.7678263,-2.3561945)
(pose,8.794137954711914,5.471806049346924,-0.4621734941254801)
(object,0.76780945,-2.3561945)
(pose,8.794137954711914,5.471806049346924,-0.4621734941254801)
(object,0.7456716,-2.3561945)
(pose,8.794137954711914,5.471806049346924,-0.4621734941254801)
(object,0.7549163,-2.3561945)
(pose,8.794137954711914,5.471806049346924,-0.4621734941254801)
(object,0.7571002,-2.3561945)
(pose,8.794137954711914,5.471806049346924,-0.4621734941254801)
(object,0.7632491,-2.3561945)
(pose,8.794137954711914,5.471806049346924,-0.4621734941254801)
(object,0.7591619,-2.3561945)
(pose,8.794137954711914,5.471806049346924,-0.4621734941254801)
(object,0.77551603,-2.3561945)
(pose,8.794137954711914,5.471806049346924,-0.4621734941254801)
(object,0.754859,-2.3561945)
(pose,8.794137954711914,5.471806049346924,-0.4621734941254801)
(object,0.75717646,-2.3561945)
(pose,8.794137954711914,5.471806049346924,-0.4621734941254801)
(object,0.75142556,-2.3561945)
(pose,8.794137954711914,5.471806049346924,-0.4621734941254801)
(object,0.77292186,-2.3561945)
(pose,8.794137954711914,5.471806049346924,-0.4621734941254801)
(object,0.7596216,-2.3561945)
(pose,8.794137954711914,5.471806049346924,-0.4621734941254801)
(object,0.7492186,-2.3561945)
(pose,8.794137954711914,5.471806049346924,-0.4621734941254801)
(object,0.75731343,-2.3561945)
(pose,8.794137954711914,5.471806049346924,-0.4621734941254801)
(object,0.7522145,-2.3561945)
(pose,8.794137954711914,5.471806049346924,-0.4621734941254801)
(object,0.74858147,-2.3561945)
(pose,8.794137954711914,5.471806049346924,-0.4621734941254801)
(object,0.7571339,-2.3561945)
(pose,8.794137954711914,5.471806049346924,-0.4621734941254801)
(object,0.76514024,-2.3561945)
(pose,8.794137954711914,5.471806049346924,-0.4621734941254801)
(object,0.7461634,-2.3561945)
(pose,8.794137954711914,5.471806049346924,-0.4621734941254801)
(object,0.7728363,-2.3561945)
(pose,8.794137954711914,5.471806049346924,-0.4621734941254801)
(object,0.74385864,-2.3561945)
(pose,8.794137954711914,5.471806049346924,-0.4621734941254801)
(pose,8.794137954711914,5.471806049346924,-0.4621734941254801)
(object,0.7705927,-2.3561945)
(pose,8.794137954711914,5.471806049346924,-0.4621734941254801)
(object,0.7501301,-2.3561945)
(pose,8.794137954711914,5.471806049346924,-0.4621734941254801)
(object,0.74897623,-2.3561945)
(pose,8.794137954711914,5.471806049346924,-0.4621734941254801)
(object,0.7494446,-2.3561945)
(pose,8.794137954711914,5.471806049346924,-0.4621734941254801)
(object,0.7477355,-2.3561945)
(pose,8.794137954711914,5.471806049346924,-0.4621734941254801)
(object,0.76210946,-2.3561945)
(pose,8.794137954711914,5.471806049346924,-0.4621734941254801)
(object,0.74694127,-2.3561945)
(pose,8.794137954711914,5.471806049346924,-0.4621734941254801)
(object,0.75598276,-2.3561945)
(pose,8.794137954711914,5.471806049346924,-0.4621734941254801)
(object,0.73409873,-2.3561945)
(pose,8.794137954711914,5.471806049346924,-0.4621734941254801)
(object,0.7500533,-2.3561945)
(pose,8.794137954711914,5.471806049346924,-0.4621734941254801)
(object,0.7480661,-2.3561945)
(pose,8.794137954711914,5.471806049346924,-0.4621734941254801)
(object,0.7512907,-2.3561945)
(pose,8.794137954711914,5.471806049346924,-0.4621734941254801)
(object,0.758915,-2.3561945)
(pose,8.794137954711914,5.471806049346924,-0.4621734941254801)
(object,0.7498827,-2.3561945)
(pose,8.794137954711914,5.471806049346924,-0.4621734941254801)
(object,0.75584114,-2.3561945)
(pose,8.794137954711914,5.471806049346924,-0.4621734941254801)
(object,0.76582307,-2.3561945)
(pose,8.794137954711914,5.471806049346924,-0.4621734941254801)
(object,0.75418043,-2.3561945)
(pose,8.794137954711914,5.471806049346924,-0.4621734941254801)
(object,0.7328156,-2.3561945)
(pose,8.794137954711914,5.471806049346924,-0.4621734941254801)
(object,0.75838107,-2.3561945)
(pose,8.794137954711914,5.471806049346924,-0.4621734941254801)
(object,0.7567448,-2.3561945)
(pose,8.794137954711914,5.471806049346924,-0.4621734941254801)
(object,0.7558539,-2.3561945)
(pose,8.794137954711914,5.471806049346924,-0.4621734941254801)
(object,0.75473803,-2.3561945)
(pose,8.794137954711914,5.471806049346924,-0.4621734941254801)
(object,0.7483702,-2.3561945)
(pose,8.794137954711914,5.471806049346924,-0.4621734941254801)
(object,0.7573831,-2.3561945)
(pose,8.794137954711914,5.471806049346924,-0.4621734941254801)
(object,0.7595645,-2.3561945)
(pose,8.794137954711914,5.471806049346924,-0.4621734941254801)
(object,0.7632287,-2.3561945)
(pose,8.794137954711914,5.471806049346924,-0.4621734941254801)
(object,0.75538146,-2.3561945)
(pose,8.794137954711914,5.471806049346924,-0.4621734941254801)
(object,0.76628816,-2.3561945)
(pose,8.794137954711914,5.471806049346924,-0.4621734941254801)
(object,0.7597904,-2.3561945)
(pose,8.794137954711914,5.471806049346924,-0.4621734941254801)
(object,0.7468605,-2.3561945)
(pose,8.794137954711914,5.471806049346924,-0.4621734941254801)
(object,0.76531374,-2.3561945)
(pose,8.794137954711914,5.471806049346924,-0.4621734941254801)
(object,0.7496688,-2.3561945)
(pose,8.794137954711914,5.471806049346924,-0.4621734941254801)
(object,0.74445873,-2.3561945)
(pose,8.794137954711914,5.471806049346924,-0.4621734941254801)
(object,0.757321,-2.3561945)
(pose,8.794137954711914,5.471806049346924,-0.4621734941254801)
(object,0.774629,-2.3561945)
(pose,8.794137954711914,5.471806049346924,-0.4621734941254801)
(object,0.7607795,-2.3561945)
(pose,8.794137954711914,5.471806049346924,-0.4621734941254801)
(object,0.7532459,-2.3561945)
(pose,8.794137954711914,5.471806049346924,-0.4621734941254801)
(object,0.7680579,-2.3561945)
(pose,8.794137954711914,5.471806049346924,-0.4621734941254801)
(object,0.7608013,-2.3561945)
(pose,8.794137954711914,5.471806049346924,-0.4621734941254801)
(object,0.75376576,-2.3561945)
(pose,8.794137954711914,5.471806049346924,-0.4621734941254801)
(object,0.7705749,-2.3561945)
(pose,8.794137954711914,5.471806049346924,-0.4621734941254801)
(object,0.7579011,-2.3561945)
(pose,8.794137954711914,5.471806049346924,-0.4621734941254801)
(object,0.74643135,-2.3561945)
(pose,8.794137954711914,5.471806049346924,-0.4621734941254801)
(object,0.74580616,-2.3561945)
(pose,8.794137954711914,5.471806049346924,-0.4621734941254801)
(object,0.76809883,-2.3561945)
(pose,8.794137954711914,5.471806049346924,-0.4621734941254801)
(object,0.75840276,-2.3561945)
(pose,8.794137954711914,5.471806049346924,-0.4621734941254801)
(object,0.740248,-2.3561945)
(pose,8.794137954711914,5.471806049346924,-0.4621734941254801)
(object,0.7634116,-2.3561945)
(pose,8.794137954711914,5.471806049346924,-0.4621734941254801)
(object,0.7686757,-2.3561945)
(pose,8.794137954711914,5.471806049346924,-0.4621734941254801)
(object,0.7542144,-2.3561945)
(pose,8.794137954711914,5.471806049346924,-0.4621734941254801)
(object,0.75660753,-2.3561945)
(pose,8.794137954711914,5.471806049346924,-0.4621734941254801)
(object,0.73765665,-2.3561945)
(pose,8.794137954711914,5.471806049346924,-0.4621734941254801)
(object,0.7498579,-2.3561945)
(pose,8.794137954711914,5.471806049346924,-0.4621734941254801)
(object,0.75169915,-2.3561945)
(pose,8.794137954711914,5.471806049346924,-0.4621734941254801)
(object,0.7621829,-2.3561945)
(pose,8.794137954711914,5.471806049346924,-0.4621734941254801)
(object,0.753218,-2.3561945)
(pose,8.794137954711914,5.471806049346924,-0.4621734941254801)
(object,0.75548047,-2.3561945)
(pose,8.794137954711914,5.471806049346924,-0.4621734941254801)
(object,0.7566618,-2.3561945)
(pose,8.794137954711914,5.471806049346924,-0.4621734941254801)
(object,0.7511425,-2.3561945)
(pose,8.794137954711914,5.471806049346924,-0.4621734941254801)
(object,0.7647416,-2.3561945)
(pose,8.794137954711914,5.471806049346924,-0.4621734941254801)
(object,0.7704636,-2.3561945)
(pose,8.794137954711914,5.471806049346924,-0.4621734941254801)
(object,0.7711251,-2.3561945)
(pose,8.794137954711914,5.471806049346924,-0.4621734941254801)
(object,0.74839115,-2.3561945)
(pose,8.794137954711914,5.471806049346924,-0.4621734941254801)
(object,0.75254184,-2.3561945)
(pose,8.794137954711914,5.471806049346924,-0.4621734941254801)
(object,0.7557113,-2.3561945)
(pose,8.794137954711914,5.471806049346924,-0.4621734941254801)
(pose,8.794137954711914,5.471806049346924,-0.4621734941254801)
(object,0.7588431,-2.3561945)
(pose,8.794137954711914,5.471806049346924,-0.4621734941254801)
(object,0.7526463,-2.3561945)
(pose,8.794137954711914,5.471806049346924,-0.4621734941254801)
(object,0.7638015,-2.3561945)
(pose,8.794137954711914,5.471806049346924,-0.4621734941254801)
(object,0.749758,-2.3561945)
(pose,8.794137954711914,5.471806049346924,-0.4621734941254801)
(object,0.7637161,-2.3561945)
(pose,8.794137954711914,5.471806049346924,-0.4621734941254801)
(object,0.75649595,-2.3561945)
(pose,8.794137954711914,5.471806049346924,-0.4621734941254801)
(object,0.74202937,-2.3561945)
(pose,8.794137954711914,5.471806049346924,-0.4621734941254801)
(object,0.7538554,-2.3561945)
(pose,8.794137954711914,5.471806049346924,-0.4621734941254801)
(object,0.76161355,-2.3561945)
(pose,8.794137954711914,5.471806049346924,-0.4621734941254801)
(object,0.7554551,-2.3561945)
(pose,8.794137954711914,5.471806049346924,-0.4621734941254801)
(object,0.75363714,-2.3561945)
(pose,8.794137954711914,5.471806049346924,-0.4621734941254801)
(object,0.760978,-2.3561945)
(pose,8.794137954711914,5.471806049346924,-0.4621734941254801)
(object,0.73507196,-2.3561945)
(pose,8.794137954711914,5.471806049346924,-0.4621734941254801)
(object,0.75827336,-2.3561945)
(pose,8.794137954711914,5.471806049346924,-0.4621734941254801)
(object,0.7550897,-2.3561945)
(pose,8.794137954711914,5.471806049346924,-0.4621734941254801)
(object,0.7471874,-2.3561945)
(pose,8.794137954711914,5.471806049346924,-0.4621734941254801)
(object,0.7616589,-2.3561945)
(pose,8.794137954711914,5.471806049346924,-0.4621734941254801)
(object,0.75972486,-2.3561945)
(pose,8.794137954711914,5.471806049346924,-0.4621734941254801)
(object,0.76001847,-2.3561945)
(pose,8.794137954711914,5.471806049346924,-0.4621734941254801)
(object,0.77960485,-2.3561945)
(pose,8.794137954711914,5.471806049346924,-0.4621734941254801)
(object,0.75574946,-2.3561945)
(pose,8.794137954711914,5.471806049346924,-0.4621734941254801)
(object,0.750566,-2.3561945)
(pose,8.794137954711914,5.471806049346924,-0.4621734941254801)
(object,0.76703507,-2.3561945)
(pose,8.794137954711914,5.471806049346924,-0.4621734941254801)
(object,0.7588859,-2.3561945)
(pose,8.794137954711914,5.471806049346924,-0.4621734941254801)
(object,0.7644386,-2.3561945)
(pose,8.794137954711914,5.471806049346924,-0.4621734941254801)
(object,0.7546027,-2.3561945)
(pose,8.794137954711914,5.471806049346924,-0.4621734941254801)
(object,0.76525456,-2.3561945)
(pose,8.794137954711914,5.471806049346924,-0.4621734941254801)
(object,0.7534368,-2.3561945)
(pose,8.794137954711914,5.471806049346924,-0.4621734941254801)
(object,0.7575818,-2.3561945)
(pose,8.794137954711914,5.471806049346924,-0.4621734941254801)
(object,0.75764334,-2.3561945)
(pose,8.794137954711914,5.471806049346924,-0.4621734941254801)
(object,0.76957816,-2.3561945)
(pose,8.794137954711914,5.471806049346924,-0.4621734941254801)
(object,0.7379919,-2.3561945)
(pose,8.794137954711914,5.471806049346924,-0.4621734941254801)
(object,0.7711142,-2.3561945)
(pose,8.794137954711914,5.471806049346924,-0.4621734941254801)
(object,0.7491973,-2.3561945)
(pose,8.794137954711914,5.471806049346924,-0.4621734941254801)
(object,0.76701075,-2.3561945)
(pose,8.794137954711914,5.471806049346924,-0.4621734941254801)
(object,0.75645995,-2.3561945)
(pose,8.794137954711914,5.471806049346924,-0.4621734941254801)
(object,0.73528326,-2.3561945)
(pose,8.794137954711914,5.471806049346924,-0.4621734941254801)
(object,0.7559187,-2.3561945)
(pose,8.794137954711914,5.471806049346924,-0.4621734941254801)
(object,0.7547554,-2.3561945)
(pose,8.794137954711914,5.471806049346924,-0.4621734941254801)
(object,0.76127905,-2.3561945)
(pose,8.794137954711914,5.471806049346924,-0.4621734941254801)
(object,0.74390227,-2.3561945)
(pose,8.794137954711914,5.471806049346924,-0.4621734941254801)
(object,0.75724286,-2.3561945)
(pose,8.794137954711914,5.471806049346924,-0.4621734941254801)
(object,0.7381249,-2.3561945)
(pose,8.794137954711914,5.471806049346924,-0.4621734941254801)
(object,0.75880784,-2.3561945)
(pose,8.794137954711914,5.471806049346924,-0.4621734941254801)
(object,0.749292,-2.3561945)
(pose,8.794137954711914,5.471806049346924,-0.4621734941254801)
(object,0.7676123,-2.3561945)
(pose,8.794137954711914,5.471806049346924,-0.4621734941254801)
(object,0.746223,-2.3561945)
(pose,8.794137954711914,5.471806049346924,-0.4621734941254801)
(object,0.7636641,-2.3561945)
(pose,8.794137954711914,5.471806049346924,-0.4621734941254801)
(object,0.74862856,-2.3561945)
(pose,8.794137954711914,5.471806049346924,-0.4621734941254801)
(object,0.74018335,-2.3561945)
(pose,8.794137954711914,5.471806049346924,-0.4621734941254801)
(object,0.7388285,-2.3561945)
(pose,8.794137954711914,5.471806049346924,-0.4621734941254801)
(object,0.7669677,-2.3561945)
(pose,8.794137954711914,5.471806049346924,-0.4621734941254801)
(object,0.7476089,-2.3561945)
(pose,8.794137954711914,5.471806049346924,-0.4621734941254801)
(object,0.7644466,-2.3561945)
(pose,8.794137954711914,5.471806049346924,-0.4621734941254801)
(object,0.73715496,-2.3561945)
(pose,8.794137954711914,5.471806049346924,-0.4621734941254801)
(object,0.7501231,-2.3561945)
(pose,8.794137954711914,5.471806049346924,-0.4621734941254801)
(object,0.75289935,-2.3561945)
(pose,8.794137954711914,5.471806049346924,-0.4621734941254801)
(object,0.76192135,-2.3561945)
(pose,8.794137954711914,5.471806049346924,-0.4621734941254801)
(object,0.76380897,-2.3561945)
(pose,8.794137954711914,5.471806049346924,-0.4621734941254801)
(object,0.7550929,-2.3561945)
(pose,8.794137954711914,5.471806049346924,-0.4621734941254801)
(object,0.76080954,-2.3561945)
(pose,8.794137954711914,5.471806049346924,-0.4621734941254801)
(object,0.7561557,-2.3561945)
(pose,8.794137954711914,5.471806049346924,-0.4621734941254801)
(object,0.74617046,-2.3561945)
(pose,8.794137954711914,5.471806049346924,-0.4621734941254801)
(object,0.77820265,-2.3561945)
(pose,8.794137954711914,5.471806049346924,-0.4621734941254801)
(object,0.75667167,-2.3561945)
(pose,8.794137954711914,5.471806049346924,-0.4621734941254801)
(object,0.74455494,-2.3561945)
(pose,8.794137954711914,5.471806049346924,-0.4621734941254801)
(object,0.75917184,-2.3561945)
(pose,8.794137954711914,5.471806049346924,-0.4621734941254801)
(object,0.76114374,-2.3561945)
(pose,8.794137954711914,5.471806049346924,-0.4621734941254801)
(object,0.76887614,-2.3561945)
(pose,8.794137954711914,5.471806049346924,-0.4621734941254801)
(object,0.7436272,-2.3561945)
(pose,8.794137954711914,5.471806049346924,-0.4621734941254801)
(object,0.75642955,-2.3561945)
(pose,8.794137954711914,5.471806049346924,-0.4621734941254801)
(object,0.75732726,-2.3561945)
(pose,8.794137954711914,5.471806049346924,-0.4621734941254801)
(object,0.7622268,-2.3561945)
(pose,8.794137954711914,5.471806049346924,-0.4621734941254801)
(object,0.7502048,-2.3561945)
(pose,8.794137954711914,5.471806049346924,-0.4621734941254801)
(pose,8.794137954711914,5.471806049346924,-0.4621734941254801)
(object,0.7590704,-2.3561945)
(pose,8.794137954711914,5.471806049346924,-0.4621734941254801)
(object,0.7658395,-2.3561945)
(pose,8.794137954711914,5.471806049346924,-0.4621734941254801)
(object,0.74167556,-2.3561945)
(pose,8.794137954711914,5.471806049346924,-0.4621734941254801)
(object,0.75490683,-2.3561945)
(pose,8.794137954711914,5.471806049346924,-0.4621734941254801)
(object,0.764211,-2.3561945)
(pose,8.794137954711914,5.471806049346924,-0.4621734941254801)
(object,0.76685286,-2.3561945)
(pose,8.794137954711914,5.471806049346924,-0.4621734941254801)
(object,0.76041263,-2.3561945)
(pose,8.794137954711914,5.471806049346924,-0.4621734941254801)
(object,0.74818355,-2.3561945)
(pose,8.794137954711914,5.471806049346924,-0.4621734941254801)
(object,0.76634693,-2.3561945)
(pose,8.794137954711914,5.471806049346924,-0.4621734941254801)
(object,0.7588555,-2.3561945)
(pose,8.794137954711914,5.471806049346924,-0.4621734941254801)
(object,0.74839866,-2.3561945)
(pose,8.794137954711914,5.471806049346924,-0.4621734941254801)
(object,0.74598634,-2.3561945)
(pose,8.794137954711914,5.471806049346924,-0.4621734941254801)
(object,0.7625991,-2.3561945)
(pose,8.794137954711914,5.471806049346924,-0.4621734941254801)
(object,0.7746176,-2.3561945)
(pose,8.794137954711914,5.471806049346924,-0.4621734941254801)
(object,0.7624855,-2.3561945)
(pose,8.794137954711914,5.471806049346924,-0.4621734941254801)
(object,0.7472675,-2.3561945)
(pose,8.794137954711914,5.471806049346924,-0.4621734941254801)
(object,0.74803317,-2.3561945)
(pose,8.794137954711914,5.471806049346924,-0.4621734941254801)
(object,0.75892335,-2.3561945)
(pose,8.794137954711914,5.471806049346924,-0.4621734941254801)
(object,0.74304235,-2.3561945)
(pose,8.794137954711914,5.471806049346924,-0.4621734941254801)
(object,0.75819856,-2.3561945)
(pose,8.794137954711914,5.471806049346924,-0.4621734941254801)
(object,0.741723,-2.3561945)
(pose,8.794137954711914,5.471806049346924,-0.4621734941254801)
(object,0.7484678,-2.3561945)
(pose,8.794137954711914,5.471806049346924,-0.4621734941254801)
(object,0.7661898,-2.3561945)
(pose,8.794137954711914,5.471806049346924,-0.4621734941254801)
(object,0.76707757,-2.3561945)
(pose,8.794137954711914,5.471806049346924,-0.4621734941254801)
(object,0.75759566,-2.3561945)
(pose,8.794137954711914,5.471806049346924,-0.4621734941254801)
(object,0.76896876,-2.3561945)
(pose,8.794137954711914,5.471806049346924,-0.4621734941254801)
(object,0.7605812,-2.3561945)
(pose,8.794137954711914,5.471806049346924,-0.4621734941254801)
(object,0.73314816,-2.3561945)
(pose,8.794137954711914,5.471806049346924,-0.4621734941254801)
(object,0.76153576,-2.3561945)
(pose,8.794137954711914,5.471806049346924,-0.4621734941254801)
(object,0.7597965,-2.3561945)
(pose,8.794137954711914,5.471806049346924,-0.4621734941254801)
(object,0.756894,-2.3561945)
(pose,8.794137954711914,5.471806049346924,-0.4621734941254801)
(object,0.74715286,-2.3561945)
(pose,8.794137954711914,5.471806049346924,-0.4621734941254801)
(object,0.7570011,-2.3561945)
(pose,8.794137954711914,5.471806049346924,-0.4621734941254801)
(object,0.7369068,-2.3561945)
(pose,8.794137954711914,5.471806049346924,-0.4621734941254801)
(object,0.77510536,-2.3561945)
(pose,8.794137954711914,5.471806049346924,-0.4621734941254801)
(object,0.7488676,-2.3561945)
(pose,8.794137954711914,5.471806049346924,-0.4621734941254801)
(object,0.7613928,-2.3561945)
(pose,8.794137954711914,5.471806049346924,-0.4621734941254801)
(object,0.7641733,-2.3561945)
(pose,8.794137954711914,5.471806049346924,-0.4621734941254801)
(object,0.727019,-2.3561945)
(pose,8.794137954711914,5.471806049346924,-0.4621734941254801)
(object,0.7555389,-2.3561945)
(pose,8.794137954711914,5.471806049346924,-0.4621734941254801)
(object,0.7417197,-2.3561945)
(pose,8.794137954711914,5.471806049346924,-0.4621734941254801)
(object,0.7401998,-2.3561945)
(pose,8.794137954711914,5.471806049346924,-0.4621734941254801)
(object,0.7576251,-2.3561945)
(pose,8.794137954711914,5.471806049346924,-0.4621734941254801)
(object,0.7718891,-2.3561945)
(pose,8.794137954711914,5.471806049346924,-0.4621734941254801)
(object,0.7692183,-2.3561945)
(pose,8.794137954711914,5.471806049346924,-0.4621734941254801)
(object,0.7627797,-2.3561945)
(pose,8.794137954711914,5.471806049346924,-0.4621734941254801)
(object,0.7565849,-2.3561945)
(pose,8.794137954711914,5.471806049346924,-0.4621734941254801)
(object,0.74469334,-2.3561945)
(pose,8.794137954711914,5.471806049346924,-0.4621734941254801)
(object,0.7603125,-2.3561945)
(pose,8.794137954711914,5.471806049346924,-0.4621734941254801)
(object,0.75110215,-2.3561945)
(pose,8.794137954711914,5.471806049346924,-0.4621734941254801)
(object,0.74480593,-2.3561945)
(pose,8.794137954711914,5.471806049346924,-0.4621734941254801)
(object,0.74410534,-2.3561945)
(pose,8.794137954711914,5.471806049346924,-0.4621734941254801)
(object,0.78340757,-2.3561945)
(pose,8.794137954711914,5.471806049346924,-0.4621734941254801)
(object,0.75108886,-2.3561945)
(pose,8.794137954711914,5.471806049346924,-0.4621734941254801)
(object,0.7426237,-2.3561945)
(pose,8.794137954711914,5.471806049346924,-0.4621734941254801)
(object,0.75955546,-2.3561945)
(pose,8.794137954711914,5.471806049346924,-0.4621734941254801)
(object,0.760551,-2.3561945)
(pose,8.794137954711914,5.471806049346924,-0.4621734941254801)
(object,0.76487315,-2.3561945)
(pose,8.794137954711914,5.471806049346924,-0.4621734941254801)
(object,0.7618384,-2.3561945)
(pose,8.794137954711914,5.471806049346924,-0.4621734941254801)
(object,0.74171567,-2.3561945)
(pose,8.794137954711914,5.471806049346924,-0.4621734941254801)
(object,0.75644314,-2.3561945)
(pose,8.794137954711914,5.471806049346924,-0.4621734941254801)
(object,0.761043,-2.3561945)
(pose,8.794137954711914,5.471806049346924,-0.4621734941254801)
(object,0.7432643,-2.3561945)
(pose,8.794137954711914,5.471806049346924,-0.4621734941254801)
(object,0.747109,-2.3561945)
(pose,8.794137954711914,5.471806049346924,-0.4621734941254801)
(object,0.7419256,-2.3561945)
(pose,8.794137954711914,5.471806049346924,-0.4621734941254801)
(object,0.75554234,-2.3561945)
(pose,8.794137954711914,5.471806049346924,-0.4621734941254801)
(object,0.7640585,-2.3561945)
(pose,8.794137954711914,5.471806049346924,-0.4621734941254801)
(object,0.7655354,-2.3561945)
(pose,8.794137954711914,5.471806049346924,-0.4621734941254801)
(object,0.75909156,-2.3561945)
(pose,8.794137954711914,5.471806049346924,-0.4621734941254801)
(object,0.73454916,-2.3561945)
(pose,8.794137954711914,5.471806049346924,-0.4621734941254801)
(object,0.7499418,-2.3561945)
(pose,8.794137954711914,5.471806049346924,-0.4621734941254801)
(object,0.748461,-2.3561945)
(pose,8.794137954711914,5.471806049346924,-0.4621734941254801)
(object,0.75426334,-2.3561945)
(pose,8.794137954711914,5.471806049346924,-0.4621734941254801)
(object,0.75536853,-2.3561945)
(pose,8.794137954711914,5.471806049346924,-0.4621734941254801)
(object,0.75143373,-2.3561945)
(pose,8.794137954711914,5.471806049346924,-0.4621734941254801)
(object,0.7458342,-2.3561945)
(pose,8.794137954711914,5.471806049346924,-0.4621734941254801)
(object,0.762494,-2.3561945)
(pose,8.794137954711914,5.471806049346924,-0.4621734941254801)
(object,0.7550688,-2.3561945)
(pose,8.794137954711914,5.471806049346924,-0.4621734941254801)
(object,0.76626015,-2.3561945)
(pose,8.794137954711914,5.471806049346924,-0.4621734941254801)
(object,0.75624084,-2.3561945)
(pose,8.794137954711914,5.471806049346924,-0.4621734941254801)
(object,0.7532104,-2.3561945)
(pose,8.794137954711914,5.471806049346924,-0.4621734941254801)
(object,0.7505784,-2.3561945)
(pose,8.794137954711914,5.471806049346924,-0.4621734941254801)
(object,0.7469004,-2.3561945)
(pose,8.794137954711914,5.471806049346924,-0.4621734941254801)
(object,0.75043666,-2.3561945)
(pose,8.794137954711914,5.471806049346924,-0.4621734941254801)
(object,0.7667582,-2.3561945)
(pose,8.794137954711914,5.471806049346924,-0.4621734941254801)
(object,0.763482,-2.3561945)
(pose,8.794137954711914,5.471806049346924,-0.4621734941254801)
(object,0.7701503,-2.3561945)
(pose,8.794137954711914,5.471806049346924,-0.4621734941254801)
(object,0.7536012,-2.3561945)
(pose,8.794137954711914,5.471806049346924,-0.4621734941254801)
(object,0.76382226,-2.3561945)
(pose,8.794137954711914,5.471806049346924,-0.4621734941254801)
(object,0.7533044,-2.3561945)
(pose,8.794137954711914,5.471806049346924,-0.4621734941254801)
(object,0.73690385,-2.3561945)
(pose,8.794137954711914,5.471806049346924,-0.4621734941254801)
(object,0.7447652,-2.3561945)
(pose,8.794137954711914,5.471806049346924,-0.4621734941254801)
(object,0.7601845,-2.3561945)
(pose,8.794137954711914,5.471806049346924,-0.4621734941254801)
(object,0.7328903,-2.3561945)
(pose,8.794137954711914,5.471806049346924,-0.4621734941254801)
(object,0.7461176,-2.3561945)
(pose,8.794137954711914,5.471806049346924,-0.4621734941254801)
(object,0.7544887,-2.3561945)
(pose,8.794137954711914,5.471806049346924,-0.4621734941254801)
(object,0.76829493,-2.3561945)
(pose,8.794137954711914,5.471806049346924,-0.4621734941254801)
(object,0.7580982,-2.3561945)
(pose,8.794137954711914,5.471806049346924,-0.4621734941254801)
(object,0.75575393,-2.3561945)
(pose,8.794137954711914,5.471806049346924,-0.4621734941254801)
(object,0.7695861,-2.3561945)
(pose,8.794137954711914,5.471806049346924,-0.4621734941254801)
(pose,8.794137954711914,5.471806049346924,-0.4621734941254801)
(object,0.75214016,-2.3561945)
(pose,8.794137954711914,5.471806049346924,-0.4621734941254801)
(object,0.7693391,-2.3561945)
(pose,8.794137954711914,5.471806049346924,-0.4621734941254801)
(object,0.7570914,-2.3561945)
(pose,8.794137954711914,5.471806049346924,-0.4621734941254801)
(object,0.74627435,-2.3561945)
(pose,8.794137954711914,5.471806049346924,-0.4621734941254801)
(object,0.772663,-2.3561945)
(pose,8.794137954711914,5.471806049346924,-0.4621734941254801)
(object,0.7511288,-2.3561945)
(pose,8.794137954711914,5.471806049346924,-0.4621734941254801)
(object,0.74170846,-2.3561945)
(pose,8.794137954711914,5.471806049346924,-0.4621734941254801)
(object,0.7654274,-2.3561945)
(pose,8.794137954711914,5.471806049346924,-0.4621734941254801)
(object,0.7537594,-2.3561945)
(pose,8.794137954711914,5.471806049346924,-0.4621734941254801)
(object,0.7375766,-2.3561945)
(pose,8.794137954711914,5.471806049346924,-0.4621734941254801)
(object,0.7588806,-2.3561945)
(pose,8.794137954711914,5.471806049346924,-0.4621734941254801)
(object,0.7583887,-2.3561945)
(pose,8.794137954711914,5.471806049346924,-0.4621734941254801)
(object,0.7572765,-2.3561945)
(pose,8.794137954711914,5.471806049346924,-0.4621734941254801)
(object,0.7519364,-2.3561945)
(pose,8.794137954711914,5.471806049346924,-0.4621734941254801)
(object,0.7553322,-2.3561945)
(pose,8.794137954711914,5.471806049346924,-0.4621734941254801)
(object,0.7588097,-2.3561945)
(pose,8.794137954711914,5.471806049346924,-0.4621734941254801)
(object,0.7506146,-2.3561945)
(pose,8.794137954711914,5.471806049346924,-0.4621734941254801)
(object,0.7545427,-2.3561945)
(pose,8.794137954711914,5.471806049346924,-0.4621734941254801)
(object,0.75920844,-2.3561945)
(pose,8.794137954711914,5.471806049346924,-0.4621734941254801)
(object,0.763884,-2.3561945)
(pose,8.794137954711914,5.471806049346924,-0.4621734941254801)
(object,0.7558697,-2.3561945)
(pose,8.794137954711914,5.471806049346924,-0.4621734941254801)
(object,0.7510862,-2.3561945)
(pose,8.794137954711914,5.471806049346924,-0.4621734941254801)
(object,0.74999744,-2.3561945)
(pose,8.794137954711914,5.471806049346924,-0.4621734941254801)
(object,0.7707442,-2.3561945)
(pose,8.794137954711914,5.471806049346924,-0.4621734941254801)
(object,0.74210966,-2.3561945)
(pose,8.794137954711914,5.471806049346924,-0.4621734941254801)
(object,0.7553505,-2.3561945)
(pose,8.794137954711914,5.471806049346924,-0.4621734941254801)
(object,0.7482762,-2.3561945)
(pose,8.794137954711914,5.471806049346924,-0.4621734941254801)
(object,0.7576664,-2.3561945)
(pose,8.794137954711914,5.471806049346924,-0.4621734941254801)
(object,0.7590325,-2.3561945)
(pose,8.794137954711914,5.471806049346924,-0.4621734941254801)
(object,0.769656,-2.3561945)
(pose,8.794137954711914,5.471806049346924,-0.4621734941254801)
(object,0.75433016,-2.3561945)
(pose,8.794137954711914,5.471806049346924,-0.4621734941254801)
(object,0.74272233,-2.3561945)
(pose,8.794137954711914,5.471806049346924,-0.4621734941254801)
(object,0.7591778,-2.3561945)
(pose,8.794137954711914,5.471806049346924,-0.4621734941254801)
(object,0.76851183,-2.3561945)
(pose,8.794137954711914,5.471806049346924,-0.4621734941254801)
(object,0.7542371,-2.3561945)
(pose,8.794137954711914,5.471806049346924,-0.4621734941254801)
(object,0.7696617,-2.3561945)
(pose,8.794137954711914,5.471806049346924,-0.4621734941254801)
(object,0.7606762,-2.3561945)
(pose,8.794137954711914,5.471806049346924,-0.4621734941254801)
(object,0.75454104,-2.3561945)
(pose,8.794137954711914,5.471806049346924,-0.4621734941254801)
(object,0.7761421,-2.3561945)
(pose,8.794137954711914,5.471806049346924,-0.4621734941254801)
(object,0.7371257,-2.3561945)
(pose,8.794137954711914,5.471806049346924,-0.4621734941254801)
(object,0.75547904,-2.3561945)
(pose,8.794137954711914,5.471806049346924,-0.4621734941254801)
(object,0.7477554,-2.3561945)
(pose,8.794137954711914,5.471806049346924,-0.4621734941254801)
(object,0.7461753,-2.3561945)
(pose,8.794137954711914,5.471806049346924,-0.4621734941254801)
(object,0.7521543,-2.3561945)
(pose,8.794137954711914,5.471806049346924,-0.4621734941254801)
(object,0.7527663,-2.3561945)
(pose,8.794137954711914,5.471806049346924,-0.4621734941254801)
(object,0.74759537,-2.3561945)
(pose,8.794137954711914,5.471806049346924,-0.4621734941254801)
(object,0.76139736,-2.3561945)
(pose,8.794137954711914,5.471806049346924,-0.4621734941254801)
(object,0.7339507,-2.3561945)
(pose,8.794137954711914,5.471806049346924,-0.4621734941254801)
(object,0.7482239,-2.3561945)
(pose,8.794137954711914,5.471806049346924,-0.4621734941254801)
(object,0.74110526,-2.3561945)
(pose,8.794137954711914,5.471806049346924,-0.4621734941254801)
(object,0.7302115,-2.3561945)
(pose,8.794137954711914,5.471806049346924,-0.4621734941254801)
(object,0.762613,-2.3561945)
(pose,8.794137954711914,5.471806049346924,-0.4621734941254801)
(object,0.7332926,-2.3561945)
(pose,8.794137954711914,5.471806049346924,-0.4621734941254801)
(object,0.75894886,-2.3561945)
(pose,8.794137954711914,5.471806049346924,-0.4621734941254801)
(object,0.75143516,-2.3561945)
(pose,8.794137954711914,5.471806049346924,-0.4621734941254801)
(object,0.7753309,-2.3561945)
(pose,8.794137954711914,5.471806049346924,-0.4621734941254801)
(object,0.76118916,-2.3561945)
(pose,8.794137954711914,5.471806049346924,-0.4621734941254801)
(object,0.74761343,-2.3561945)
(pose,8.794137954711914,5.471806049346924,-0.4621734941254801)
(object,0.74750006,-2.3561945)
(pose,8.794137954711914,5.471806049346924,-0.4621734941254801)
(object,0.77432203,-2.3561945)
(pose,8.794137954711914,5.471806049346924,-0.4621734941254801)
(object,0.760957,-2.3561945)
(pose,8.794137954711914,5.471806049346924,-0.4621734941254801)
(object,0.74898,-2.3561945)
(pose,8.794137954711914,5.471806049346924,-0.4621734941254801)
(object,0.7652298,-2.3561945)
(pose,8.794137954711914,5.471806049346924,-0.4621734941254801)
(object,0.7499655,-2.3561945)
(pose,8.794137954711914,5.471806049346924,-0.4621734941254801)
(object,0.75417185,-2.3561945)
(pose,8.794137954711914,5.471806049346924,-0.4621734941254801)
(object,0.7587727,-2.3561945)
(pose,8.794137954711914,5.471806049346924,-0.4621734941254801)
(object,0.76175976,-2.3561945)
(pose,8.794137954711914,5.471806049346924,-0.4621734941254801)
(object,0.746774,-2.3561945)
(pose,8.794137954711914,5.471806049346924,-0.4621734941254801)
(object,0.7585757,-2.3561945)
(pose,8.794137954711914,5.471806049346924,-0.4621734941254801)
(object,0.75611347,-2.3561945)
(pose,8.794137954711914,5.471806049346924,-0.4621734941254801)
(object,0.76676255,-2.3561945)
(pose,8.794137954711914,5.471806049346924,-0.4621734941254801)
(object,0.73255014,-2.3561945)
(pose,8.794137954711914,5.471806049346924,-0.4621734941254801)
(object,0.7657767,-2.3561945)
(pose,8.794137954711914,5.471806049346924,-0.4621734941254801)
(object,0.7514791,-2.3561945)
(pose,8.794137954711914,5.471806049346924,-0.4621734941254801)
(object,0.74669385,-2.3561945)
(pose,8.794137954711914,5.471806049346924,-0.4621734941254801)
(object,0.766157,-2.3561945)
(pose,8.794137954711914,5.471806049346924,-0.4621734941254801)
(object,0.7574059,-2.3561945)
(pose,8.794137954711914,5.471806049346924,-0.4621734941254801)
(object,0.7662158,-2.3561945)
(pose,8.794137954711914,5.471806049346924,-0.4621734941254801)
(object,0.74436635,-2.3561945)
(pose,8.794137954711914,5.471806049346924,-0.4621734941254801)
(object,0.7554711,-2.3561945)
(pose,8.794137954711914,5.471806049346924,-0.4621734941254801)
(object,0.745129,-2.3561945)
(pose,8.794137954711914,5.471806049346924,-0.4621734941254801)
(object,0.7470244,-2.3561945)
(pose,8.794137954711914,5.471806049346924,-0.4621734941254801)
(object,0.7619126,-2.3561945)
(pose,8.794137954711914,5.471806049346924,-0.4621734941254801)
(object,0.75518525,-2.3561945)
(pose,8.794137954711914,5.471806049346924,-0.4621734941254801)
(object,0.74218154,-2.3561945)
(pose,8.794137954711914,5.471806049346924,-0.4621734941254801)
(object,0.76131266,-2.3561945)
(pose,8.794137954711914,5.471806049346924,-0.4621734941254801)
(object,0.74888736,-2.3561945)
(pose,8.794137954711914,5.471806049346924,-0.4621734941254801)
(object,0.7558904,-2.3561945)
(pose,8.794137954711914,5.471806049346924,-0.4621734941254801)
(object,0.74660814,-2.3561945)
(pose,8.794137954711914,5.471806049346924,-0.4621734941254801)
(object,0.75736153,-2.3561945)
(pose,8.794137954711914,5.471806049346924,-0.4621734941254801)
(object,0.75638235,-2.3561945)
(pose,8.794137954711914,5.471806049346924,-0.4621734941254801)
(object,0.7606629,-2.3561945)
(pose,8.794137954711914,5.471806049346924,-0.4621734941254801)
(object,0.73153,-2.3561945)
(pose,8.794137954711914,5.471806049346924,-0.4621734941254801)
(object,0.75606,-2.3561945)
(pose,8.794137954711914,5.471806049346924,-0.4621734941254801)
(object,0.7556078,-2.3561945)
(pose,8.794137954711914,5.471806049346924,-0.4621734941254801)
(object,0.7624027,-2.3561945)
(pose,8.794137954711914,5.471806049346924,-0.4621734941254801)
(object,0.7642459,-2.3561945)
(pose,8.794137954711914,5.471806049346924,-0.4621734941254801)
(object,0.74430126,-2.3561945)
(pose,8.794137954711914,5.471806049346924,-0.4621734941254801)
(object,0.7496551,-2.3561945)
(pose,8.794137954711914,5.471806049346924,-0.4621734941254801)
(object,0.76042014,-2.3561945)
(pose,8.794137954711914,5.471806049346924,-0.4621734941254801)
(object,0.76044756,-2.3561945)
(pose,8.794137954711914,5.471806049346924,-0.4621734941254801)
(object,0.7293872,-2.3561945)
(pose,8.794137954711914,5.471806049346924,-0.4621734941254801)
(object,0.74462754,-2.3561945)
(pose,8.794137954711914,5.471806049346924,-0.4621734941254801)
(object,0.75846183,-2.3561945)
(pose,8.794137954711914,5.471806049346924,-0.4621734941254801)
(object,0.75591594,-2.3561945)
(pose,8.794137954711914,5.471806049346924,-0.4621734941254801)
(object,0.7546702,-2.3561945)
(pose,8.794137954711914,5.471806049346924,-0.4621734941254801)
(object,0.7432211,-2.3561945)
(pose,8.794137954711914,5.471806049346924,-0.4621734941254801)
(object,0.7692948,-2.3561945)
(pose,8.794137954711914,5.471806049346924,-0.4621734941254801)
(object,0.75389683,-2.3561945)
(pose,8.794137954711914,5.471806049346924,-0.4621734941254801)
(object,0.75911707,-2.3561945)
(pose,8.794137954711914,5.471806049346924,-0.4621734941254801)
(object,0.75978994,-2.3561945)
(pose,8.794137954711914,5.471806049346924,-0.4621734941254801)
(object,0.7358187,-2.3561945)
(pose,8.794137954711914,5.471806049346924,-0.4621734941254801)
(object,0.75323343,-2.3561945)
(pose,8.794137954711914,5.471806049346924,-0.4621734941254801)
(object,0.7651017,-2.3561945)
(pose,8.794137954711914,5.471806049346924,-0.4621734941254801)
(object,0.7615032,-2.3561945)
(pose,8.794137954711914,5.471806049346924,-0.4621734941254801)
(object,0.7508688,-2.3561945)
(pose,8.794137954711914,5.471806049346924,-0.4621734941254801)
(object,0.7563062,-2.3561945)
(pose,8.794137954711914,5.471806049346924,-0.4621734941254801)
(object,0.7581242,-2.3561945)
(pose,8.794137954711914,5.471806049346924,-0.4621734941254801)
(object,0.7498452,-2.3561945)
(pose,8.794137954711914,5.471806049346924,-0.4621734941254801)
(object,0.75603616,-2.3561945)
(pose,8.794137954711914,5.471806049346924,-0.4621734941254801)
(object,0.7708296,-2.3561945)
(pose,8.794137954711914,5.471806049346924,-0.4621734941254801)
(object,0.75485367,-2.3561945)
(pose,8.794137954711914,5.471806049346924,-0.4621734941254801)
(object,0.75948155,-2.3561945)
(pose,8.794137954711914,5.471806049346924,-0.4621734941254801)
(object,0.7561387,-2.3561945)
(pose,8.794137954711914,5.471806049346924,-0.4621734941254801)
(object,0.7590571,-2.3561945)
(pose,8.794137954711914,5.471806049346924,-0.4621734941254801)
(object,0.748774,-2.3561945)
(pose,8.794137954711914,5.471806049346924,-0.4621734941254801)
(object,0.75515294,-2.3561945)
(pose,8.794137954711914,5.471806049346924,-0.4621734941254801)
(object,0.75157607,-2.3561945)
(pose,8.794137954711914,5.471806049346924,-0.4621734941254801)
(pose,8.794137954711914,5.471806049346924,-0.4621734941254801)
(object,0.75620157,-2.3561945)
(pose,8.794137954711914,5.471806049346924,-0.4621734941254801)
(object,0.73785186,-2.3561945)
(pose,8.794137954711914,5.471806049346924,-0.4621734941254801)
(object,0.7435803,-2.3561945)
(pose,8.794137954711914,5.471806049346924,-0.4621734941254801)
(object,0.7598266,-2.3561945)
(pose,8.794137954711914,5.471806049346924,-0.4621734941254801)
(object,0.75729,-2.3561945)
(pose,8.794137954711914,5.471806049346924,-0.4621734941254801)
(object,0.7319514,-2.3561945)
(pose,8.794137954711914,5.471806049346924,-0.4621734941254801)
(object,0.7476064,-2.3561945)
(pose,8.794137954711914,5.471806049346924,-0.4621734941254801)
(object,0.77316415,-2.3561945)
(pose,8.794137954711914,5.471806049346924,-0.4621734941254801)
(object,0.7748385,-2.3561945)
(pose,8.794137954711914,5.471806049346924,-0.4621734941254801)
(object,0.7375283,-2.3561945)
(pose,8.794137954711914,5.471806049346924,-0.4621734941254801)
(object,0.73715997,-2.3561945)
(pose,8.794137954711914,5.471806049346924,-0.4621734941254801)
(object,0.7504368,-2.3561945)
(pose,8.794137954711914,5.471806049346924,-0.4621734941254801)
(object,0.7693862,-2.3561945)
(pose,8.794137954711914,5.471806049346924,-0.4621734941254801)
(object,0.7558844,-2.3561945)
(pose,8.794137954711914,5.471806049346924,-0.4621734941254801)
(object,0.76505715,-2.3561945)
(pose,8.794137954711914,5.471806049346924,-0.4621734941254801)
(object,0.75983924,-2.3561945)
(pose,8.794137954711914,5.471806049346924,-0.4621734941254801)
(object,0.7320642,-2.3561945)
(pose,8.794137954711914,5.471806049346924,-0.4621734941254801)
(object,0.7743542,-2.3561945)
(pose,8.794137954711914,5.471806049346924,-0.4621734941254801)
(object,0.7717698,-2.3561945)
(pose,8.794137954711914,5.471806049346924,-0.4621734941254801)
(object,0.7567109,-2.3561945)
(pose,8.794137954711914,5.471806049346924,-0.4621734941254801)
(object,0.74697274,-2.3561945)
(pose,8.794137954711914,5.471806049346924,-0.4621734941254801)
(object,0.7716184,-2.3561945)
(pose,8.794137954711914,5.471806049346924,-0.4621734941254801)
(object,0.764788,-2.3561945)
(pose,8.794137954711914,5.471806049346924,-0.4621734941254801)
(object,0.7626805,-2.3561945)
(pose,8.794137954711914,5.471806049346924,-0.4621734941254801)
(object,0.74462795,-2.3561945)
(pose,8.794137954711914,5.471806049346924,-0.4621734941254801)
(object,0.76422894,-2.3561945)
(pose,8.794137954711914,5.471806049346924,-0.4621734941254801)
(object,0.75097424,-2.3561945)
(pose,8.794137954711914,5.471806049346924,-0.4621734941254801)
(object,0.7417569,-2.3561945)
(pose,8.794137954711914,5.471806049346924,-0.4621734941254801)
(object,0.7647965,-2.3561945)
(pose,8.794137954711914,5.471806049346924,-0.4621734941254801)
(object,0.756852,-2.3561945)
(pose,8.794137954711914,5.471806049346924,-0.4621734941254801)
(object,0.7544196,-2.3561945)
(pose,8.794137954711914,5.471806049346924,-0.4621734941254801)
(object,0.75940526,-2.3561945)
(pose,8.794137954711914,5.471806049346924,-0.4621734941254801)
(object,0.7422049,-2.3561945)
(pose,8.794137954711914,5.471806049346924,-0.4621734941254801)
(object,0.7672264,-2.3561945)
(pose,8.794137954711914,5.471806049346924,-0.4621734941254801)
(object,0.75101376,-2.3561945)
(pose,8.794137954711914,5.471806049346924,-0.4621734941254801)
(object,0.76001525,-2.3561945)
(pose,8.794137954711914,5.471806049346924,-0.4621734941254801)
(object,0.7613109,-2.3561945)
(pose,8.794137954711914,5.471806049346924,-0.4621734941254801)
(object,0.76879853,-2.3561945)
(pose,8.794137954711914,5.471806049346924,-0.4621734941254801)
(object,0.75401324,-2.3561945)
(pose,8.794137954711914,5.471806049346924,-0.4621734941254801)
(object,0.74597687,-2.3561945)
(pose,8.794137954711914,5.471806049346924,-0.4621734941254801)
(object,0.7637386,-2.3561945)
(pose,8.794137954711914,5.471806049346924,-0.4621734941254801)
(object,0.7330117,-2.3561945)
(pose,8.794137954711914,5.471806049346924,-0.4621734941254801)
(object,0.7467548,-2.3561945)
(pose,8.794137954711914,5.471806049346924,-0.4621734941254801)
(object,0.76566577,-2.3561945)
(pose,8.794137954711914,5.471806049346924,-0.4621734941254801)
(object,0.7478414,-2.3561945)
(pose,8.794137954711914,5.471806049346924,-0.4621734941254801)
(object,0.7774693,-2.3561945)
(pose,8.794137954711914,5.471806049346924,-0.4621734941254801)
(object,0.774588,-2.3561945)
(pose,8.794137954711914,5.471806049346924,-0.4621734941254801)
(object,0.7619518,-2.3561945)
(pose,8.794137954711914,5.471806049346924,-0.4621734941254801)
(object,0.7601729,-2.3561945)
(pose,8.794137954711914,5.471806049346924,-0.4621734941254801)
(object,0.7682229,-2.3561945)
(pose,8.794137954711914,5.471806049346924,-0.4621734941254801)
(object,0.753436,-2.3561945)
(pose,8.794137954711914,5.471806049346924,-0.4621734941254801)
(object,0.74700797,-2.3561945)
(pose,8.794137954711914,5.471806049346924,-0.4621734941254801)
(object,0.77013975,-2.3561945)
(pose,8.794137954711914,5.471806049346924,-0.4621734941254801)
(object,0.7560607,-2.3561945)
(pose,8.794137954711914,5.471806049346924,-0.4621734941254801)
(object,0.76842976,-2.3561945)
(pose,8.794137954711914,5.471806049346924,-0.4621734941254801)
(object,0.76205707,-2.3561945)
(pose,8.794137954711914,5.471806049346924,-0.4621734941254801)
(object,0.7514429,-2.3561945)
(pose,8.794137954711914,5.471806049346924,-0.4621734941254801)
(object,0.7581541,-2.3561945)
(pose,8.794137954711914,5.471806049346924,-0.4621734941254801)
(object,0.7655609,-2.3561945)
(pose,8.794137954711914,5.471806049346924,-0.4621734941254801)
(object,0.76254475,-2.3561945)
(pose,8.794137954711914,5.471806049346924,-0.4621734941254801)
(object,0.76202923,-2.3561945)
(pose,8.794137954711914,5.471806049346924,-0.4621734941254801)
(object,0.7460012,-2.3561945)
(pose,8.794137954711914,5.471806049346924,-0.4621734941254801)
(object,0.75522316,-2.3561945)
(pose,8.794137954711914,5.471806049346924,-0.4621734941254801)
(object,0.757507,-2.3561945)
(pose,8.794137954711914,5.471806049346924,-0.4621734941254801)
(object,0.75915897,-2.3561945)
(pose,8.794137954711914,5.471806049346924,-0.4621734941254801)
(object,0.75358206,-2.3561945)
(pose,8.794137954711914,5.471806049346924,-0.4621734941254801)
(object,0.7677862,-2.3561945)
(pose,8.794137954711914,5.471806049346924,-0.4621734941254801)
(object,0.7581883,-2.3561945)
(pose,8.794137954711914,5.471806049346924,-0.4621734941254801)
(object,0.7469887,-2.3561945)
(pose,8.794137954711914,5.471806049346924,-0.4621734941254801)
(object,0.7593193,-2.3561945)
(pose,8.794137954711914,5.471806049346924,-0.4621734941254801)
(object,0.7444966,-2.3561945)
(pose,8.794137954711914,5.471806049346924,-0.4621734941254801)
(object,0.7440629,-2.3561945)
(pose,8.794137954711914,5.471806049346924,-0.4621734941254801)
(object,0.7620778,-2.3561945)
(pose,8.794137954711914,5.471806049346924,-0.4621734941254801)
(object,0.7567057,-2.3561945)
(pose,8.794137954711914,5.471806049346924,-0.4621734941254801)
(object,0.74070966,-2.3561945)
(pose,8.794137954711914,5.471806049346924,-0.4621734941254801)
(object,0.7508233,-2.3561945)
(pose,8.794137954711914,5.471806049346924,-0.4621734941254801)
(object,0.7681669,-2.3561945)
(pose,8.794137954711914,5.471806049346924,-0.4621734941254801)
(object,0.7729109,-2.3561945)
(pose,8.794137954711914,5.471806049346924,-0.4621734941254801)
(object,0.74970776,-2.3561945)
(pose,8.794137954711914,5.471806049346924,-0.4621734941254801)
(object,0.75808465,-2.3561945)
(pose,8.794137954711914,5.471806049346924,-0.4621734941254801)
(object,0.7616734,-2.3561945)
(pose,8.794137954711914,5.471806049346924,-0.4621734941254801)
(object,0.7453554,-2.3561945)
(pose,8.794137954711914,5.471806049346924,-0.4621734941254801)
(object,0.7603987,-2.3561945)
(pose,8.794137954711914,5.471806049346924,-0.4621734941254801)
(object,0.75153226,-2.3561945)
(pose,8.794137954711914,5.471806049346924,-0.4621734941254801)
(object,0.7621676,-2.3561945)
(pose,8.794137954711914,5.471806049346924,-0.4621734941254801)
(object,0.7611097,-2.3561945)
(pose,8.794137954711914,5.471806049346924,-0.4621734941254801)
(object,0.7740562,-2.3561945)
(pose,8.794137954711914,5.471806049346924,-0.4621734941254801)
(object,0.752622,-2.3561945)
(pose,8.794137954711914,5.471806049346924,-0.4621734941254801)
(object,0.7453141,-2.3561945)
(pose,8.794137954711914,5.471806049346924,-0.4621734941254801)
(object,0.7641353,-2.3561945)
(pose,8.794137954711914,5.471806049346924,-0.4621734941254801)
(object,0.74677527,-2.3561945)
(pose,8.794137954711914,5.471806049346924,-0.4621734941254801)
(object,0.7503622,-2.3561945)
(pose,8.794137954711914,5.471806049346924,-0.4621734941254801)
(object,0.7732087,-2.3561945)
(pose,8.794137954711914,5.471806049346924,-0.4621734941254801)
(object,0.7601334,-2.3561945)
(pose,8.794137954711914,5.471806049346924,-0.4621734941254801)
(object,0.7653034,-2.3561945)
(pose,8.794137954711914,5.471806049346924,-0.4621734941254801)
(object,0.77182,-2.3561945)
(pose,8.794137954711914,5.471806049346924,-0.4621734941254801)
(object,0.7530034,-2.3561945)
(pose,8.794137954711914,5.471806049346924,-0.4621734941254801)
(object,0.7278054,-2.3561945)
(pose,8.794137954711914,5.471806049346924,-0.4621734941254801)
(object,0.76902866,-2.3561945)
(pose,8.794137954711914,5.471806049346924,-0.4621734941254801)
(object,0.74803734,-2.3561945)
(pose,8.794137954711914,5.471806049346924,-0.4621734941254801)
(object,0.75807875,-2.3561945)
(pose,8.794137954711914,5.471806049346924,-0.4621734941254801)
(object,0.75817215,-2.3561945)
(pose,8.794137954711914,5.471806049346924,-0.4621734941254801)
(object,0.75880706,-2.3561945)
(pose,8.794137954711914,5.471806049346924,-0.4621734941254801)
(object,0.73897135,-2.3561945)
(pose,8.794137954711914,5.471806049346924,-0.4621734941254801)
(object,0.7517393,-2.3561945)
(pose,8.794137954711914,5.471806049346924,-0.4621734941254801)
(object,0.7390658,-2.3561945)
(pose,8.794137954711914,5.471806049346924,-0.4621734941254801)
(object,0.77476937,-2.3561945)
(pose,8.794137954711914,5.471806049346924,-0.4621734941254801)
(object,0.75767946,-2.3561945)
(pose,8.794137954711914,5.471806049346924,-0.4621734941254801)
(object,0.7340963,-2.3561945)
(pose,8.794137954711914,5.471806049346924,-0.4621734941254801)
(object,0.75482196,-2.3561945)
(pose,8.794137954711914,5.471806049346924,-0.4621734941254801)
(object,0.75282514,-2.3561945)
(pose,8.794137954711914,5.471806049346924,-0.4621734941254801)
(object,0.740718,-2.3561945)
(pose,8.794137954711914,5.471806049346924,-0.4621734941254801)
(object,0.7598209,-2.3561945)
(pose,8.794137954711914,5.471806049346924,-0.4621734941254801)
(object,0.7512689,-2.3561945)
(pose,8.794137954711914,5.471806049346924,-0.4621734941254801)
(object,0.76121545,-2.3561945)
(pose,8.794137954711914,5.471806049346924,-0.4621734941254801)
(object,0.7380027,-2.3561945)
(pose,8.794137954711914,5.471806049346924,-0.4621734941254801)
(object,0.77480614,-2.3561945)
(pose,8.794137954711914,5.471806049346924,-0.4621734941254801)
(object,0.7529534,-2.3561945)
(pose,8.794137954711914,5.471806049346924,-0.4621734941254801)
(object,0.75001645,-2.3561945)
(pose,8.794137954711914,5.471806049346924,-0.4621734941254801)
(object,0.7532432,-2.3561945)
(pose,8.794137954711914,5.471806049346924,-0.4621734941254801)
(object,0.75832796,-2.3561945)
(pose,8.794137954711914,5.471806049346924,-0.4621734941254801)
(object,0.75803953,-2.3561945)
(pose,8.794137954711914,5.471806049346924,-0.4621734941254801)
(object,0.77035767,-2.3561945)
(pose,8.794137954711914,5.471806049346924,-0.4621734941254801)
(object,0.7518611,-2.3561945)
(pose,8.794137954711914,5.471806049346924,-0.4621734941254801)
(object,0.7707091,-2.3561945)
(pose,8.794137954711914,5.471806049346924,-0.4621734941254801)
(object,0.75728893,-2.3561945)
(pose,8.794137954711914,5.471806049346924,-0.4621734941254801)
(object,0.75550896,-2.3561945)
(pose,8.794137954711914,5.471806049346924,-0.4621734941254801)
(object,0.7524513,-2.3561945)
(pose,8.794137954711914,5.471806049346924,-0.4621734941254801)
(object,0.76470953,-2.3561945)
(pose,8.794137954711914,5.471806049346924,-0.4621734941254801)
(object,0.74932796,-2.3561945)
(pose,8.794137954711914,5.471806049346924,-0.4621734941254801)
(object,0.74148375,-2.3561945)
(pose,8.794137954711914,5.471806049346924,-0.4621734941254801)
(object,0.74704695,-2.3561945)
(pose,8.794137954711914,5.471806049346924,-0.4621734941254801)
(object,0.769775,-2.3561945)
(pose,8.794137954711914,5.471806049346924,-0.4621734941254801)
(object,0.7527355,-2.3561945)
(pose,8.794137954711914,5.471806049346924,-0.4621734941254801)
(object,0.7434161,-2.3561945)
(pose,8.794137954711914,5.471806049346924,-0.4621734941254801)
(object,0.75570416,-2.3561945)
(pose,8.794137954711914,5.471806049346924,-0.4621734941254801)
(object,0.7675253,-2.3561945)
(pose,8.794137954711914,5.471806049346924,-0.4621734941254801)
(object,0.758914,-2.3561945)
(pose,8.794137954711914,5.471806049346924,-0.4621734941254801)
(object,0.76146466,-2.3561945)
(pose,8.794137954711914,5.471806049346924,-0.4621734941254801)
(object,0.75143,-2.3561945)
(pose,8.794137954711914,5.471806049346924,-0.4621734941254801)
(object,0.7513349,-2.3561945)
(pose,8.794137954711914,5.471806049346924,-0.4621734941254801)
(object,0.7356513,-2.3561945)
(pose,8.794137954711914,5.471806049346924,-0.4621734941254801)
(object,0.76258063,-2.3561945)
(pose,8.794137954711914,5.471806049346924,-0.4621734941254801)
(object,0.7743725,-2.3561945)
(pose,8.794137954711914,5.471806049346924,-0.4621734941254801)
(object,0.7547002,-2.3561945)
(pose,8.794137954711914,5.471806049346924,-0.4621734941254801)
(object,0.77326983,-2.3561945)
(pose,8.794137954711914,5.471806049346924,-0.4621734941254801)
(object,0.7504098,-2.3561945)
(pose,8.794137954711914,5.471806049346924,-0.4621734941254801)
(object,0.74089617,-2.3561945)
(pose,8.794137954711914,5.471806049346924,-0.4621734941254801)
(object,0.74478656,-2.3561945)
(pose,8.794137954711914,5.471806049346924,-0.4621734941254801)
(object,0.7564213,-2.3561945)
(pose,8.794137954711914,5.471806049346924,-0.4621734941254801)
(object,0.7386609,-2.3561945)
(pose,8.794137954711914,5.471806049346924,-0.4621734941254801)
(object,0.761932,-2.3561945)
(pose,8.794137954711914,5.471806049346924,-0.4621734941254801)
(object,0.766162,-2.3561945)
(pose,8.794137954711914,5.471806049346924,-0.4621734941254801)
(object,0.7461689,-2.3561945)
(pose,8.794137954711914,5.471806049346924,-0.4621734941254801)
(object,0.7569015,-2.3561945)
(pose,8.794137954711914,5.471806049346924,-0.4621734941254801)
(object,0.74610746,-2.3561945)
(pose,8.794137954711914,5.471806049346924,-0.4621734941254801)
(object,0.75737745,-2.3561945)
(pose,8.794137954711914,5.471806049346924,-0.4621734941254801)
(object,0.7516405,-2.3561945)
(pose,8.794137954711914,5.471806049346924,-0.4621734941254801)
(object,0.76073205,-2.3561945)
(pose,8.794137954711914,5.471806049346924,-0.4621734941254801)
(object,0.7582886,-2.3561945)
(pose,8.794137954711914,5.471806049346924,-0.4621734941254801)
(object,0.75932944,-2.3561945)
(pose,8.794137954711914,5.471806049346924,-0.4621734941254801)
(object,0.76872975,-2.3561945)
(pose,8.794137954711914,5.471806049346924,-0.4621734941254801)
(object,0.7630177,-2.3561945)
(pose,8.794137954711914,5.471806049346924,-0.4621734941254801)
(object,0.769304,-2.3561945)
(pose,8.794137954711914,5.471806049346924,-0.4621734941254801)
(object,0.7684274,-2.3561945)
(pose,8.794137954711914,5.471806049346924,-0.4621734941254801)
(object,0.744105,-2.3561945)
(pose,8.794137954711914,5.471806049346924,-0.4621734941254801)
(object,0.7453478,-2.3561945)
(pose,8.794137954711914,5.471806049346924,-0.4621734941254801)
(object,0.7687094,-2.3561945)
(pose,8.794137954711914,5.471806049346924,-0.4621734941254801)
(object,0.74200946,-2.3561945)
(pose,8.794137954711914,5.471806049346924,-0.4621734941254801)
(object,0.77342325,-2.3561945)
(pose,8.794137954711914,5.471806049346924,-0.4621734941254801)
(object,0.741804,-2.3561945)
(pose,8.794137954711914,5.471806049346924,-0.4621734941254801)
(object,0.80435055,-2.3561945)
(pose,8.794137954711914,5.471806049346924,-0.4621734941254801)
(object,0.7752055,-2.3561945)
(pose,8.794137954711914,5.471806049346924,-0.4621734941254801)
(object,0.7371479,-2.3561945)
(pose,8.794137954711914,5.471806049346924,-0.4621734941254801)
(object,0.7547989,-2.3561945)
(pose,8.794137954711914,5.471806049346924,-0.4621734941254801)
(object,0.7367616,-2.3561945)
(pose,8.794137954711914,5.471806049346924,-0.4621734941254801)
(object,0.73696315,-2.3561945)
(pose,8.794137954711914,5.471806049346924,-0.4621734941254801)
(object,0.7738542,-2.3561945)
(pose,8.794137954711914,5.471806049346924,-0.4621734941254801)
(object,0.7523539,-2.3561945)
(pose,8.794137954711914,5.471806049346924,-0.4621734941254801)
(object,0.75393754,-2.3561945)
(pose,8.794137954711914,5.471806049346924,-0.4621734941254801)
(object,0.74758905,-2.3561945)
(pose,8.794137954711914,5.471806049346924,-0.4621734941254801)
(object,0.744303,-2.3561945)
(pose,8.794137954711914,5.471806049346924,-0.4621734941254801)
(object,0.73956263,-2.3561945)
(pose,8.794137954711914,5.471806049346924,-0.4621734941254801)
(object,0.75788707,-2.3561945)
(pose,8.794137954711914,5.471806049346924,-0.4621734941254801)
(object,0.74748147,-2.3561945)
(pose,8.794137954711914,5.471806049346924,-0.4621734941254801)
(object,0.74446845,-2.3561945)
(pose,8.794137954711914,5.471806049346924,-0.4621734941254801)
(object,0.761993,-2.3561945)
(pose,8.794137954711914,5.471806049346924,-0.4621734941254801)
(object,0.7609924,-2.3561945)
(pose,8.794137954711914,5.471806049346924,-0.4621734941254801)
(object,0.7596244,-2.3561945)
(pose,8.794137954711914,5.471806049346924,-0.4621734941254801)
(object,0.75550455,-2.3561945)
(pose,8.794137954711914,5.471806049346924,-0.4621734941254801)
(object,0.7385837,-2.3561945)
(pose,8.794137954711914,5.471806049346924,-0.4621734941254801)
(object,0.7678164,-2.3561945)
(pose,8.794137954711914,5.471806049346924,-0.4621734941254801)
(object,0.7625816,-2.3561945)
(pose,8.794137954711914,5.471806049346924,-0.4621734941254801)
(object,0.7607953,-2.3561945)
(pose,8.794137954711914,5.471806049346924,-0.4621734941254801)
(object,0.7478267,-2.3561945)
(pose,8.794137954711914,5.471806049346924,-0.4621734941254801)
(object,0.7564562,-2.3561945)
(pose,8.794137954711914,5.471806049346924,-0.4621734941254801)
(object,0.7495188,-2.3561945)
(pose,8.794137954711914,5.471806049346924,-0.4621734941254801)
(object,0.7739045,-2.3561945)
(pose,8.794137954711914,5.471806049346924,-0.4621734941254801)
(object,0.74849033,-2.3561945)
(pose,8.794137954711914,5.471806049346924,-0.4621734941254801)
(object,0.75543916,-2.3561945)
(pose,8.794137954711914,5.471806049346924,-0.4621734941254801)
(object,0.7527474,-2.3561945)
(pose,8.794137954711914,5.471806049346924,-0.4621734941254801)
(object,0.7588992,-2.3561945)
(pose,8.794137954711914,5.471806049346924,-0.4621734941254801)
(object,0.75600463,-2.3561945)
(pose,8.794137954711914,5.471806049346924,-0.4621734941254801)
(object,0.7561867,-2.3561945)
(pose,8.794137954711914,5.471806049346924,-0.4621734941254801)
(object,0.7597977,-2.3561945)
(pose,8.794137954711914,5.471806049346924,-0.4621734941254801)
(object,0.7535511,-2.3561945)
(pose,8.794137954711914,5.471806049346924,-0.4621734941254801)
(object,0.763169,-2.3561945)
(pose,8.794137954711914,5.471806049346924,-0.4621734941254801)
(object,0.7713987,-2.3561945)
(pose,8.794137954711914,5.471806049346924,-0.4621734941254801)
(object,0.74629575,-2.3561945)
(pose,8.794137954711914,5.471806049346924,-0.4621734941254801)
(object,0.75670713,-2.3561945)
(pose,8.794137954711914,5.471806049346924,-0.4621734941254801)
(pose,8.794137954711914,5.471806049346924,-0.4621734941254801)
(object,0.7635132,-2.3561945)
(pose,8.794137954711914,5.471806049346924,-0.4621734941254801)
(object,0.7630237,-2.3561945)
(pose,8.794137954711914,5.471806049346924,-0.4621734941254801)
(object,0.7329385,-2.3561945)
(pose,8.794137954711914,5.471806049346924,-0.4621734941254801)
(object,0.7718182,-2.3561945)
(pose,8.794137954711914,5.471806049346924,-0.4621734941254801)
(object,0.75792444,-2.3561945)
(pose,8.794137954711914,5.471806049346924,-0.4621734941254801)
(object,0.74346006,-2.3561945)
(pose,8.794137954711914,5.471806049346924,-0.4621734941254801)
(object,0.760972,-2.3561945)
(pose,8.794137954711914,5.471806049346924,-0.4621734941254801)
(object,0.75926316,-2.3561945)
(pose,8.794137954711914,5.471806049346924,-0.4621734941254801)
(object,0.75257707,-2.3561945)
(pose,8.794137954711914,5.471806049346924,-0.4621734941254801)
(object,0.740098,-2.3561945)
(pose,8.794137954711914,5.471806049346924,-0.4621734941254801)
(object,0.7488116,-2.3561945)
(pose,8.794137954711914,5.471806049346924,-0.4621734941254801)
(object,0.75623316,-2.3561945)
(pose,8.794137954711914,5.471806049346924,-0.4621734941254801)
(object,0.7484389,-2.3561945)
(pose,8.794137954711914,5.471806049346924,-0.4621734941254801)
(object,0.7608719,-2.3561945)
(pose,8.794137954711914,5.471806049346924,-0.4621734941254801)
(object,0.75282663,-2.3561945)
(pose,8.794137954711914,5.471806049346924,-0.4621734941254801)
(object,0.75120956,-2.3561945)
(pose,8.794137954711914,5.471806049346924,-0.4621734941254801)
(object,0.75768536,-2.3561945)
(pose,8.794137954711914,5.471806049346924,-0.4621734941254801)
(object,0.7480773,-2.3561945)
(pose,8.794137954711914,5.471806049346924,-0.4621734941254801)
(object,0.76609325,-2.3561945)
(pose,8.794137954711914,5.471806049346924,-0.4621734941254801)
(object,0.7554695,-2.3561945)
(pose,8.794137954711914,5.471806049346924,-0.4621734941254801)
(object,0.7516231,-2.3561945)
(pose,8.794137954711914,5.471806049346924,-0.4621734941254801)
(object,0.7356337,-2.3561945)
(pose,8.794137954711914,5.471806049346924,-0.4621734941254801)
(object,0.75521374,-2.3561945)
(pose,8.794137954711914,5.471806049346924,-0.4621734941254801)
(object,0.746164,-2.3561945)
(pose,8.794137954711914,5.471806049346924,-0.4621734941254801)
(object,0.76555854,-2.3561945)
(pose,8.794137954711914,5.471806049346924,-0.4621734941254801)
(object,0.7638452,-2.3561945)
(pose,8.794137954711914,5.471806049346924,-0.4621734941254801)
(object,0.7510589,-2.3561945)
(pose,8.794137954711914,5.471806049346924,-0.4621734941254801)
(object,0.7597389,-2.3561945)
(pose,8.794137954711914,5.471806049346924,-0.4621734941254801)
(object,0.74905694,-2.3561945)
(pose,8.794137954711914,5.471806049346924,-0.4621734941254801)
(object,0.7621347,-2.3561945)
(pose,8.794137954711914,5.471806049346924,-0.4621734941254801)
(object,0.75549775,-2.3561945)
(pose,8.794137954711914,5.471806049346924,-0.4621734941254801)
(object,0.74816597,-2.3561945)
(pose,8.794137954711914,5.471806049346924,-0.4621734941254801)
(object,0.76202655,-2.3561945)
(pose,8.794137954711914,5.471806049346924,-0.4621734941254801)
(object,0.7627966,-2.3561945)
(pose,8.794137954711914,5.471806049346924,-0.4621734941254801)
(object,0.76384133,-2.3561945)
(pose,8.794137954711914,5.471806049346924,-0.4621734941254801)
(object,0.7848841,-2.3561945)
(pose,8.794137954711914,5.471806049346924,-0.4621734941254801)
(object,0.759617,-2.3561945)
(pose,8.794137954711914,5.471806049346924,-0.4621734941254801)
(object,0.760507,-2.3561945)
(pose,8.794137954711914,5.471806049346924,-0.4621734941254801)
(object,0.77418727,-2.3561945)
(pose,8.794137954711914,5.471806049346924,-0.4621734941254801)
(object,0.777473,-2.3561945)
(pose,8.794137954711914,5.471806049346924,-0.4621734941254801)
(object,0.7466036,-2.3561945)
(pose,8.794137954711914,5.471806049346924,-0.4621734941254801)
(object,0.7518174,-2.3561945)
(pose,8.794137954711914,5.471806049346924,-0.4621734941254801)
(object,0.75760424,-2.3561945)
(pose,8.794137954711914,5.471806049346924,-0.4621734941254801)
(object,0.7552188,-2.3561945)
(pose,8.794137954711914,5.471806049346924,-0.4621734941254801)
(pose,8.794137954711914,5.471806049346924,-0.4621734941254801)
(object,0.74752927,-2.3561945)
(pose,8.794137954711914,5.471806049346924,-0.4621734941254801)
(object,0.7454495,-2.3561945)
(pose,8.794137954711914,5.471806049346924,-0.4621734941254801)
(object,0.7641036,-2.3561945)
(pose,8.794137954711914,5.471806049346924,-0.4621734941254801)
(object,0.74773586,-2.3561945)
(pose,8.794137954711914,5.471806049346924,-0.4621734941254801)
(object,0.75101054,-2.3561945)
(pose,8.794137954711914,5.471806049346924,-0.4621734941254801)
(object,0.7486418,-2.3561945)
(pose,8.794137954711914,5.471806049346924,-0.4621734941254801)
(object,0.7497917,-2.3561945)
(pose,8.794137954711914,5.471806049346924,-0.4621734941254801)
(object,0.759562,-2.3561945)
(pose,8.794137954711914,5.471806049346924,-0.4621734941254801)
(object,0.7569832,-2.3561945)
(pose,8.794137954711914,5.471806049346924,-0.4621734941254801)
(object,0.7683774,-2.3561945)
(pose,8.794137954711914,5.471806049346924,-0.4621734941254801)
(object,0.7419664,-2.3561945)
(pose,8.794137954711914,5.471806049346924,-0.4621734941254801)
(object,0.767525,-2.3561945)
(pose,8.794137954711914,5.471806049346924,-0.4621734941254801)
(object,0.7676334,-2.3561945)
(pose,8.794137954711914,5.471806049346924,-0.4621734941254801)
(object,0.7585304,-2.3561945)
(pose,8.794137954711914,5.471806049346924,-0.4621734941254801)
(object,0.7394125,-2.3561945)
(pose,8.794137954711914,5.471806049346924,-0.4621734941254801)
(object,0.7608174,-2.3561945)
(pose,8.794137954711914,5.471806049346924,-0.4621734941254801)
(object,0.73463356,-2.3561945)
(pose,8.794137954711914,5.471806049346924,-0.4621734941254801)
(object,0.7582587,-2.3561945)
(pose,8.794137954711914,5.471806049346924,-0.4621734941254801)
(object,0.76499945,-2.3561945)
(pose,8.794137954711914,5.471806049346924,-0.4621734941254801)
(object,0.76465046,-2.3561945)
(pose,8.794137954711914,5.471806049346924,-0.4621734941254801)
(object,0.7661344,-2.3561945)
(pose,8.794137954711914,5.471806049346924,-0.4621734941254801)
(object,0.7652208,-2.3561945)
(pose,8.794137954711914,5.471806049346924,-0.4621734941254801)
(object,0.7666359,-2.3561945)
(pose,8.794137954711914,5.471806049346924,-0.4621734941254801)
(object,0.75505686,-2.3561945)
(pose,8.794137954711914,5.471806049346924,-0.4621734941254801)
(object,0.7569504,-2.3561945)
(pose,8.794137954711914,5.471806049346924,-0.4621734941254801)
(object,0.7438226,-2.3561945)
(pose,8.794137954711914,5.471806049346924,-0.4621734941254801)
(object,0.75747025,-2.3561945)
(pose,8.794137954711914,5.471806049346924,-0.4621734941254801)
(object,0.74599993,-2.3561945)
(pose,8.794137954711914,5.471806049346924,-0.4621734941254801)
(object,0.7557426,-2.3561945)
(pose,8.794137954711914,5.471806049346924,-0.4621734941254801)
(object,0.74950224,-2.3561945)
(pose,8.794137954711914,5.471806049346924,-0.4621734941254801)
(object,0.76291806,-2.3561945)
(pose,8.794137954711914,5.471806049346924,-0.4621734941254801)
(object,0.76131654,-2.3561945)
(pose,8.794137954711914,5.471806049346924,-0.4621734941254801)
(object,0.72360015,-2.3561945)
(pose,8.794137954711914,5.471806049346924,-0.4621734941254801)
(object,0.7646473,-2.3561945)
(pose,8.794137954711914,5.471806049346924,-0.4621734941254801)
(object,0.75815874,-2.3561945)
(pose,8.794137954711914,5.471806049346924,-0.4621734941254801)
(object,0.7453363,-2.3561945)
(pose,8.794137954711914,5.471806049346924,-0.4621734941254801)
(object,0.7588015,-2.3561945)
(pose,8.794137954711914,5.471806049346924,-0.4621734941254801)
(object,0.76504916,-2.3561945)
(pose,8.794137954711914,5.471806049346924,-0.4621734941254801)
(object,0.75624514,-2.3561945)
(pose,8.794137954711914,5.471806049346924,-0.4621734941254801)
(object,0.74162376,-2.3561945)
(pose,8.794137954711914,5.471806049346924,-0.4621734941254801)
(object,0.75409555,-2.3561945)
(pose,8.794137954711914,5.471806049346924,-0.4621734941254801)
(object,0.7472457,-2.3561945)
(pose,8.794137954711914,5.471806049346924,-0.4621734941254801)
(object,0.74623215,-2.3561945)
(pose,8.794137954711914,5.471806049346924,-0.4621734941254801)
(object,0.77206314,-2.3561945)
(pose,8.794137954711914,5.471806049346924,-0.4621734941254801)
(object,0.7712778,-2.3561945)
(pose,8.794137954711914,5.471806049346924,-0.4621734941254801)
(object,0.7518393,-2.3561945)
(pose,8.794137954711914,5.471806049346924,-0.4621734941254801)
(object,0.7452958,-2.3561945)
(pose,8.794137954711914,5.471806049346924,-0.4621734941254801)
(object,0.7586062,-2.3561945)
(pose,8.794137954711914,5.471806049346924,-0.4621734941254801)
(object,0.75650823,-2.3561945)
(pose,8.794137954711914,5.471806049346924,-0.4621734941254801)
(object,0.7449795,-2.3561945)
(pose,8.794137954711914,5.471806049346924,-0.4621734941254801)
(object,0.75795424,-2.3561945)
(pose,8.794137954711914,5.471806049346924,-0.4621734941254801)
(object,0.7509676,-2.3561945)
(pose,8.794137954711914,5.471806049346924,-0.4621734941254801)
(object,0.77641517,-2.3561945)
(pose,8.794137954711914,5.471806049346924,-0.4621734941254801)
(object,0.7672372,-2.3561945)
(pose,8.794137954711914,5.471806049346924,-0.4621734941254801)
(object,0.7498792,-2.3561945)
(pose,8.794137954711914,5.471806049346924,-0.4621734941254801)
(object,0.75184953,-2.3561945)
(pose,8.794137954711914,5.471806049346924,-0.4621734941254801)
(object,0.7544326,-2.3561945)
(pose,8.794137954711914,5.471806049346924,-0.4621734941254801)
(object,0.7547676,-2.3561945)
(pose,8.794137954711914,5.471806049346924,-0.4621734941254801)
(object,0.7660844,-2.3561945)
(pose,8.794137954711914,5.471806049346924,-0.4621734941254801)
(object,0.7634262,-2.3561945)
(pose,8.794137954711914,5.471806049346924,-0.4621734941254801)
(object,0.74011725,-2.3561945)
(pose,8.794137954711914,5.471806049346924,-0.4621734941254801)
(object,0.75663066,-2.3561945)
(pose,8.794137954711914,5.471806049346924,-0.4621734941254801)
(object,0.76390666,-2.3561945)
(pose,8.794258117675781,5.471710205078125,-0.4624279919556955)
(object,0.74779254,-2.3561945)
(pose,8.797128677368164,5.4694108963012695,-0.4686394896651296)
(object,0.7548225,-2.3561945)
(pose,8.803773880004883,5.463937759399414,-0.48322820985442166)
(object,0.75340754,-2.3561945)
(pose,8.809727668762207,5.458847522735596,-0.49657168432450455)
(object,0.76443267,-2.3561945)
(pose,8.821126937866211,5.44865608215332,-0.5237002647978745)
(object,0.75902045,-2.3561945)
(pose,8.832619667053223,5.440703868865967,-0.5897983248499181)
(object,0.73650396,-2.3561945)
(pose,8.836586952209473,5.439533710479736,-0.6372100767944913)
(object,0.766796,-2.3561945)
(pose,8.842474937438965,5.440662860870361,-0.7535320298144097)
(object,0.7577022,-2.3561945)
(pose,8.846282958984375,5.443474769592285,-0.8650341617289204)
(object,0.8012281,-2.3561945)
(pose,8.849835395812988,5.447141170501709,-0.990825091265148)
(object,0.7864988,-2.3561945)
(pose,8.852113723754883,5.451247215270996,-1.0915946997993888)
(object,0.7924557,-2.3561945)
(pose,8.852738380432129,5.455264568328857,-1.1413779076643775)
(object,0.81350976,-2.3561945)
(pose,8.85208511352539,5.4592485427856445,-1.1490444124555663)
(object,0.9512783,-2.3561945)
(pose,8.85014533996582,5.463377952575684,-1.1180118185577912)
(object,0.9765524,-2.3561945)
(pose,8.847420692443848,5.46681022644043,-1.0621008389800302)
(object,0.96523756,-2.3561945)
(pose,8.843960762023926,5.469738960266113,-0.9884900679536032)
(object,0.96822315,-2.3561945)
(pose,8.841268539428711,5.471384048461914,-0.932086809108484)
(object,0.9686591,-2.3561945)
(pose,8.834866523742676,5.473817348480225,-0.8048155978949769)
(object,0.9633664,-2.3561945)
(pose,8.831707000732422,5.4744133949279785,-0.7459893252324284)
(object,0.78692126,-2.3561945)
(pose,8.826838493347168,5.474661827087402,-0.6602163992777503)
(object,0.79188466,-2.3561945)
(pose,8.823766708374023,5.471965789794922,-0.5698851729540827)
(object,0.782313,-2.3561945)
(pose,8.823568344116211,5.463210582733154,-0.4743521237775468)
(object,0.77069503,-2.3561945)
(pose,8.82228946685791,5.458532810211182,-0.41250526527253895)
(object,0.75626296,-2.3561945)
(pose,8.820143699645996,5.4542670249938965,-0.35075288033162844)
(object,0.7969233,-2.3561945)
(pose,8.817384719848633,5.4503021240234375,-0.2921179392250026)
(object,0.79052764,-2.3561945)
(pose,8.813905715942383,5.445939540863037,-0.2305107138834714)
(object,0.7884449,-2.3561945)
(pose,8.811267852783203,5.4426493644714355,-0.18759983040478037)
(object,0.8068408,-2.3561945)
(pose,8.80685806274414,5.436581134796143,-0.11656137463339442)
(object,0.9747523,-2.3561945)
(pose,8.804572105407715,5.432858467102051,-0.07717167623907521)
(object,0.95904934,-2.3561945)
(pose,8.802471160888672,5.428795337677002,-0.036729747480231584)
(object,0.9689499,-2.3561945)
(pose,8.799546241760254,5.420909881591797,0.03725810790898218)
(object,0.9858927,-2.3561945)
(pose,8.798685073852539,5.417242050170898,0.0708451791916011)
(object,1.1299443,-2.3561945)
(pose,8.797924041748047,5.411133766174316,0.1272608053262489)
(object,1.1104891,-2.3561945)
(pose,8.797988891601563,5.405208110809326,0.1842941575810056)
(object,1.2992996,-2.3561945)
(pose,8.799003601074219,5.398683071136475,0.25250600123489186)
(object,1.4469855,-2.3561945)
(pose,8.800453186035156,5.393807411193848,0.3095555463393691)
(object,1.7723666,-2.3561945)
(pose,8.801984786987305,5.390397548675537,0.35403073313148875)
(object,2.0575607,-2.3561945)
(pose,8.814741134643555,5.393476963043213,0.4199959856976556)
(object,2.5604258,-2.3561945)
(pose,8.824625968933105,5.395256996154785,0.5041824613314619)
(object,2.8958883,-2.3561945)
(pose,8.831100463867188,5.395087242126465,0.5902161880049316)
(object,2.8812237,-2.3561945)
(pose,8.836874008178711,5.393512725830078,0.7003569914978539)
(object,2.8922458,-2.3561945)
(pose,8.84216022491455,5.390833854675293,0.8354426110154742)
(object,2.877809,-2.3561945)
(pose,8.845394134521484,5.388797760009766,0.9338369753818448)
(object,2.8681052,-2.3561945)
(pose,8.85067081451416,5.385284423828125,1.1144996063706296)
(object,2.8845742,-2.3561945)
(pose,8.856477737426758,5.381654739379883,1.331296333310806)
(object,2.882289,0.66288495)
(object,2.880972,0.5578735)
(pose,8.861632347106934,5.378101825714111,1.52924274248424)
(pose,8.859907150268555,5.366971492767334,1.463546746111546)
(object,2.8982065,0.45286202)
(pose,8.857146263122559,5.365418434143066,1.366798121241655)
(object,2.9063115,0.33472395)
(pose,8.853374481201172,5.364094257354736,1.2406065296187103)
(object,2.8890407,0.25596547)
(pose,8.849820137023926,5.3634185791015625,1.128586918241771)
(object,2.8790174,0.21658611)
(pose,8.84516429901123,5.363196849822998,0.992721912973642)
(object,2.8956976,0.21658611)
(pose,8.840734481811523,5.363450527191162,0.8761330759888624)
(object,2.8828444,0.22971249)
(object,2.881222,0.26909184)
(pose,8.83718204498291,5.363865375518799,0.7918838799175992)
(pose,8.834333419799805,5.3643269538879395,0.7297860312409947)
(object,2.8801415,0.32159758)
(object,2.8858247,0.3741033)
(pose,8.832476615905762,5.364685535430908,0.6917460664185067)
(pose,8.830703735351563,5.36506462097168,0.6571417447532226)
(object,2.879714,0.45286202)
(pose,8.830854415893555,5.367143630981445,0.6369353869257485)
(object,2.8898816,0.5184941)
(pose,8.836557388305664,5.3767409324646,0.6228006064164455)
(object,2.8696737,0.6103792)
(pose,8.84762954711914,5.393190860748291,0.6153560845039715)
(object,2.8703597,0.6760113)
(pose,8.861897468566895,5.413557052612305,0.612490534180671)
(object,2.8835375,0.72851706)
(pose,8.880704879760742,5.439992427825928,0.6122162581892907)
(object,2.892668,-2.3561945)
(pose,8.9002046585083,5.467286109924316,0.6135582104884884)
(object,2.8915665,-2.3561945)
(pose,8.913345336914063,5.4857001304626465,0.614885149047571)
(object,2.8861558,-2.3561945)
(pose,8.947526931762695,5.533801078796387,0.6189542791171035)
(object,2.8809824,-2.3561945)
(pose,8.967039108276367,5.5614423751831055,0.6213852631355445)
(object,2.8785815,-2.3561945)
(pose,8.997872352600098,5.6054182052612305,0.625126496269259)
(object,2.883552,-2.3561945)
(pose,9.025981903076172,5.6458258628845215,0.6283194926525635)
(object,2.9000487,-2.3561945)
(pose,9.05275821685791,5.684582233428955,0.6311187943491159)
(object,2.873199,-2.3561945)
(pose,9.08208465576172,5.7273077964782715,0.6338966141504407)
(object,2.8771276,-2.3561945)
(pose,9.101962089538574,5.7564215660095215,0.6356098623250415)
(object,2.8683634,0.912287)
(object,2.9003398,0.93854)
(pose,9.131901741027832,5.800482749938965,0.6379410258616138)
(pose,9.217260360717772,5.927289009094238,0.6431242791863622)
(object,2.8719697,0.93854)
(pose,9.242284774780272,5.964733123779297,0.6442917390628764)
(pose,9.285335540771484,6.029370307922363,0.6459932867428649)
(object,2.878677,0.95166636)
(object,2.8902621,0.9647927)
(pose,9.34559726715088,6.1202392578125,0.6478325344298284)
(object,2.887336,0.97791934)
(pose,9.376049995422363,6.166299819946289,0.6485651481333603)
(object,2.868803,0.9910457)
(pose,9.404067993164063,6.208742618560791,0.6491425512717243)
(object,2.878815,0.9910457)
(pose,9.439448356628418,6.262421131134033,0.6497585546868507)
(object,2.8687458,1.0041721)
(pose,9.466882705688477,6.30409049987793,0.650161276932491)
(object,2.8788471,1.0172985)
(pose,9.491743087768556,6.341885566711426,0.6504776571428358)
(object,2.876005,1.0304248)
(pose,9.51151180267334,6.371957778930664,0.6507001319166152)
(object,2.8692796,1.0304248)
(pose,9.541826248168944,6.4181036949157715,0.6509973929152032)
(object,2.887313,1.0435514)
(pose,9.571643829345703,6.4635186195373535,0.6512445245809921)
(object,2.875439,1.0566778)
(pose,9.60276699066162,6.510949611663818,0.6514622830718002)
(object,2.880769,1.0698042)
(pose,9.648788452148438,6.581130504608154,0.6517217985112529)
(object,2.8918648,1.0829306)
(object,2.8762372,1.0829306)
(pose,9.67655086517334,6.623481750488281,0.6518483929126654)
(pose,9.712068557739258,6.677689075469971,0.6519841035119702)
(object,2.8893306,1.1091835)
(pose,9.74268627166748,6.724427700042725,0.6520808849029811)
(object,2.8755643,1.1223099)
(pose,9.77814483642578,6.778564453125,0.6521736013853565)
(object,2.8963203,1.1354363)
(pose,9.802440643310549,6.815674304962158,0.6522269281259081)
(object,2.882077,1.1485629)
(pose,9.8301420211792,6.857983112335205,0.6522796313341759)
(object,2.872413,1.1616893)
(pose,9.857523918151855,6.899803638458252,0.6523238673314659)
(object,2.8752842,1.1616893)
(pose,9.887150764465332,6.945068359375,0.6523644036710237)
(object,2.8629003,1.1748157)
(object,2.887908,1.187942)
(pose,9.909302711486816,6.97891902923584,0.6523904460096557)
(pose,9.95300579071045,7.045694828033447,0.6524331825662519)
(object,2.8862388,1.2010686)
(pose,9.983238220214844,7.091886043548584,0.6524570307816822)
(object,2.867929,1.214195)
(pose,10.010400772094728,7.13338565826416,0.6524751685004704)
(object,2.8778305,1.2273214)
(pose,10.038274765014648,7.175975322723389,0.6524910472206542)
(object,2.8885415,1.2404478)
(pose,10.06808853149414,7.221538543701172,0.6525054199578921)
(object,2.874119,1.2535744)
(pose,10.098175048828123,7.267532825469971,0.6525175334460137)
(object,2.8690455,1.2667007)
(pose,10.125360488891602,7.309094429016113,0.6525268854478586)
(object,2.875293,1.2798271)
(pose,10.147153854370115,7.342413902282715,0.6525332875587033)
(object,2.888547,1.2929535)
(pose,10.171849250793455,7.380163669586182,0.652539752492507)
(object,2.9000568,1.3060801)
(pose,10.216129302978516,7.447846412658691,0.6525491675473947)
(object,2.8835945,1.3192065)
(pose,10.241018295288086,7.485888957977295,0.6525536868170166)
(object,2.9006531,-1.1091834)
(pose,10.278695106506348,7.54348087310791,0.6525588965654405)
(object,2.880089,-1.5423558)
(pose,10.681632041931152,8.15943717956543,0.6525776645226266)
(object,2.895012,-1.5686085)
(pose,10.708422660827637,8.20039176940918,0.6525776645226266)
(object,2.8838596,-1.581735)
(pose,10.746535301208496,8.258659362792969,0.6525776645226266)
(object,2.8499973,-1.5948615)
(pose,10.76449966430664,8.286127090454102,0.6525776645226266)
(object,2.8785665,-1.6211143)
(pose,10.80501651763916,8.348069190979004,0.6525776645226266)
(object,2.8752227,-1.6473672)
(pose,10.83138656616211,8.388384819030762,0.6525776645226266)
(object,2.8706658,-1.6604936)
(pose,10.860280990600586,8.4325590133667,0.6525776645226266)
(object,2.8841105,-1.67362)
(pose,10.887399673461914,8.474017143249512,0.6525776645226266)
(object,2.8838837,-1.699873)
(pose,10.913421630859377,8.513799667358398,0.6525776645226266)
(object,2.8771176,-1.7129993)
(pose,10.941034317016602,8.55601692199707,0.6525776645226266)
(object,2.8788328,-1.7261257)
(pose,10.960128784179688,8.585209846496582,0.6525776645226266)
(object,2.881269,-1.7392522)
(pose,10.987298965454102,8.626747131347656,0.6525776645226266)
(object,2.8658168,-1.7523787)
(pose,11.021164894104004,8.678519248962402,0.6525776645226266)
(object,2.8845842,-1.7655051)
(pose,11.053486824035645,8.727935791015625,0.6525776645226266)
(object,2.8987896,-1.7786314)
(pose,11.080329895019531,8.768975257873535,0.6525776645226266)
(object,2.8857799,-1.791758)
(pose,11.110618591308594,8.81528377532959,0.6525776645226266)
(object,2.8793676,-1.8048844)
(pose,11.129618644714355,8.844330787658691,0.6525776645226266)
(object,2.8814726,-1.8180108)
(pose,11.16014289855957,8.890997886657715,0.6525776645226266)
(object,2.895497,-1.8311372)
(pose,11.184832572937012,8.928744316101074,0.6525776645226266)
(object,2.8819413,-1.8442637)
(pose,11.217360496520996,8.978476524353027,0.6525776645226266)
(object,2.8754265,-1.85739)
(pose,11.239697456359863,9.01262664794922,0.6525776645226266)
(object,2.8712492,-1.8705165)
(pose,11.2774019241333,9.070267677307127,0.6525776645226266)
(object,2.9011269,-1.8836429)
(pose,11.3043851852417,9.111519813537598,0.6525776645226266)
(object,2.8620741,-1.8967694)
(pose,11.328524589538574,9.148426055908203,0.6525776645226266)
(object,2.8684416,-1.9098958)
(pose,11.35688018798828,9.191778182983398,0.6525776645226266)
(object,2.8826015,-1.9230223)
(pose,11.378799438476563,9.225287437438965,0.6525776645226266)
(object,2.8998146,-1.9361486)
(pose,11.417107582092283,9.28385066986084,0.6525776645226266)
(object,2.8792126,-1.9492751)
(pose,11.441824913024902,9.321640014648438,0.6525776645226266)
(object,2.8789778,-1.9624015)
(pose,11.466388702392578,9.359195709228516,0.6525776645226266)
(object,2.8693192,-1.9624015)
(pose,11.49902057647705,9.409085273742676,0.6525776645226266)
(object,2.895324,-1.975528)
(pose,11.52382755279541,9.44701099395752,0.6525776645226266)
(object,2.8700247,-1.9886544)
(pose,11.551002502441406,9.48855686187744,0.6525776645226266)
(object,2.883274,-2.0017807)
(pose,11.578404426574709,9.530451774597168,0.6525776645226266)
(object,2.8838766,-2.0149074)
(pose,11.605682373046877,9.572155952453612,0.6525776645226266)
(object,2.8542097,-2.0280337)
(pose,11.63583278656006,9.61825180053711,0.6525776645226266)
(object,2.8611872,-2.04116)
(pose,11.666170120239258,9.664632797241213,0.6525776645226266)
(object,2.8667262,-2.0542865)
(pose,11.684221267700195,9.692230224609377,0.6525776645226266)
(object,2.8819933,-2.0542865)
(pose,11.71848487854004,9.744613647460938,0.6525776645226266)
(object,2.8865836,-2.067413)
(pose,11.745582580566406,9.786039352416992,0.6525776645226266)
(object,2.904437,-2.0805395)
(pose,11.772734642028809,9.827553749084473,0.6525776645226266)
(pose,11.800251960754396,9.86962604522705,0.6525776645226266)
(object,2.8884234,-2.0936658)
(object,2.8978796,-2.1067922)
(pose,11.82819938659668,9.912352561950684,0.6525776645226266)
(object,2.866245,-2.1199188)
(pose,11.860323905944824,9.961465835571287,0.6525776645226266)
(object,2.8668394,-2.1199188)
(pose,11.885165214538574,9.99944305419922,0.6525776645226266)
(object,2.8785005,-2.1330452)
(pose,11.912519454956056,10.04126262664795,0.6525776645226266)
(pose,11.956558227539063,10.10859203338623,0.6525776645226266)
(object,2.8816848,-2.1461716)
(object,2.878541,-2.159298)
(pose,11.98445987701416,10.15126895904541,0.6523685452818127)
(object,2.8838325,-2.1724246)
(pose,12.009587287902832,10.190679550170898,0.6369262958782101)
(object,2.8805819,-2.1724246)
(pose,12.023569107055664,10.21296215057373,0.6154217603894668)
(object,2.8814,-2.185551)
(pose,12.041851043701172,10.241981506347656,0.5695738318400698)
(object,2.8797607,-2.1986773)
(pose,12.06036376953125,10.270785331726074,0.49731440509535385)
(object,2.874305,-2.2118037)
(pose,12.069188117980955,10.284272193908691,0.4508491128531133)
(object,2.8871055,-2.2249303)
(pose,12.078399658203123,10.298331260681152,0.39067939221696785)
(object,2.8797667,-2.2249303)
(pose,12.083874702453612,10.30685806274414,0.34682251792590396)
(object,2.8954952,-2.2380567)
(pose,12.09031867980957,10.31743621826172,0.28289204799006845)
(object,2.8731625,-2.2249303)
(pose,12.096779823303224,10.325687408447266,0.23466706634270343)
(object,2.8749955,-2.185551)
(pose,12.110329627990724,10.335387229919434,0.1977114620342179)
(object,2.8905458,-2.1461716)
(pose,12.131728172302246,10.34634780883789,0.16798662748908388)
(object,2.872255,-2.0936658)
(pose,12.156865119934082,10.3565092086792,0.14696574721566324)
(object,2.8769767,-2.0280337)
(pose,12.179945945739746,10.364435195922852,0.13358560834159297)
(object,2.875024,-1.9492751)
(pose,12.216533660888672,10.375285148620604,0.11851420038071156)
(object,2.8795009,-1.8705165)
(pose,12.264177322387695,10.387373924255373,0.10519829657977792)
(object,2.8795643,-1.791758)
(pose,12.301002502441406,10.395662307739258,0.09778991684583375)
(object,2.8705227,-1.7261257)
(pose,12.332387924194336,10.40219783782959,0.09278477735247022)
(object,2.8781958,-1.67362)
(pose,12.38548469543457,10.412421226501465,0.08623259270943757)
(object,2.8920696,-1.6342407)
(pose,12.423907279968262,10.429856300354004,0.09449846230542606)
(object,2.8898633,-1.6079879)
(pose,12.4284029006958,10.430017471313477,0.11851861756701156)
(object,2.8722599,-1.5948615)
(pose,12.432595252990724,10.428389549255373,0.1482805798947683)
(object,2.8901594,-1.581735)
(pose,12.434236526489258,10.42604160308838,0.18053021237183609)
(object,2.884743,-1.581735)
(object,2.7284327,-1.581735)
(pose,12.432975769042969,10.422280311584473,0.21798211314700253)
(pose,12.423649787902832,10.410104751586914,0.30057810991565886)
(object,2.8847582,-1.5948615)
(object,2.8915718,-1.8048844)
(pose,12.42806911468506,10.41016960144043,0.3293936544412695)
(pose,12.486557006835938,10.456216812133787,0.3647151460651257)
(object,2.7284725,-1.8705165)
(pose,12.498319625854492,10.470470428466797,0.34272305221628085)
(object,2.717542,-1.9361486)
(pose,12.508376121520996,10.481706619262695,0.3251678420491612)
(object,2.734935,-2.0017807)
(pose,12.5189208984375,10.492619514465332,0.30781155386096387)
(object,2.7261949,-2.0542865)
(pose,12.527240753173828,10.500580787658691,0.2947840088425189)
(object,2.7285926,-2.0936658)
(pose,12.53765869140625,10.509949684143066,0.2792060275042109)
(object,2.71747,-2.1067922)
(pose,12.560395240783691,10.528253555297852,0.24759691512276435)
(object,2.8639903,-2.0936658)
(pose,12.583901405334473,10.544672012329102,0.2177240096615005)
(object,2.7276022,-2.067413)
(pose,12.598480224609377,10.553754806518556,0.200352942367715)
(object,2.8822365,-2.0542865)
(pose,12.617530822753906,10.56975269317627,0.1787645693710735)
(object,2.8874352,-2.0280337)
(pose,12.634928703308104,10.584649085998535,0.15998295366024773)
(object,2.7234328,-2.0017807)
(pose,12.640389442443848,10.589089393615724,0.15425219146630786)
(object,2.7232988,-1.975528)
(pose,12.652580261230469,10.598623275756836,0.1417093898780394)
(object,2.8758361,-1.9492751)
(pose,12.661772727966309,10.60547924041748,0.13246275573899305)
(object,2.5464623,-1.9098958)
(pose,12.673980712890623,10.614163398742676,0.1204414528271175)
(object,2.7206233,-1.8836429)
(pose,12.68617820739746,10.622377395629885,0.1086989467291874)
(object,2.564982,-1.8442637)
(pose,12.695382118225098,10.628286361694336,0.09999883755448946)
(object,2.860969,-1.8311372)
(pose,12.705181121826172,10.634313583374023,0.09087564527820102)
(object,2.5628479,-1.8048844)
(pose,12.726740837097168,10.64665985107422,0.07124450148384101)
(object,2.7175746,-1.791758)
(pose,12.744437217712402,10.655899047851563,0.05552857975970641)
(object,2.715621,-1.7786314)
(pose,12.766315460205078,10.666263580322266,0.036511405406859966)
(object,2.880208,-1.7655051)
(pose,12.792874336242676,10.677350044250488,0.013919484506788309)
(object,2.4135687,-1.7392522)
(pose,12.805746078491213,10.682154655456545,0.003134123566739208)
(object,2.5653617,-1.7261257)
(pose,12.811005592346191,10.684810638427734,-0.0018992348162901157)
(object,2.2387037,-1.699873)
(pose,12.811354637145996,10.685062408447266,-0.002243255843238695)
(object,2.8655202,-1.6867465)
(pose,12.81164264678955,10.685275077819824,-0.002530105077118171)
(object,2.876325,-1.6604936)
(pose,12.81171417236328,10.685328483581545,-0.002601614135318215)
(object,1.613427,-1.6211143)
(pose,12.811713218688965,10.685327529907228,-0.0025999980250263096)
(object,1.1188145,-1.5948615)
(pose,12.811713218688965,10.685327529907228,-0.002596136450606713)
(object,0.65084636,-1.581735)
(pose,12.811697959899902,10.685321807861328,-0.0025784756587893527)
(object,0.6317292,-1.581735)
(pose,12.81127643585205,10.68514919281006,-0.0021616938488735397)
(object,0.65421754,-1.581735)
(pose,12.80996799468994,10.684614181518556,-0.0008679757729519797)
(object,0.64528996,-1.581735)
(pose,12.808844566345217,10.684198379516602,0.00012995739454095445)
(object,0.6437032,-1.581735)
(pose,12.808371543884276,10.684030532836914,0.0005739121259859195)
(object,0.6383521,-1.581735)
(pose,12.80691623687744,10.683526039123535,0.0017649539777389934)
(object,0.639299,-1.581735)
(pose,12.805228233337402,10.682950019836426,0.0031497120399693285)
(object,0.64812857,-1.581735)
(pose,12.801122665405272,10.681618690490724,0.006754383761031437)
(object,0.6315047,-1.581735)
(pose,12.7971830368042,10.68063259124756,0.010057709382696673)
(object,0.64448375,-1.581735)
(pose,12.791825294494627,10.679448127746582,0.014564639891565695)
(object,0.65373975,-1.581735)
(pose,12.783307075500488,10.677679061889648,0.02176044444026416)
(object,0.62990904,-1.581735)
(pose,12.77554416656494,10.676107406616213,0.02836011784244291)
(object,0.625044,-1.581735)
(pose,12.761307716369627,10.6731538772583,0.04057383201685438)
(object,0.6408267,-1.581735)
(pose,12.74742603302002,10.670051574707031,0.052641089459584435)
(object,0.6468838,-1.581735)
(pose,12.7302827835083,10.665839195251465,0.06779311653492201)
(object,0.6591437,-1.581735)
(pose,12.71847438812256,10.662674903869627,0.07841065795742279)
(object,0.62176794,-1.581735)
(pose,12.690446853637695,10.654199600219728,0.10433015346209144)
(object,1.1227164,-1.5948615)
(pose,12.670061111450195,10.647130012512209,0.1239270283762114)
(object,1.4325264,-1.6079879)
(pose,12.649443626403809,10.63913345336914,0.14452603163934197)
(object,1.4622397,-1.6211143)
(pose,12.632967948913574,10.632094383239746,0.16165003312984003)
(object,2.402038,-1.6473672)
(pose,12.602048873901367,10.617189407348633,0.19572477126182897)
(object,2.875004,-1.67362)
(pose,12.580362319946287,10.605298042297363,0.22149402963019776)
(object,2.240069,-1.6867465)
(pose,12.565152168273926,10.59617805480957,0.24070434220596168)
(object,2.2425609,-1.7129993)
(pose,12.535834312438965,10.576571464538574,0.2810726915716728)
(object,2.882696,-1.7523787)
(pose,12.508875846862791,10.555416107177734,0.3270111480265335)
(object,2.5710118,-1.7786314)
(pose,12.508489608764648,10.548470497131348,0.398402356418076)
(object,2.879615,-1.8180108)
(pose,12.527372360229492,10.55446720123291,0.538135946600765)
(object,2.866721,-1.85739)
(pose,12.54238224029541,10.577003479003906,0.7297465312803671)
(object,2.568686,-1.8836429)
(pose,12.536672592163086,10.593174934387209,0.8371522757332948)
(object,2.8711076,-2.0805395)
(pose,12.570518493652344,10.742121696472168,2.167836477457852)
(object,1.909266,-2.3561945)
(pose,12.5556640625,10.806195259094238,2.5361018865475877)
(object,1.2567103,-2.3561945)
(pose,12.375914573669434,10.937714576721191,-3.125681296020149)
(object,2.9006968,2.1461716)
(pose,12.37107276916504,10.923157691955566,3.023767465138775)
(object,2.8736074,1.9886546)
(pose,12.373045921325684,10.917078971862791,2.9711751046466883)
(object,2.8762064,1.8705168)
(pose,12.374811172485352,10.91099739074707,2.918942163589384)
(object,2.8640811,1.8180108)
(pose,12.376465797424316,10.90302562713623,2.848477696356784)
(object,2.8841422,1.8311372)
(pose,12.377206802368164,10.89535140991211,2.775467343087777)
(object,2.881115,1.8573899)
(pose,12.376952171325684,10.887086868286133,2.6866102258891833)
(object,2.8657773,1.9230223)
(pose,12.376161575317385,10.881831169128418,2.621559615286669)
(object,2.877558,2.0149074)
(pose,12.373991012573242,10.874114990234377,2.5074645141494094)
(object,2.8689349,2.1067924)
(pose,12.370306015014648,10.86633014678955,2.3559699478210607)
(object,2.8928497,2.1986775)
(pose,12.366427421569824,10.860757827758787,2.2089586676203643)
(object,2.879644,2.303689)
(pose,12.36223316192627,10.856289863586426,2.0512782910870686)
(pose,12.357098579406738,10.85224151611328,1.8558705275205485)
(object,2.7263985,-2.3561945)
(pose,12.35071086883545,10.848752975463867,1.6120024413739766)
(object,1.7526286,-2.3561945)
(pose,12.32699966430664,10.844605445861816,0.8642537831866132)
(object,1.4497106,-2.3561945)
(pose,12.32468318939209,10.844650268554688,0.8113329209126375)
(object,1.273271,-2.3561945)
(pose,12.323155403137209,10.844683647155762,0.7785528858334949)
(object,1.1209466,-2.3561945)
(pose,12.322726249694824,10.84440803527832,0.7725998153361107)
(object,1.2692672,-2.3561945)
(pose,12.324182510375977,10.843135833740234,0.816810742833922)
(object,1.2742087,-2.3561945)
(pose,12.326162338256836,10.842085838317873,0.8728583145430796)
(object,1.4349712,-2.3561945)
(pose,12.32837963104248,10.841139793395996,0.937157540255236)
(object,1.5871226,-2.3561945)
(pose,12.332304954528809,10.83984375,1.0575746900727634)
(object,1.7691413,-2.3561945)
(pose,12.336471557617188,10.838885307312012,1.1953612463272842)
(object,1.9139214,-2.3561945)
(pose,12.34132194519043,10.838237762451172,1.366796041523728)
(object,1.9322282,-2.3561945)
(pose,12.345656394958496,10.838052749633787,1.5272379835886292)
(object,1.9031389,-2.3561945)
(pose,12.349397659301758,10.838177680969238,1.6670428837231637)
(object,1.7742814,-2.3561945)
(pose,12.354403495788574,10.838772773742676,1.8503162405917009)
(object,1.6121037,-2.3561945)
(pose,12.35943603515625,10.839861869812012,2.02406893347398)
(object,1.4479988,-2.3561945)
(pose,12.362682342529297,10.842741012573242,2.1450297964758853)
(object,1.2645595,-2.3561945)
(pose,12.362133026123049,10.849043846130373,2.1882680709708966)
(object,1.1232134,-2.3561945)
(pose,12.356494903564451,10.868603706359863,2.231787458896758)
(object,1.2724143,-2.3561945)
(pose,12.35289478302002,10.878674507141112,2.240583977668205)
(object,1.2913475,-2.3561945)
(pose,12.34070110321045,10.91002082824707,2.249727487451876)
(object,1.4220272,-2.3561945)
(pose,12.325984001159668,10.946233749389648,2.2464777289338804)
(object,1.5949873,-2.3561945)
(pose,12.31208038330078,10.98037052154541,2.2385009635876805)
(object,1.7600214,-2.3561945)
(pose,12.296830177307127,11.018335342407228,2.2275359718049415)
(object,2.071497,-2.3561945)
(pose,12.277791023254396,11.066926956176758,2.21266616263653)
(object,2.2291956,-2.3561945)
(pose,12.263339042663574,11.104846954345703,2.2012754636177165)
(object,2.2434766,-2.3561945)
(pose,12.249611854553224,11.14174461364746,2.190703268022366)
(object,2.4165926,-2.3561945)
(pose,12.214033126831056,11.241460800170898,2.165485788813199)
(object,2.5679655,-2.3561945)
(pose,12.191692352294922,11.306994438171388,2.1517078996639194)
(object,2.5587616,-2.3561945)
(pose,12.174644470214844,11.358413696289063,2.142354480091212)
(object,2.7364168,-2.3561945)
(object,2.7185445,-2.3561945)
(pose,12.153453826904297,11.42389678955078,2.1321219553171176)
(pose,12.108478546142578,11.567889213562012,2.115158848809352)
(pose,12.089058876037598,11.631802558898926,2.1095963605948707)
(object,2.7166557,-2.3561945)
(object,2.8882647,-2.3561945)
(object,2.8933783,-2.3561945)
(pose,12.043939590454102,11.783385276794434,2.099953306261331)
(pose,12.022049903869627,11.858145713806152,2.0966060960660617)
(pose,11.999004364013672,11.93750286102295,2.0938087334999875)
(pose,11.963629722595217,12.060304641723633,2.0906478523360903)
(object,2.8823404,-2.3561945)
(pose,11.90583324432373,12.262697219848633,2.087432079441608)
(pose,11.875903129577637,12.36807346343994,2.086174288204605)
(pose,11.870993614196776,12.385383605957031,2.0859913818867217)
(pose,11.867634773254396,12.39724063873291,2.0858712499929073)
(pose,11.864360809326172,12.408791542053224,2.085758518515325)
(pose,11.861154556274414,12.420113563537598,2.0856760114674033)
(pose,11.854747772216797,12.442758560180664,2.0856120306888304)
(pose,11.848698616027832,12.464139938354492,2.0855892074986695)
(pose,11.841713905334473,12.488835334777832,2.085579453873783)
(pose,11.835307121276855,12.511482238769531,2.085578283433774)
(pose,11.82547378540039,12.546253204345703,2.085583355332706)
(pose,11.81165599822998,12.595110893249512,2.0855962300623085)
(pose,11.799871444702148,12.636778831481934,2.085608909592965)
(pose,11.78479290008545,12.69010066986084,2.085625295260874)
(pose,11.76779842376709,12.750187873840332,2.0856420708451857)
(pose,11.74375820159912,12.835189819335938,2.0856643079068182)
(pose,11.713874816894531,12.940829277038574,2.085683228609446)
(pose,11.683685302734377,13.047532081604004,2.085700198484873)
(pose,11.65032196044922,13.165465354919434,2.0857099511844424)
(pose,11.624674797058104,13.256118774414063,2.085717363186126)
(pose,11.586540222167969,13.390912055969238,2.085727115754144)
(pose,11.554028511047363,13.505818367004396,2.085728286057283)
(pose,11.529614448547363,13.59213638305664,2.085728286057283)
(pose,11.503334999084473,13.68502140045166,2.085728286057283)
(pose,11.470101356506348,13.802433967590332,2.085728286057283)
(pose,11.43678379058838,13.920247077941896,2.085728286057283)
(pose,11.394750595092772,14.068848609924316,2.085728286057283)
(pose,11.347569465637209,14.235630989074709,2.085728286057283)
(pose,11.308270454406738,14.374547958374023,2.085728286057283)
(pose,11.295774459838867,14.418718338012695,2.085728286057283)
(pose,11.284523010253906,14.458490371704102,2.085728286057283)
(pose,11.274651527404783,14.493379592895508,2.085728286057283)
(pose,11.264479637145996,14.529335021972656,2.085728286057283)
(pose,11.246607780456545,14.592501640319824,2.085728286057283)
(pose,11.234891891479492,14.633917808532717,2.085728286057283)
(pose,11.216423034667969,14.699196815490724,2.085728286057283)
(pose,11.20969009399414,14.722992897033691,2.085728286057283)
(pose,11.199926376342772,14.75749397277832,2.085728286057283)
(pose,11.19189167022705,14.785890579223633,2.085728286057283)
(pose,11.185795783996582,14.8074369430542,2.085728286057283)
(pose,11.177373886108398,14.837202072143556,2.085728286057283)
(pose,11.167516708374023,14.87204647064209,2.085728286057283)
(pose,11.15758991241455,14.90713596343994,2.085728286057283)
(pose,11.14700698852539,14.94454574584961,2.085728286057283)
(pose,11.127758026123049,15.012588500976563,2.085728286057283)
(pose,11.119715690612791,15.041014671325684,2.085728286057283)
(pose,11.109078407287598,15.07861614227295,2.085728286057283)
(pose,11.100423812866213,15.109770774841309,2.0908355264824188)
(pose,11.095107078552246,15.132794380187988,2.1345693439532445)
(pose,11.093233108520508,15.147871971130373,2.222000969611105)
(pose,11.09401798248291,15.153627395629885,2.297372221457444)
(pose,11.096372604370115,15.15674114227295,2.3798125838508977)
(pose,11.099902153015137,15.158005714416504,2.4594039173332356)
(pose,11.105709075927734,15.15834903717041,2.5550784339856927)
(pose,11.111008644104004,15.15830421447754,2.6247946467970045)
(pose,11.11540985107422,15.158343315124512,2.675459150540824)
(pose,11.120502471923828,15.158617973327637,2.7287442794133057)
(pose,11.128654479980469,15.159698486328123,2.805909880072618)
(pose,11.133727073669434,15.160726547241213,2.849571341191773)
(pose,11.132487297058104,15.164546966552734,2.881296169916792)
(pose,11.123435020446776,15.1707124710083,2.8962303831085365)
(pose,11.11080551147461,15.177679061889648,2.9035728510734806)
(pose,11.084372520446776,15.19082260131836,2.9082661680753823)
(pose,11.056682586669922,15.20396327972412,2.90820045965329)
(pose,11.026113510131836,15.218335151672363,2.905978214133118)
(pose,10.995935440063477,15.232596397399902,2.90284342563889)
(pose,10.943204879760742,15.257965087890623,2.8965979163657503)
(pose,10.906018257141112,15.276273727416992,2.8921255542929445)
(pose,10.869906425476074,15.29440212249756,2.887928462149579)
(pose,10.83466625213623,15.312421798706056,2.8840471047837593)
(pose,10.790963172912598,15.33519172668457,2.8795797047095237)
(pose,10.72719955444336,15.3691987991333,2.873789026635859)
(pose,10.683825492858888,15.39281177520752,2.8703364855731683)
(pose,10.653738021850586,15.409394264221191,2.8681612168086628)
(pose,10.604477882385254,15.43686866760254,2.864965615507707)
(pose,10.553123474121094,15.465898513793944,2.862079165088818)
(pose,10.51854419708252,15.485638618469238,2.8603676988303173)
(pose,10.457538604736328,15.52079963684082,2.8577542419800848)
(pose,10.39455509185791,15.557476043701172,2.8555326091324233)
(pose,10.339653968811035,15.589704513549805,2.8539319489375976)
(pose,10.29631805419922,15.615290641784668,2.8528571881962788)
(pose,10.257917404174805,15.638054847717283,2.8520267876887084)
(pose,10.196821212768556,15.67442512512207,2.8509093537590884)
(pose,10.166504859924316,15.692662239074709,2.8519089751213467)
(object,2.8878024,-1.1223099)
(object,2.8626885,-1.8836429)
(pose,10.122673988342283,15.719852447509766,2.8682740970437504)
(pose,7.906057357788086,15.226651191711426,-2.991927534854201)
(object,2.8745182,-1.8967694)
(pose,7.881287574768066,15.219181060791016,-2.9919237200363575)
(object,2.8785784,-1.8967694)
(pose,7.842215538024902,15.2073974609375,-2.9919169804953385)
(object,2.8847039,-1.8836429)
(pose,7.809289932250977,15.197469711303713,-2.991913038482187)
(object,2.88697,-1.8442637)
(pose,7.791324138641357,15.192049980163574,-2.9919104952410556)
(pose,7.775115966796875,15.187162399291992,-2.991908079157012)
(pose,7.761481285095215,15.183049201965332,-2.9919057902308204)
(pose,7.750993251800537,15.179885864257813,-2.991904391440453)
(pose,7.74291467666626,15.177448272705078,-2.991904391440453)
(pose,7.734426975250244,15.174885749816896,-2.991904391440453)
(pose,7.7300004959106445,15.173550605773926,-2.991904391440453)
(pose,7.723514080047607,15.17159366607666,-2.991904391440453)
(pose,7.718929290771484,15.170212745666504,-2.991904391440453)
(pose,7.714950561523437,15.169013023376465,-2.991904391440453)
(pose,7.711470603942871,15.167963981628418,-2.991904391440453)
(pose,7.708730220794678,15.167140007019045,-2.991904391440453)
(pose,7.707232475280762,15.166688919067385,-2.991904391440453)
(pose,7.705324172973633,15.16611385345459,-2.991904391440453)
(pose,7.702694416046143,15.16532039642334,-2.991904391440453)
(pose,7.701591968536377,15.164986610412598,-2.991904391440453)
(pose,7.700492858886719,15.164657592773438,-2.991904391440453)
(pose,7.699678421020508,15.164413452148438,-2.991904391440453)
(pose,7.698559761047363,15.16407585144043,-2.991904391440453)
(pose,7.697821617126465,15.163853645324709,-2.991904391440453)
(pose,7.697193145751953,15.16366481781006,-2.991904391440453)
(pose,7.696606159210205,15.163487434387209,-2.991904391440453)
(pose,7.696173667907715,15.163357734680176,-2.991904391440453)
(pose,7.695926666259766,15.163281440734863,-2.991904391440453)
(pose,7.695547103881836,15.163166999816896,-2.991904391440453)
(pose,7.695267677307129,15.163084030151367,-2.991904391440453)
(pose,7.695037364959717,15.163015365600586,-2.991904391440453)
(pose,7.694826602935791,15.162948608398438,-2.991904391440453)
(pose,7.69472074508667,15.162919998168944,-2.991904391440453)
(pose,7.694579124450684,15.162877082824709,-2.991904391440453)
(pose,7.694478511810303,15.16284465789795,-2.991904391440453)
(pose,7.6943793296813965,15.162816047668455,-2.991904391440453)
(pose,7.694302558898926,15.162796974182127,-2.991904391440453)
(pose,7.694234371185303,15.162775993347168,-2.991904391440453)
(pose,7.694174766540527,15.16275405883789,-2.991904391440453)
(pose,7.694128513336182,15.162736892700195,-2.991904391440453)
(pose,7.694088459014893,15.162720680236816,-2.991904391440453)
(pose,7.694060802459717,15.162711143493652,-2.991904391440453)
(pose,7.694041728973389,15.162711143493652,-2.991904391440453)
(pose,7.694009780883789,15.162711143493652,-2.991904391440453)
(pose,7.693990230560303,15.162711143493652,-2.991904391440453)
(pose,7.693970203399658,15.162711143493652,-2.991904391440453)
(pose,7.693959712982178,15.162711143493652,-2.991904391440453)
(pose,7.693949699401856,15.162711143493652,-2.991904391440453)
(pose,7.693941116333008,15.162711143493652,-2.991904391440453)
(pose,7.693931579589844,15.162711143493652,-2.991904391440453)
(pose,7.6939215660095215,15.162711143493652,-2.991904391440453)
(pose,7.693911552429199,15.162711143493652,-2.991904391440453)
(pose,7.693906307220459,15.162711143493652,-2.991904391440453)
(pose,7.693906307220459,15.162711143493652,-2.991904391440453)
(pose,7.693906307220459,15.162711143493652,-2.991904391440453)
(pose,7.693906307220459,15.162711143493652,-2.991904391440453)
(pose,7.693906307220459,15.162711143493652,-2.991904391440453)
(pose,7.693906307220459,15.162711143493652,-2.991904391440453)
(pose,7.693906307220459,15.162711143493652,-2.991904391440453)
(pose,7.693906307220459,15.162711143493652,-2.991904391440453)
(pose,7.693906307220459,15.162711143493652,-2.991904391440453)
(pose,7.693906307220459,15.162711143493652,-2.991904391440453)
(pose,7.693906307220459,15.162711143493652,-2.991904391440453)
(pose,7.693906307220459,15.162711143493652,-2.991904391440453)
(pose,7.693906307220459,15.162711143493652,-2.991904391440453)
(pose,7.693906307220459,15.162711143493652,-2.991904391440453)
(pose,7.693906307220459,15.162711143493652,-2.991904391440453)
(pose,7.693906307220459,15.162711143493652,-2.991904391440453)
(pose,7.693906307220459,15.162711143493652,-2.991904391440453)
(pose,7.693906307220459,15.162711143493652,-2.991904391440453)
(pose,7.693906307220459,15.162711143493652,-2.991904391440453)
(pose,7.693906307220459,15.162711143493652,-2.991904391440453)
(pose,7.693906307220459,15.162711143493652,-2.991904391440453)
(pose,7.693906307220459,15.162711143493652,-2.991904391440453)
(pose,7.693906307220459,15.162711143493652,-2.991904391440453)
(pose,7.693906307220459,15.162711143493652,-2.991904391440453)
(pose,7.693906307220459,15.162711143493652,-2.991904391440453)
(pose,7.693906307220459,15.162711143493652,-2.991904391440453)
(pose,7.693906307220459,15.162711143493652,-2.991904391440453)
(pose,7.693811893463135,15.162683486938477,-2.991904391440453)
(pose,7.687321662902832,15.160724639892578,-2.991904391440453)
(pose,7.6783928871154785,15.158034324645996,-2.991904391440453)
(pose,7.65623950958252,15.15135097503662,-2.991904391440453)
(pose,7.628470420837402,15.14297580718994,-2.991904391440453)
(pose,7.598814487457275,15.134029388427734,-2.991904391440453)
(pose,7.569592475891113,15.125214576721191,-2.991904391440453)
(pose,7.516200065612793,15.109107971191406,-2.991904391440453)
(pose,7.466380119323731,15.094079971313477,-2.991904391440453)
(pose,7.432761669158936,15.083937644958496,-2.991904391440453)
(pose,7.37912654876709,15.067761421203612,-2.991904391440453)
(pose,7.332634925842285,15.053736686706545,-2.991904391440453)
(pose,7.259359359741211,15.031636238098145,-2.991904391440453)
(pose,7.205911159515381,15.015515327453612,-2.991904391440453)
(pose,7.1602582931518555,15.00174331665039,-2.991904391440453)
(pose,7.103833198547363,14.984723091125488,-2.991904391440453)
(pose,7.070146083831787,14.974560737609863,-2.991904391440453)
(pose,7.008727073669434,14.955967903137209,-2.9925936715122736)
(pose,6.966282367706299,14.942676544189451,-3.00031904165783)
(pose,6.907278060913086,14.92473602294922,-3.0223659131243426)
(pose,6.869943141937256,14.914443969726563,-3.0412839394237063)
(pose,6.812193870544434,14.901031494140623,-3.0758095219964527)
(pose,6.7604875564575195,14.892203330993652,-3.1106523167758415)
(pose,6.711002349853516,14.886972427368164,3.1365287952555003)
(pose,6.655572414398193,14.88519287109375,3.0934577450500735)
(pose,6.574158668518066,14.891103744506836,3.024546434542406)
(pose,6.535407066345215,14.897780418395996,2.9888331317192085)
(pose,6.461536884307861,14.918168067932127,2.9134491038573036)
(pose,6.374843597412109,14.957033157348633,2.8062947046277875)
(pose,6.30495023727417,15.003653526306152,2.702077189322281)
(pose,6.271450042724609,15.032073974609377,2.645528563469485)
(pose,6.248204231262207,15.054543495178224,2.6034467134638892)
(pose,6.233206272125244,15.07037353515625,2.5751244101296504)
(pose,6.2256059646606445,15.078828811645508,2.560477759137144)
(pose,6.214868545532227,15.09130573272705,2.5395443837384457)
(pose,6.207472324371338,15.100282669067385,2.5250563621996656)
(pose,6.202112674713135,15.106989860534668,2.5145894708954453)
(pose,6.195972442626953,15.114897727966309,2.502710270186618)
(pose,6.193166732788086,15.11859130859375,2.4973559856897394)
(pose,6.189746856689453,15.123162269592283,2.490923979429758)
(pose,6.186524868011475,15.127543449401855,2.484992180578446)
(pose,6.184274196624756,15.130648612976074,2.480950860623153)
(pose,6.1821160316467285,15.133731842041016,2.477896309102053)
(pose,6.181433200836182,15.13613986968994,2.492398713696731)
(pose,6.182028770446777,15.138545036315918,2.5276823034484774)
(pose,6.183149814605713,15.140325546264648,2.5632881971874606)
(pose,6.185370922088623,15.142866134643556,2.619839616634096)
(pose,6.187870025634766,15.145381927490234,2.675300230253692)
(pose,6.190874099731445,15.148430824279783,2.736686432182223)
(pose,6.193514347076416,15.151324272155762,2.788309972432568)
(pose,6.196859836578369,15.155512809753418,2.853209389047203)
(pose,6.199193000793457,15.158960342407228,2.8999688637875765)
(pose,6.201594352722168,15.163222312927246,2.951809553891436)
(pose,6.203373908996582,15.16714572906494,2.995302599367549)
(pose,6.205134868621826,15.17226219177246,3.047909744858375)
(pose,6.2062835693359375,15.177233695983888,3.0961817879320805)
(pose,6.206891059875488,15.181920051574709,3.1403569719189317)
(pose,6.207032203674316,15.18746852874756,-3.0908660343231715)
(pose,6.206523418426514,15.193202018737791,-3.036057694067243)
(pose,6.205377578735352,15.198768615722656,-2.9801039884825395)
(pose,6.203927516937256,15.203329086303713,-2.930762744712338)
(pose,6.201862812042236,15.20810890197754,-2.873833060304418)
(pose,6.19948673248291,15.212384223937988,-2.8164209395725917)
(pose,6.196163177490234,15.217114448547363,-2.742004003748263)
(pose,6.193089962005615,15.22064971923828,-2.675062596095005)
(pose,6.189932823181152,15.22368621826172,-2.6056897452897236)
(pose,6.184947967529297,15.227575302124023,-2.491252524466179)
(pose,6.179468154907227,15.230853080749512,-2.35398767040154)
(pose,6.174130439758301,15.233250617980955,-2.204906194089326)
(pose,6.168640613555908,15.235008239746094,-2.033533704258914)
(pose,6.16338586807251,15.23609733581543,-1.8530533816080528)
(pose,6.159207820892334,15.236567497253418,-1.700859157146326)
(pose,6.154170513153076,15.236698150634766,-1.5128377770465604)
(pose,6.1500020027160645,15.236448287963867,-1.3588056620208655)
(pose,6.14674711227417,15.236016273498535,-1.2424877090641269)
(pose,6.1445794105529785,15.23562240600586,-1.1678335635657058)
(pose,6.1444220542907715,15.235607147216797,-1.162506834183624)
(pose,6.145857334136963,15.235899925231934,-1.2115460624811938)
(pose,6.147509574890137,15.236184120178224,-1.269311673311345)
(pose,6.151709079742432,15.23666763305664,-1.4213787789903027)
(pose,6.155604362487793,15.236818313598633,-1.566459966213788)
(pose,6.1587910652160645,15.236729621887209,-1.6853985217658976)
(pose,6.164621353149414,15.236071586608888,-1.89659202867402)
(pose,6.16940450668335,15.235036849975586,-2.057979358074269)
(pose,6.174252510070801,15.233502388000488,-2.207505381622447)
(pose,6.177424907684326,15.227654457092283,-2.343233523352091)
(pose,6.174785614013672,15.214607238769531,-2.4299340211511713)
(pose,6.168254375457764,15.19886589050293,-2.485063693206947)
(pose,6.152714252471924,15.171101570129396,-2.5425472740568194)
(pose,6.135652542114258,15.145543098449709,-2.57616804195527)
(pose,6.117475986480713,15.12089729309082,-2.599580996642537)
(pose,6.100517749786377,15.09935188293457,-2.6154575376778744)
(pose,6.071086883544922,15.064105033874512,-2.6353189851702714)
(pose,6.0341033935546875,15.0223388671875,-2.652334251505893)
(pose,5.982365608215332,14.966849327087402,-2.6681029892961288)
(pose,5.960181713104248,14.943780899047852,-2.673089663159435)
(pose,5.91610050201416,14.898859024047852,-2.6809260961998325)
(pose,5.877877712249756,14.860678672790527,-2.6860928923607297)
(pose,5.85122537612915,14.83438205718994,-2.689037761330832)
(pose,5.81107759475708,14.795175552368164,-2.692688715771135)
(pose,5.772932052612305,14.758292198181152,-2.695473518976151)
(pose,5.734034538269043,14.720976829528809,-2.6977836773592623)
(pose,5.687043190002441,14.67620849609375,-2.700019626723571)
(pose,5.6619110107421875,14.65238094329834,-2.7010142181910632)
(pose,5.599879264831543,14.593852043151855,-2.703001907829368)
(pose,5.562208652496338,14.558464050292969,-2.703949697550492)
(pose,5.519202709197998,14.518178939819336,-2.704844301695336)
(pose,5.477649688720703,14.479351043701172,-2.7055541826215164)
(pose,5.441545486450195,14.445680618286133,-2.706070052960308)
(pose,5.378542900085449,14.38703727722168,-2.7067901418766698)
(pose,5.33909273147583,14.350374221801758,-2.7071477048489334)
(pose,5.278717517852783,14.29433250427246,-2.707595575693667)
(pose,5.249063491821289,14.266833305358888,-2.7077969650155675)
(pose,5.218587875366211,14.238588333129885,-2.707993188283347)
(pose,5.1917901039123535,14.213762283325195,-2.708155995290599)
(pose,5.179498672485352,14.20238208770752,-2.7082269033071147)
(pose,5.165720462799072,14.18962860107422,-2.708303635902197)
(object,2.8686635,-0.8466548)
(pose,5.152860641479492,14.178513526916504,-2.6993529711106565)
(object,2.8796434,-1.2273214)
(pose,5.045586585998535,14.17671012878418,-0.1861900249573949)
(object,2.895019,-1.2798271)
(pose,5.045586585998535,14.17671012878418,-0.18618608103088244)
(object,2.8813326,-1.3454592)
(pose,5.045586109161377,14.176709175109863,-0.1861781932240416)
(object,2.881258,-1.3848386)
(pose,5.045586109161377,14.176709175109863,-0.1861742493437125)
(object,2.8882346,-1.397965)
(pose,5.045586109161377,14.176708221435549,-0.18616846501374185)
(pose,5.045585632324219,14.176708221435549,-0.18616478409372816)
(pose,5.045585632324219,14.176708221435549,-0.18616478409372816)
(pose,5.045585632324219,14.176708221435549,-0.18616478409372816)
(pose,5.045585632324219,14.176708221435549,-0.18616478409372816)
(pose,5.045585632324219,14.176708221435549,-0.18616478409372816)
(pose,5.045585632324219,14.176708221435549,-0.18616478409372816)
(pose,5.045585632324219,14.176708221435549,-0.18616478409372816)
(pose,5.045585632324219,14.176708221435549,-0.18616478409372816)
(pose,5.045585632324219,14.176708221435549,-0.18616478409372816)
(pose,5.045585632324219,14.176708221435549,-0.18616478409372816)
(pose,5.045585632324219,14.176708221435549,-0.18616478409372816)
(pose,5.045585632324219,14.176708221435549,-0.18616478409372816)
(pose,5.045585632324219,14.176708221435549,-0.18616478409372816)
(pose,5.045585632324219,14.176708221435549,-0.18616478409372816)
(pose,5.045585632324219,14.176708221435549,-0.18616478409372816)
(pose,5.045585632324219,14.176708221435549,-0.18616478409372816)
(pose,5.045585632324219,14.176708221435549,-0.18616478409372816)
(pose,5.045585632324219,14.176708221435549,-0.18616478409372816)
(pose,5.045585632324219,14.176708221435549,-0.18616478409372816)
(pose,5.045585632324219,14.176708221435549,-0.18616478409372816)
(pose,5.045585632324219,14.176708221435549,-0.18616478409372816)
(pose,5.045585632324219,14.176708221435549,-0.18616478409372816)
(pose,5.045585632324219,14.176708221435549,-0.18616478409372816)
(pose,5.045585632324219,14.176708221435549,-0.18616478409372816)
(pose,5.045585632324219,14.176708221435549,-0.18616478409372816)
(pose,5.045585632324219,14.176708221435549,-0.18616478409372816)
(pose,5.045585632324219,14.176708221435549,-0.18616478409372816)
(pose,5.045585632324219,14.176708221435549,-0.18616478409372816)
(pose,5.045585632324219,14.176708221435549,-0.18616478409372816)
(pose,5.045585632324219,14.176708221435549,-0.18616478409372816)
(pose,5.045585632324219,14.176708221435549,-0.18616478409372816)
(pose,5.045585632324219,14.176708221435549,-0.18616478409372816)
(pose,5.045585632324219,14.176708221435549,-0.18616478409372816)
(pose,5.045585632324219,14.176708221435549,-0.18616478409372816)
(pose,5.045585632324219,14.176708221435549,-0.18616478409372816)
(pose,5.045585632324219,14.176708221435549,-0.18616478409372816)
(pose,5.045585632324219,14.176708221435549,-0.18616478409372816)
(pose,5.045585632324219,14.176708221435549,-0.18616478409372816)
(pose,5.045585632324219,14.176708221435549,-0.18616478409372816)
(pose,5.045585632324219,14.176708221435549,-0.18616478409372816)
(pose,5.045585632324219,14.176708221435549,-0.18616478409372816)
(pose,5.045585632324219,14.176708221435549,-0.18616478409372816)
(pose,5.045585632324219,14.176708221435549,-0.18616478409372816)
(pose,5.045585632324219,14.176708221435549,-0.18616478409372816)
(pose,5.045585632324219,14.176708221435549,-0.18616478409372816)
(pose,5.045585632324219,14.176708221435549,-0.18616478409372816)
(pose,5.045585632324219,14.176708221435549,-0.18616478409372816)
(pose,5.045585632324219,14.176708221435549,-0.18616478409372816)
(pose,5.045585632324219,14.176708221435549,-0.18616478409372816)
(pose,5.045585632324219,14.176708221435549,-0.18616478409372816)
(pose,5.045585632324219,14.176708221435549,-0.18616478409372816)
(pose,5.045585632324219,14.176708221435549,-0.18616478409372816)
(pose,5.045585632324219,14.176708221435549,-0.18616478409372816)
(pose,5.045585632324219,14.176708221435549,-0.18616478409372816)
(pose,5.045585632324219,14.176708221435549,-0.18616478409372816)
(pose,5.045585632324219,14.176708221435549,-0.18616478409372816)
(pose,5.045585632324219,14.176708221435549,-0.18616478409372816)
(pose,5.045585632324219,14.176708221435549,-0.18616478409372816)
(pose,5.045585632324219,14.176708221435549,-0.18616478409372816)
(pose,5.045585632324219,14.176708221435549,-0.18616478409372816)
(pose,5.045585632324219,14.176708221435549,-0.18616478409372816)
(pose,5.045585632324219,14.176708221435549,-0.18616478409372816)
(pose,5.045585632324219,14.176708221435549,-0.18616478409372816)
(pose,5.045585632324219,14.176708221435549,-0.18616478409372816)
(pose,5.045585632324219,14.176708221435549,-0.18616478409372816)
(pose,5.045585632324219,14.176708221435549,-0.18616478409372816)
(pose,5.045585632324219,14.176708221435549,-0.18616478409372816)
(pose,5.045585632324219,14.176708221435549,-0.18616478409372816)
(pose,5.045585632324219,14.176708221435549,-0.18616478409372816)
(pose,5.045585632324219,14.176708221435549,-0.18616478409372816)
(pose,5.045585632324219,14.176708221435549,-0.18616478409372816)
(pose,5.045585632324219,14.176708221435549,-0.18616478409372816)
(pose,5.045585632324219,14.176708221435549,-0.18616478409372816)
(pose,5.045585632324219,14.176708221435549,-0.18616478409372816)
(pose,5.045585632324219,14.176708221435549,-0.18616478409372816)
(pose,5.045585632324219,14.176708221435549,-0.18616478409372816)
(pose,5.045585632324219,14.176708221435549,-0.18616478409372816)
(pose,5.045585632324219,14.176708221435549,-0.18616478409372816)
(pose,5.045585632324219,14.176708221435549,-0.18616478409372816)
(pose,5.045585632324219,14.176708221435549,-0.18616478409372816)
(pose,5.045585632324219,14.176708221435549,-0.18616478409372816)
(pose,5.045585632324219,14.176708221435549,-0.18616478409372816)
(pose,5.045585632324219,14.176708221435549,-0.18616478409372816)
(pose,5.045585632324219,14.176708221435549,-0.18616478409372816)
(pose,5.045585632324219,14.176708221435549,-0.18616478409372816)
(pose,5.045585632324219,14.176708221435549,-0.18616478409372816)
(pose,5.045585632324219,14.176708221435549,-0.18616478409372816)
(pose,5.045585632324219,14.176708221435549,-0.18616478409372816)
(pose,5.045585632324219,14.176708221435549,-0.18616478409372816)
(pose,5.045585632324219,14.176708221435549,-0.18616478409372816)
(pose,5.045585632324219,14.176708221435549,-0.18616478409372816)
(pose,5.045585632324219,14.176708221435549,-0.18616478409372816)
(pose,5.045585632324219,14.176708221435549,-0.18616478409372816)
(pose,5.045585632324219,14.176708221435549,-0.18616478409372816)
(pose,5.045585632324219,14.176708221435549,-0.18616478409372816)
(pose,5.045585632324219,14.176708221435549,-0.18616478409372816)
(pose,5.045585632324219,14.176708221435549,-0.18616478409372816)
(pose,5.045585632324219,14.176708221435549,-0.18616478409372816)
(pose,5.045585632324219,14.176708221435549,-0.18616478409372816)
(pose,5.045585632324219,14.176708221435549,-0.18616478409372816)
(pose,5.045585632324219,14.176708221435549,-0.18616478409372816)
(pose,5.045585632324219,14.176708221435549,-0.18616478409372816)
(pose,5.045585632324219,14.176708221435549,-0.18616478409372816)
(pose,5.045585632324219,14.176708221435549,-0.18616478409372816)
(pose,5.045585632324219,14.176708221435549,-0.18616478409372816)
(pose,5.045585632324219,14.176708221435549,-0.18616478409372816)
(pose,5.045585632324219,14.176708221435549,-0.18616478409372816)
(pose,5.045585632324219,14.176708221435549,-0.18616478409372816)
(pose,5.045585632324219,14.176708221435549,-0.18616478409372816)
(pose,5.045585632324219,14.176708221435549,-0.18616478409372816)
(pose,5.045585632324219,14.176708221435549,-0.18616478409372816)
(pose,5.045585632324219,14.176708221435549,-0.18616478409372816)
(pose,5.045585632324219,14.176708221435549,-0.18616478409372816)
(pose,5.045585632324219,14.176708221435549,-0.18616478409372816)
(pose,5.045585632324219,14.176708221435549,-0.18616478409372816)
(pose,5.045585632324219,14.176708221435549,-0.18616478409372816)
(pose,5.045585632324219,14.176708221435549,-0.18616478409372816)
(pose,5.045585632324219,14.176708221435549,-0.18616478409372816)
(pose,5.045585632324219,14.176708221435549,-0.18616478409372816)
(pose,5.045585632324219,14.176708221435549,-0.18616478409372816)
(pose,5.045585632324219,14.176708221435549,-0.18616478409372816)
(pose,5.045585632324219,14.176708221435549,-0.18616478409372816)
(pose,5.045585632324219,14.176708221435549,-0.18616478409372816)
(pose,5.045585632324219,14.176708221435549,-0.18616478409372816)
(pose,5.045585632324219,14.176708221435549,-0.18616478409372816)
(pose,5.045585632324219,14.176708221435549,-0.18616478409372816)
(pose,5.045585632324219,14.176708221435549,-0.18616478409372816)
(pose,5.045585632324219,14.176708221435549,-0.18616478409372816)
(pose,5.045585632324219,14.176708221435549,-0.18616478409372816)
(pose,5.045585632324219,14.176708221435549,-0.18616478409372816)
(pose,5.045585632324219,14.176708221435549,-0.18616478409372816)
(pose,5.045585632324219,14.176708221435549,-0.18616478409372816)
(pose,5.045585632324219,14.176708221435549,-0.18616478409372816)
(pose,5.045585632324219,14.176708221435549,-0.18616478409372816)
(pose,5.045585632324219,14.176708221435549,-0.18616478409372816)
(pose,5.045585632324219,14.176708221435549,-0.18616478409372816)
(pose,5.045585632324219,14.176708221435549,-0.18616478409372816)
(pose,5.045585632324219,14.176708221435549,-0.18616478409372816)
(pose,5.045585632324219,14.176708221435549,-0.18616478409372816)
(pose,5.045585632324219,14.176708221435549,-0.18616478409372816)
(pose,5.045585632324219,14.176708221435549,-0.18616478409372816)
(pose,5.045585632324219,14.176708221435549,-0.18616478409372816)
(pose,5.045585632324219,14.176708221435549,-0.18616478409372816)
(pose,5.045585632324219,14.176708221435549,-0.18616478409372816)
(pose,5.045585632324219,14.176708221435549,-0.18616478409372816)
(pose,5.045585632324219,14.176708221435549,-0.18616478409372816)
(pose,5.045585632324219,14.176708221435549,-0.18616478409372816)
(pose,5.045585632324219,14.176708221435549,-0.18616478409372816)
(pose,5.045585632324219,14.176708221435549,-0.18616478409372816)
(pose,5.045585632324219,14.176708221435549,-0.18616478409372816)
(pose,5.045585632324219,14.176708221435549,-0.18616478409372816)
(pose,5.045585632324219,14.176708221435549,-0.18616478409372816)
(pose,5.045585632324219,14.176708221435549,-0.18616478409372816)
(pose,5.045585632324219,14.176708221435549,-0.18616478409372816)
(pose,5.045585632324219,14.176708221435549,-0.18616478409372816)
(pose,5.045585632324219,14.176708221435549,-0.18616478409372816)
(pose,5.045585632324219,14.176708221435549,-0.18616478409372816)
(pose,5.045585632324219,14.176708221435549,-0.18616478409372816)
(pose,5.045585632324219,14.176708221435549,-0.18616478409372816)
(pose,5.045585632324219,14.176708221435549,-0.18616478409372816)
(pose,5.045585632324219,14.176708221435549,-0.18616478409372816)
(pose,5.045585632324219,14.176708221435549,-0.18616478409372816)
(pose,5.045585632324219,14.176708221435549,-0.18616478409372816)
(pose,5.045585632324219,14.176708221435549,-0.18616478409372816)
(pose,5.045585632324219,14.176708221435549,-0.18616478409372816)
(pose,5.045585632324219,14.176708221435549,-0.18616478409372816)
(pose,5.045585632324219,14.176708221435549,-0.18616478409372816)
(pose,5.045585632324219,14.176708221435549,-0.18616478409372816)
(pose,5.045585632324219,14.176708221435549,-0.18616478409372816)
(pose,5.045585632324219,14.176708221435549,-0.18616478409372816)
(pose,5.045585632324219,14.176708221435549,-0.18616478409372816)
(pose,5.045585632324219,14.176708221435549,-0.18616478409372816)
(pose,5.045585632324219,14.176708221435549,-0.18616478409372816)
(pose,5.045585632324219,14.176708221435549,-0.18616478409372816)
(pose,5.045585632324219,14.176708221435549,-0.18616478409372816)
(pose,5.045585632324219,14.176708221435549,-0.18616478409372816)
(pose,5.045585632324219,14.176708221435549,-0.18616478409372816)
(pose,5.045585632324219,14.176708221435549,-0.18616478409372816)
(pose,5.045585632324219,14.176708221435549,-0.18616478409372816)
(pose,5.045585632324219,14.176708221435549,-0.18616478409372816)
(pose,5.045585632324219,14.176708221435549,-0.18616478409372816)
(pose,5.045585632324219,14.176708221435549,-0.18616478409372816)
(pose,5.045585632324219,14.176708221435549,-0.18616478409372816)
(pose,5.045585632324219,14.176708221435549,-0.18616478409372816)
(pose,5.045585632324219,14.176708221435549,-0.18616478409372816)
(pose,5.045585632324219,14.176708221435549,-0.18616478409372816)
(pose,5.045585632324219,14.176708221435549,-0.18616478409372816)
(pose,5.045585632324219,14.176708221435549,-0.18616478409372816)
(pose,5.045585632324219,14.176708221435549,-0.18616478409372816)
(pose,5.045585632324219,14.176708221435549,-0.18616478409372816)
(pose,5.045585632324219,14.176708221435549,-0.18616478409372816)
(pose,5.045585632324219,14.176708221435549,-0.18616478409372816)
(pose,5.045585632324219,14.176708221435549,-0.18616478409372816)
(pose,5.045585632324219,14.176708221435549,-0.18616478409372816)
(pose,5.045585632324219,14.176708221435549,-0.18616478409372816)
(pose,5.045585632324219,14.176708221435549,-0.18616478409372816)
(pose,5.045585632324219,14.176708221435549,-0.18616478409372816)
(pose,5.045585632324219,14.176708221435549,-0.18616478409372816)
(pose,5.045585632324219,14.176708221435549,-0.18616478409372816)
(pose,5.045585632324219,14.176708221435549,-0.18616478409372816)
(pose,5.045585632324219,14.176708221435549,-0.18616478409372816)
(pose,5.045585632324219,14.176708221435549,-0.18616478409372816)
(pose,5.045585632324219,14.176708221435549,-0.18616478409372816)
(pose,5.045585632324219,14.176708221435549,-0.18616478409372816)
(pose,5.045585632324219,14.176708221435549,-0.18616478409372816)
(pose,5.045585632324219,14.176708221435549,-0.18616478409372816)
(pose,5.045585632324219,14.176708221435549,-0.18616478409372816)
(pose,5.045585632324219,14.176708221435549,-0.18616478409372816)
(pose,5.045585632324219,14.176708221435549,-0.18616478409372816)
(pose,5.045585632324219,14.176708221435549,-0.18616478409372816)
(pose,5.045585632324219,14.176708221435549,-0.18616478409372816)
(pose,5.045585632324219,14.176708221435549,-0.18616478409372816)
(pose,5.045585632324219,14.176708221435549,-0.18616478409372816)
(pose,5.045585632324219,14.176708221435549,-0.18616478409372816)
(pose,5.045585632324219,14.176708221435549,-0.18616478409372816)
(pose,5.045585632324219,14.176708221435549,-0.18616478409372816)
(pose,5.045585632324219,14.176708221435549,-0.18616478409372816)
(pose,5.045585632324219,14.176708221435549,-0.18616478409372816)
(pose,5.045585632324219,14.176708221435549,-0.18616478409372816)
(pose,5.045585632324219,14.176708221435549,-0.18616478409372816)
(pose,5.045585632324219,14.176708221435549,-0.18616478409372816)
(pose,5.045585632324219,14.176708221435549,-0.18616478409372816)
(pose,5.045585632324219,14.176708221435549,-0.18616478409372816)
(pose,5.045585632324219,14.176708221435549,-0.18616478409372816)
(pose,5.045585632324219,14.176708221435549,-0.18616478409372816)
(pose,5.045585632324219,14.176708221435549,-0.18616478409372816)
(pose,5.045585632324219,14.176708221435549,-0.18616478409372816)
(pose,5.045585632324219,14.176708221435549,-0.18616478409372816)
(pose,5.045585632324219,14.176708221435549,-0.18616478409372816)
(pose,5.045585632324219,14.176708221435549,-0.18616478409372816)
(pose,5.045585632324219,14.176708221435549,-0.18616478409372816)
(pose,5.045585632324219,14.176708221435549,-0.18616478409372816)
(pose,5.045585632324219,14.176708221435549,-0.18616478409372816)
(pose,5.045585632324219,14.176708221435549,-0.18616478409372816)
(pose,5.045585632324219,14.176708221435549,-0.18616478409372816)
(pose,5.045585632324219,14.176708221435549,-0.18616478409372816)
(pose,5.045585632324219,14.176708221435549,-0.18616478409372816)
(pose,5.045585632324219,14.176708221435549,-0.18616478409372816)
(pose,5.045585632324219,14.176708221435549,-0.18616478409372816)
(pose,5.045585632324219,14.176708221435549,-0.18616478409372816)
(pose,5.045585632324219,14.176708221435549,-0.18616478409372816)
(pose,5.045585632324219,14.176708221435549,-0.18616478409372816)
(pose,5.045585632324219,14.176708221435549,-0.18616478409372816)
(pose,5.045585632324219,14.176708221435549,-0.18616478409372816)
(pose,5.045585632324219,14.176708221435549,-0.18616478409372816)
(pose,5.045585632324219,14.176708221435549,-0.18616478409372816)
(pose,5.045585632324219,14.176708221435549,-0.18616478409372816)
(pose,5.045585632324219,14.176708221435549,-0.18616478409372816)
(pose,5.045585632324219,14.176708221435549,-0.18616478409372816)
(pose,5.045585632324219,14.176708221435549,-0.18616478409372816)
(pose,5.045585632324219,14.176708221435549,-0.18616478409372816)
(pose,5.045585632324219,14.176708221435549,-0.18616478409372816)
(pose,5.045585632324219,14.176708221435549,-0.18616478409372816)
(pose,5.045585632324219,14.176708221435549,-0.18616478409372816)
(pose,5.045585632324219,14.176708221435549,-0.18616478409372816)
(pose,5.045585632324219,14.176708221435549,-0.18616478409372816)
(pose,5.045585632324219,14.176708221435549,-0.18616478409372816)
(pose,5.045585632324219,14.176708221435549,-0.18616478409372816)
(pose,5.045585632324219,14.176708221435549,-0.18616478409372816)
(pose,5.045585632324219,14.176708221435549,-0.18616478409372816)
(pose,5.045585632324219,14.176708221435549,-0.18616478409372816)
(pose,5.045585632324219,14.176708221435549,-0.18616478409372816)
(pose,5.045585632324219,14.176708221435549,-0.18616478409372816)
(pose,5.045585632324219,14.176708221435549,-0.18616478409372816)
(pose,5.045585632324219,14.176708221435549,-0.18616478409372816)
(pose,5.045585632324219,14.176708221435549,-0.18616478409372816)
(pose,5.045585632324219,14.176708221435549,-0.18616478409372816)
(pose,5.045585632324219,14.176708221435549,-0.18616478409372816)
(pose,5.045585632324219,14.176708221435549,-0.18616478409372816)
(pose,5.045585632324219,14.176708221435549,-0.18616478409372816)
(pose,5.045585632324219,14.176708221435549,-0.18616478409372816)
(pose,5.045585632324219,14.176708221435549,-0.18616478409372816)
(pose,5.045585632324219,14.176708221435549,-0.18616478409372816)
(pose,5.045585632324219,14.176708221435549,-0.18616478409372816)
(pose,5.045585632324219,14.176708221435549,-0.18616478409372816)
(pose,5.045585632324219,14.176708221435549,-0.18616478409372816)
(pose,5.045585632324219,14.176708221435549,-0.18616478409372816)
(pose,5.045585632324219,14.176708221435549,-0.18616478409372816)
(pose,5.045585632324219,14.176708221435549,-0.18616478409372816)
(pose,5.045585632324219,14.176708221435549,-0.18616478409372816)
(pose,5.045585632324219,14.176708221435549,-0.18616478409372816)
(pose,5.045585632324219,14.176708221435549,-0.18616478409372816)
(pose,5.045585632324219,14.176708221435549,-0.18616478409372816)
(pose,5.045585632324219,14.176708221435549,-0.18616478409372816)
(pose,5.045585632324219,14.176708221435549,-0.18616478409372816)
(pose,5.045585632324219,14.176708221435549,-0.18616478409372816)
(pose,5.045585632324219,14.176708221435549,-0.18616478409372816)
(pose,5.045585632324219,14.176708221435549,-0.18616478409372816)
(pose,5.045585632324219,14.176708221435549,-0.18616478409372816)
(pose,5.045585632324219,14.176708221435549,-0.18616478409372816)
(pose,5.045585632324219,14.176708221435549,-0.18616478409372816)
(pose,5.045585632324219,14.176708221435549,-0.18616478409372816)
(pose,5.045585632324219,14.176708221435549,-0.18616478409372816)
(pose,5.045585632324219,14.176708221435549,-0.18616478409372816)
(pose,5.045585632324219,14.176708221435549,-0.18616478409372816)
(pose,5.045585632324219,14.176708221435549,-0.18616478409372816)
(pose,5.045585632324219,14.176708221435549,-0.18616478409372816)
(pose,5.045585632324219,14.176708221435549,-0.18616478409372816)
(pose,5.045585632324219,14.176708221435549,-0.18616478409372816)
(pose,5.045585632324219,14.176708221435549,-0.18616478409372816)
(pose,5.045585632324219,14.176708221435549,-0.18616478409372816)
(pose,5.045585632324219,14.176708221435549,-0.18616478409372816)
(pose,5.045585632324219,14.176708221435549,-0.18616478409372816)
(pose,5.045585632324219,14.176708221435549,-0.18616478409372816)
(pose,5.045585632324219,14.176708221435549,-0.18616478409372816)
(pose,5.045585632324219,14.176708221435549,-0.18616478409372816)
(pose,5.045585632324219,14.176708221435549,-0.18616478409372816)
(pose,5.045585632324219,14.176708221435549,-0.18616478409372816)
(pose,5.045585632324219,14.176708221435549,-0.18616478409372816)
(pose,5.045585632324219,14.176708221435549,-0.18616478409372816)
(pose,5.045585632324219,14.176708221435549,-0.18616478409372816)
(pose,5.045585632324219,14.176708221435549,-0.18616478409372816)
(pose,5.045585632324219,14.176708221435549,-0.18616478409372816)
(pose,5.045585632324219,14.176708221435549,-0.18616478409372816)
(pose,5.045585632324219,14.176708221435549,-0.18616478409372816)
(pose,5.045585632324219,14.176708221435549,-0.18616478409372816)
(pose,5.045585632324219,14.176708221435549,-0.18616478409372816)
(pose,5.045585632324219,14.176708221435549,-0.18616478409372816)
(pose,5.045585632324219,14.176708221435549,-0.18616478409372816)
(pose,5.045585632324219,14.176708221435549,-0.18616478409372816)
(pose,5.045585632324219,14.176708221435549,-0.18616478409372816)
(pose,5.045585632324219,14.176708221435549,-0.18616478409372816)
(pose,5.045585632324219,14.176708221435549,-0.18616478409372816)
(pose,5.045585632324219,14.176708221435549,-0.18616478409372816)
(pose,5.045585632324219,14.176708221435549,-0.18616478409372816)
(pose,5.045585632324219,14.176708221435549,-0.18616478409372816)
(pose,5.045585632324219,14.176708221435549,-0.18616478409372816)
(pose,5.045585632324219,14.176708221435549,-0.18616478409372816)
(pose,5.045585632324219,14.176708221435549,-0.18616478409372816)
(pose,5.045585632324219,14.176708221435549,-0.18616478409372816)
(pose,5.045585632324219,14.176708221435549,-0.18616478409372816)
(pose,5.045585632324219,14.176708221435549,-0.18616478409372816)
(pose,5.045585632324219,14.176708221435549,-0.18616478409372816)
(pose,5.045585632324219,14.176708221435549,-0.18616478409372816)
(pose,5.045585632324219,14.176708221435549,-0.18616478409372816)
(pose,5.045585632324219,14.176708221435549,-0.18616478409372816)
(pose,5.045585632324219,14.176708221435549,-0.18616478409372816)
(pose,5.045585632324219,14.176708221435549,-0.18616478409372816)
(pose,5.045585632324219,14.176708221435549,-0.18616478409372816)
(pose,5.045585632324219,14.176708221435549,-0.18616478409372816)
(pose,5.045585632324219,14.176708221435549,-0.18616478409372816)
(pose,5.045585632324219,14.176708221435549,-0.18616478409372816)
(pose,5.045585632324219,14.176708221435549,-0.18616478409372816)
(pose,5.045585632324219,14.176708221435549,-0.18616478409372816)
(pose,5.045585632324219,14.176708221435549,-0.18616478409372816)
(pose,5.045585632324219,14.176708221435549,-0.18616478409372816)
(pose,5.045585632324219,14.176708221435549,-0.18616478409372816)
(pose,5.045585632324219,14.176708221435549,-0.18616478409372816)
(pose,5.045585632324219,14.176708221435549,-0.18616478409372816)
(pose,5.045585632324219,14.176708221435549,-0.18616478409372816)
(pose,5.045585632324219,14.176708221435549,-0.18616478409372816)
(pose,5.045585632324219,14.176708221435549,-0.18616478409372816)
(pose,5.045585632324219,14.176708221435549,-0.18616478409372816)
(pose,5.045585632324219,14.176708221435549,-0.18616478409372816)
(pose,5.045585632324219,14.176708221435549,-0.18616478409372816)
(pose,5.045585632324219,14.176708221435549,-0.18616478409372816)
(pose,5.045585632324219,14.176708221435549,-0.18616478409372816)
(pose,5.045585632324219,14.176708221435549,-0.18616478409372816)
(pose,5.045585632324219,14.176708221435549,-0.18616478409372816)
(pose,5.045585632324219,14.176708221435549,-0.18616478409372816)
(pose,5.045585632324219,14.176708221435549,-0.18616478409372816)
(pose,5.045585632324219,14.176708221435549,-0.18616478409372816)
(pose,5.045585632324219,14.176708221435549,-0.18616478409372816)
(pose,5.045585632324219,14.176708221435549,-0.18616478409372816)
(pose,5.045585632324219,14.176708221435549,-0.18616478409372816)
(pose,5.045585632324219,14.176708221435549,-0.18616478409372816)
(pose,5.045585632324219,14.176708221435549,-0.18616478409372816)
(pose,5.045585632324219,14.176708221435549,-0.18616478409372816)
(pose,5.045585632324219,14.176708221435549,-0.18616478409372816)
(pose,5.045585632324219,14.176708221435549,-0.18616478409372816)
(pose,5.045585632324219,14.176708221435549,-0.18616478409372816)
(pose,5.045585632324219,14.176708221435549,-0.18616478409372816)
(pose,5.045585632324219,14.176708221435549,-0.18616478409372816)
(pose,5.045585632324219,14.176708221435549,-0.18616478409372816)
(pose,5.045585632324219,14.176708221435549,-0.18616478409372816)
(pose,5.045585632324219,14.176708221435549,-0.18616478409372816)
(pose,5.045585632324219,14.176708221435549,-0.18616478409372816)
(pose,5.045585632324219,14.176708221435549,-0.18616478409372816)
(pose,5.045585632324219,14.176708221435549,-0.18616478409372816)
(pose,5.045585632324219,14.176708221435549,-0.18616478409372816)
(pose,5.045585632324219,14.176708221435549,-0.18616478409372816)
(pose,5.045585632324219,14.176708221435549,-0.18616478409372816)
(pose,5.045585632324219,14.176708221435549,-0.18616478409372816)
(pose,5.045585632324219,14.176708221435549,-0.18616478409372816)
(pose,5.045585632324219,14.176708221435549,-0.18616478409372816)
(pose,5.045585632324219,14.176708221435549,-0.18616478409372816)
(pose,5.045585632324219,14.176708221435549,-0.18616478409372816)
(pose,5.045585632324219,14.176708221435549,-0.18616478409372816)
(pose,5.045585632324219,14.176708221435549,-0.18616478409372816)
(pose,5.045585632324219,14.176708221435549,-0.18616478409372816)
(pose,5.045585632324219,14.176708221435549,-0.18616478409372816)
(pose,5.045585632324219,14.176708221435549,-0.18616478409372816)
(pose,5.045585632324219,14.176708221435549,-0.18616478409372816)
(pose,5.045585632324219,14.176708221435549,-0.18616478409372816)
(pose,5.045585632324219,14.176708221435549,-0.18616478409372816)
(pose,5.045585632324219,14.176708221435549,-0.18616478409372816)
(pose,5.045585632324219,14.176708221435549,-0.18616478409372816)
(pose,5.045585632324219,14.176708221435549,-0.18616478409372816)
(pose,5.045585632324219,14.176708221435549,-0.18616478409372816)
(pose,5.045585632324219,14.176708221435549,-0.18616478409372816)
(pose,5.045585632324219,14.176708221435549,-0.18616478409372816)
(pose,5.045585632324219,14.176708221435549,-0.18616478409372816)
(pose,5.045585632324219,14.176708221435549,-0.18616478409372816)
(pose,5.045585632324219,14.176708221435549,-0.18616478409372816)
(pose,5.045585632324219,14.176708221435549,-0.18616478409372816)
(pose,5.045585632324219,14.176708221435549,-0.18616478409372816)
(pose,5.045585632324219,14.176708221435549,-0.18616478409372816)
(pose,5.045585632324219,14.176708221435549,-0.18616478409372816)
(pose,5.045585632324219,14.176708221435549,-0.18616478409372816)
(pose,5.045585632324219,14.176708221435549,-0.18616478409372816)
(pose,5.045585632324219,14.176708221435549,-0.18616478409372816)
(pose,5.045585632324219,14.176708221435549,-0.18616478409372816)
(pose,5.045585632324219,14.176708221435549,-0.18616478409372816)
(pose,5.045585632324219,14.176708221435549,-0.18616478409372816)
(pose,5.045585632324219,14.176708221435549,-0.18616478409372816)
(pose,5.045585632324219,14.176708221435549,-0.18616478409372816)
(pose,5.045585632324219,14.176708221435549,-0.18616478409372816)
(pose,5.045585632324219,14.176708221435549,-0.18616478409372816)
(pose,5.045585632324219,14.176708221435549,-0.18616478409372816)
(pose,5.045585632324219,14.176708221435549,-0.18616478409372816)
(pose,5.045585632324219,14.176708221435549,-0.18616478409372816)
(pose,5.045585632324219,14.176708221435549,-0.18616478409372816)
(pose,5.045585632324219,14.176708221435549,-0.18616478409372816)
(pose,5.045585632324219,14.176708221435549,-0.18616478409372816)
(pose,5.045585632324219,14.176708221435549,-0.18616478409372816)
(pose,5.045585632324219,14.176708221435549,-0.18616478409372816)
(pose,5.045585632324219,14.176708221435549,-0.18616478409372816)
(pose,5.045585632324219,14.176708221435549,-0.18616478409372816)
(pose,5.045585632324219,14.176708221435549,-0.18616478409372816)
(pose,5.045585632324219,14.176708221435549,-0.18616478409372816)
(pose,5.045585632324219,14.176708221435549,-0.18616478409372816)
(pose,5.045585632324219,14.176708221435549,-0.18616478409372816)
(pose,5.045585632324219,14.176708221435549,-0.18616478409372816)
(pose,5.045585632324219,14.176708221435549,-0.18616478409372816)
(pose,5.045585632324219,14.176708221435549,-0.18616478409372816)
(pose,5.045585632324219,14.176708221435549,-0.18616478409372816)
(pose,5.045585632324219,14.176708221435549,-0.18616478409372816)
(pose,5.045585632324219,14.176708221435549,-0.18616478409372816)
(pose,5.045585632324219,14.176708221435549,-0.18616478409372816)
(pose,5.045585632324219,14.176708221435549,-0.18616478409372816)
(pose,5.045585632324219,14.176708221435549,-0.18616478409372816)
(pose,5.045585632324219,14.176708221435549,-0.18616478409372816)
(pose,5.045585632324219,14.176708221435549,-0.18616478409372816)
(pose,5.045585632324219,14.176708221435549,-0.18616478409372816)
(pose,5.045585632324219,14.176708221435549,-0.18616478409372816)
(pose,5.045585632324219,14.176708221435549,-0.18616478409372816)
(pose,5.045585632324219,14.176708221435549,-0.18616478409372816)
(pose,5.045585632324219,14.176708221435549,-0.18616478409372816)
(pose,5.045585632324219,14.176708221435549,-0.18616478409372816)
(pose,5.045585632324219,14.176708221435549,-0.18616478409372816)
(pose,5.045585632324219,14.176708221435549,-0.18616478409372816)
(pose,5.045585632324219,14.176708221435549,-0.18616478409372816)
(pose,5.045585632324219,14.176708221435549,-0.18616478409372816)
(pose,5.045585632324219,14.176708221435549,-0.18616478409372816)
(pose,5.045585632324219,14.176708221435549,-0.18616478409372816)
(pose,5.045585632324219,14.176708221435549,-0.18616478409372816)
(pose,5.045585632324219,14.176708221435549,-0.18616478409372816)
(pose,5.045585632324219,14.176708221435549,-0.18616478409372816)
(pose,5.045585632324219,14.176708221435549,-0.18616478409372816)
(pose,5.045585632324219,14.176708221435549,-0.18616478409372816)
(pose,5.045585632324219,14.176708221435549,-0.18616478409372816)
(pose,5.045585632324219,14.176708221435549,-0.18616478409372816)
(pose,5.045585632324219,14.176708221435549,-0.18616478409372816)
(pose,5.045585632324219,14.176708221435549,-0.18616478409372816)
(pose,5.045585632324219,14.176708221435549,-0.18616478409372816)
(pose,5.045585632324219,14.176708221435549,-0.18616478409372816)
(pose,5.045585632324219,14.176708221435549,-0.18616478409372816)
(pose,5.045585632324219,14.176708221435549,-0.18616478409372816)
(pose,5.045585632324219,14.176708221435549,-0.18616478409372816)
(pose,5.045585632324219,14.176708221435549,-0.18616478409372816)
(pose,5.045585632324219,14.176708221435549,-0.18616478409372816)
(pose,5.045585632324219,14.176708221435549,-0.18616478409372816)
(pose,5.045585632324219,14.176708221435549,-0.18616478409372816)
(pose,5.045585632324219,14.176708221435549,-0.18616478409372816)
(pose,5.045585632324219,14.176708221435549,-0.18616478409372816)
(pose,5.045585632324219,14.176708221435549,-0.18616478409372816)
(pose,5.045585632324219,14.176708221435549,-0.18616478409372816)
(pose,5.045585632324219,14.176708221435549,-0.18616478409372816)
(pose,5.045585632324219,14.176708221435549,-0.18616478409372816)
(pose,5.045585632324219,14.176708221435549,-0.18616478409372816)
(pose,5.045585632324219,14.176708221435549,-0.18616478409372816)
(pose,5.045585632324219,14.176708221435549,-0.18616478409372816)
(pose,5.045585632324219,14.176708221435549,-0.18616478409372816)
(pose,5.045585632324219,14.176708221435549,-0.18616478409372816)
(pose,5.045585632324219,14.176708221435549,-0.18616478409372816)
(pose,5.045585632324219,14.176708221435549,-0.18616478409372816)
(pose,5.045585632324219,14.176708221435549,-0.18616478409372816)
(pose,5.045585632324219,14.176708221435549,-0.18616478409372816)
(pose,5.045585632324219,14.176708221435549,-0.18616478409372816)
(pose,5.045585632324219,14.176708221435549,-0.18616478409372816)
(pose,5.045585632324219,14.176708221435549,-0.18616478409372816)
(pose,5.045585632324219,14.176708221435549,-0.18616478409372816)
(pose,5.045585632324219,14.176708221435549,-0.18616478409372816)
(pose,5.045585632324219,14.176708221435549,-0.18616478409372816)
(pose,5.045585632324219,14.176708221435549,-0.18616478409372816)
(pose,5.045585632324219,14.176708221435549,-0.18616478409372816)
(pose,5.045585632324219,14.176708221435549,-0.18616478409372816)
(pose,5.045585632324219,14.176708221435549,-0.18616478409372816)
(pose,5.045585632324219,14.176708221435549,-0.18616478409372816)
(pose,5.045585632324219,14.176708221435549,-0.18616478409372816)
(pose,5.045585632324219,14.176708221435549,-0.18616478409372816)
(pose,5.045585632324219,14.176708221435549,-0.18616478409372816)
(pose,5.045585632324219,14.176708221435549,-0.18616478409372816)
(pose,5.045585632324219,14.176708221435549,-0.18616478409372816)
(pose,5.045585632324219,14.176708221435549,-0.18616478409372816)
(pose,5.045585632324219,14.176708221435549,-0.18616478409372816)
(pose,5.045585632324219,14.176708221435549,-0.18616478409372816)
(pose,5.045585632324219,14.176708221435549,-0.18616478409372816)
(pose,5.045585632324219,14.176708221435549,-0.18616478409372816)
(pose,5.045585632324219,14.176708221435549,-0.18616478409372816)
(pose,5.045585632324219,14.176708221435549,-0.18616478409372816)
(pose,5.045585632324219,14.176708221435549,-0.18616478409372816)
(pose,5.045585632324219,14.176708221435549,-0.18616478409372816)
(pose,5.045585632324219,14.176708221435549,-0.18616478409372816)
(pose,5.045585632324219,14.176708221435549,-0.18616478409372816)
(pose,5.045585632324219,14.176708221435549,-0.18616478409372816)
(pose,5.045585632324219,14.176708221435549,-0.18616478409372816)
(pose,5.045585632324219,14.176708221435549,-0.18616478409372816)
(pose,5.045585632324219,14.176708221435549,-0.18616478409372816)
(pose,5.045585632324219,14.176708221435549,-0.18616478409372816)
(pose,5.045585632324219,14.176708221435549,-0.18616478409372816)
(pose,5.045585632324219,14.176708221435549,-0.18616478409372816)
(pose,5.045585632324219,14.176708221435549,-0.18616478409372816)
(pose,5.045585632324219,14.176708221435549,-0.18616478409372816)
(pose,5.045585632324219,14.176708221435549,-0.18616478409372816)
(pose,5.045585632324219,14.176708221435549,-0.18616478409372816)
(pose,5.045585632324219,14.176708221435549,-0.18616478409372816)
(pose,5.045585632324219,14.176708221435549,-0.18616478409372816)
(pose,5.045585632324219,14.176708221435549,-0.18616478409372816)
(pose,5.045585632324219,14.176708221435549,-0.18616478409372816)
(pose,5.045585632324219,14.176708221435549,-0.18616478409372816)
(pose,5.045585632324219,14.176708221435549,-0.18616478409372816)
(pose,5.045585632324219,14.176708221435549,-0.18616478409372816)
(pose,5.045585632324219,14.176708221435549,-0.18616478409372816)
(pose,5.045585632324219,14.176708221435549,-0.18616478409372816)
(pose,5.045585632324219,14.176708221435549,-0.18616478409372816)
(pose,5.045585632324219,14.176708221435549,-0.18616478409372816)
(pose,5.045585632324219,14.176708221435549,-0.18616478409372816)
(pose,5.045585632324219,14.176708221435549,-0.18616478409372816)
(pose,5.045585632324219,14.176708221435549,-0.18616478409372816)
(pose,5.045585632324219,14.176708221435549,-0.18616478409372816)
(pose,5.045585632324219,14.176708221435549,-0.18616478409372816)
(pose,5.045585632324219,14.176708221435549,-0.18616478409372816)
(pose,5.045585632324219,14.176708221435549,-0.18616478409372816)
(pose,5.045585632324219,14.176708221435549,-0.18616478409372816)
(pose,5.045585632324219,14.176708221435549,-0.18616478409372816)
(pose,5.045585632324219,14.176708221435549,-0.18616478409372816)
(pose,5.045585632324219,14.176708221435549,-0.18616478409372816)
(pose,5.045585632324219,14.176708221435549,-0.18616478409372816)
(pose,5.045585632324219,14.176708221435549,-0.18616478409372816)
(pose,5.045585632324219,14.176708221435549,-0.18616478409372816)
(pose,5.045585632324219,14.176708221435549,-0.18616478409372816)
(pose,5.045585632324219,14.176708221435549,-0.18616478409372816)
(pose,5.045585632324219,14.176708221435549,-0.18616478409372816)
(pose,5.045585632324219,14.176708221435549,-0.18616478409372816)
(pose,5.045585632324219,14.176708221435549,-0.18616478409372816)
(pose,5.045585632324219,14.176708221435549,-0.18616478409372816)
(pose,5.045585632324219,14.176708221435549,-0.18616478409372816)
(pose,5.045585632324219,14.176708221435549,-0.18616478409372816)
(pose,5.045585632324219,14.176708221435549,-0.18616478409372816)
(pose,5.045585632324219,14.176708221435549,-0.18616478409372816)
(pose,5.045585632324219,14.176708221435549,-0.18616478409372816)
(pose,5.045585632324219,14.176708221435549,-0.18616478409372816)
(pose,5.045585632324219,14.176708221435549,-0.18616478409372816)
(pose,5.045585632324219,14.176708221435549,-0.18616478409372816)
(pose,5.045585632324219,14.176708221435549,-0.18616478409372816)
(pose,5.045585632324219,14.176708221435549,-0.18616478409372816)
(pose,5.045585632324219,14.176708221435549,-0.18616478409372816)
(pose,5.045585632324219,14.176708221435549,-0.18616478409372816)
(pose,5.045585632324219,14.176708221435549,-0.18616478409372816)
(pose,5.045585632324219,14.176708221435549,-0.18616478409372816)
(pose,5.045585632324219,14.176708221435549,-0.18616478409372816)
(pose,5.045585632324219,14.176708221435549,-0.18616478409372816)
(pose,5.045585632324219,14.176708221435549,-0.18616478409372816)
(pose,5.045585632324219,14.176708221435549,-0.18616478409372816)
(pose,5.045585632324219,14.176708221435549,-0.18616478409372816)
(pose,5.045585632324219,14.176708221435549,-0.18616478409372816)
(pose,5.045585632324219,14.176708221435549,-0.18616478409372816)
(pose,5.045585632324219,14.176708221435549,-0.18616478409372816)
(pose,5.045585632324219,14.176708221435549,-0.18616478409372816)
(pose,5.045585632324219,14.176708221435549,-0.18616478409372816)
(pose,5.045585632324219,14.176708221435549,-0.18616478409372816)
(pose,5.045585632324219,14.176708221435549,-0.18616478409372816)
(pose,5.045585632324219,14.176708221435549,-0.18616478409372816)
(pose,5.045585632324219,14.176708221435549,-0.18616478409372816)
(pose,5.045585632324219,14.176708221435549,-0.18616478409372816)
(pose,5.045585632324219,14.176708221435549,-0.18616478409372816)
(pose,5.045585632324219,14.176708221435549,-0.18616478409372816)
(pose,5.045585632324219,14.176708221435549,-0.18616478409372816)
(pose,5.045585632324219,14.176708221435549,-0.18616478409372816)
(pose,5.045585632324219,14.176708221435549,-0.18616478409372816)
(pose,5.045585632324219,14.176708221435549,-0.18616478409372816)
(pose,5.045585632324219,14.176708221435549,-0.18616478409372816)
(pose,5.045585632324219,14.176708221435549,-0.18616478409372816)
(pose,5.045585632324219,14.176708221435549,-0.18616478409372816)
(pose,5.045585632324219,14.176708221435549,-0.18616478409372816)
(pose,5.045585632324219,14.176708221435549,-0.18616478409372816)
(pose,5.045585632324219,14.176708221435549,-0.18616478409372816)
(pose,5.045585632324219,14.176708221435549,-0.18616478409372816)
(pose,5.045585632324219,14.176708221435549,-0.18616478409372816)
(pose,5.045585632324219,14.176708221435549,-0.18616478409372816)
(pose,5.045585632324219,14.176708221435549,-0.18616478409372816)
(pose,5.045585632324219,14.176708221435549,-0.18616478409372816)
(pose,5.045585632324219,14.176708221435549,-0.18616478409372816)
(pose,5.045585632324219,14.176708221435549,-0.18616478409372816)
(pose,5.045585632324219,14.176708221435549,-0.18616478409372816)
(pose,5.045585632324219,14.176708221435549,-0.18616478409372816)
(pose,5.045585632324219,14.176708221435549,-0.18616478409372816)
(pose,5.045585632324219,14.176708221435549,-0.18616478409372816)
(pose,5.045585632324219,14.176708221435549,-0.18616478409372816)
(pose,5.045585632324219,14.176708221435549,-0.18616478409372816)
(pose,5.045585632324219,14.176708221435549,-0.18616478409372816)
(pose,5.045585632324219,14.176708221435549,-0.18616478409372816)
(pose,5.045585632324219,14.176708221435549,-0.18616478409372816)
(pose,5.045585632324219,14.176708221435549,-0.18616478409372816)
(pose,5.045585632324219,14.176708221435549,-0.18616478409372816)
(pose,5.045585632324219,14.176708221435549,-0.18616478409372816)
(pose,5.045585632324219,14.176708221435549,-0.18616478409372816)
(pose,5.045585632324219,14.176708221435549,-0.18616478409372816)
(pose,5.045585632324219,14.176708221435549,-0.18616478409372816)
(pose,5.045585632324219,14.176708221435549,-0.18616478409372816)
(pose,5.045585632324219,14.176708221435549,-0.18616478409372816)
(pose,5.045585632324219,14.176708221435549,-0.18616478409372816)
(pose,5.045585632324219,14.176708221435549,-0.18616478409372816)
(pose,5.045585632324219,14.176708221435549,-0.18616478409372816)
(pose,5.045585632324219,14.176708221435549,-0.18616478409372816)
(pose,5.045585632324219,14.176708221435549,-0.18616478409372816)
(pose,5.045585632324219,14.176708221435549,-0.18616478409372816)
(pose,5.045585632324219,14.176708221435549,-0.18616478409372816)
(pose,5.045585632324219,14.176708221435549,-0.18616478409372816)
(pose,5.045585632324219,14.176708221435549,-0.18616478409372816)
(pose,5.045585632324219,14.176708221435549,-0.18616478409372816)
(pose,5.045585632324219,14.176708221435549,-0.18616478409372816)
(pose,5.045585632324219,14.176708221435549,-0.18616478409372816)
(pose,5.045585632324219,14.176708221435549,-0.18616478409372816)
(pose,5.045585632324219,14.176708221435549,-0.18616478409372816)
(pose,5.045585632324219,14.176708221435549,-0.18616478409372816)
(pose,5.045585632324219,14.176708221435549,-0.18616478409372816)
(pose,5.045585632324219,14.176708221435549,-0.18616478409372816)
(pose,5.045585632324219,14.176708221435549,-0.18616478409372816)
(pose,5.045585632324219,14.176708221435549,-0.18616478409372816)
(pose,5.045585632324219,14.176708221435549,-0.18616478409372816)
(pose,5.045585632324219,14.176708221435549,-0.18616478409372816)
(pose,5.045585632324219,14.176708221435549,-0.18616478409372816)
(pose,5.045585632324219,14.176708221435549,-0.18616478409372816)
(pose,5.045585632324219,14.176708221435549,-0.18616478409372816)
(pose,5.045585632324219,14.176708221435549,-0.18616478409372816)
(pose,5.045585632324219,14.176708221435549,-0.18616478409372816)
(pose,5.045585632324219,14.176708221435549,-0.18616478409372816)
(pose,5.045585632324219,14.176708221435549,-0.18616478409372816)
(pose,5.045585632324219,14.176708221435549,-0.18616478409372816)
(pose,5.045585632324219,14.176708221435549,-0.18616478409372816)
(pose,5.045585632324219,14.176708221435549,-0.18616478409372816)
(pose,5.045585632324219,14.176708221435549,-0.18616478409372816)
(pose,5.045585632324219,14.176708221435549,-0.18616478409372816)
(pose,5.045585632324219,14.176708221435549,-0.18616478409372816)
(pose,5.045585632324219,14.176708221435549,-0.18616478409372816)
(pose,5.045585632324219,14.176708221435549,-0.18616478409372816)
(pose,5.045585632324219,14.176708221435549,-0.18616478409372816)
(pose,5.045585632324219,14.176708221435549,-0.18616478409372816)
(pose,5.045585632324219,14.176708221435549,-0.18616478409372816)
(pose,5.045585632324219,14.176708221435549,-0.18616478409372816)
(pose,5.045585632324219,14.176708221435549,-0.18616478409372816)
(pose,5.045585632324219,14.176708221435549,-0.18616478409372816)
(pose,5.045585632324219,14.176708221435549,-0.18616478409372816)
(pose,5.045585632324219,14.176708221435549,-0.18616478409372816)
(pose,5.045585632324219,14.176708221435549,-0.18616478409372816)
(pose,5.045585632324219,14.176708221435549,-0.18616478409372816)
(pose,5.045585632324219,14.176708221435549,-0.18616478409372816)
(pose,5.045585632324219,14.176708221435549,-0.18616478409372816)
(pose,5.045585632324219,14.176708221435549,-0.18616478409372816)
(pose,5.045585632324219,14.176708221435549,-0.18616478409372816)
(pose,5.045585632324219,14.176708221435549,-0.18616478409372816)
(pose,5.045585632324219,14.176708221435549,-0.18616478409372816)
(pose,5.045585632324219,14.176708221435549,-0.18616478409372816)
(pose,5.045585632324219,14.176708221435549,-0.18616478409372816)
(pose,5.045585632324219,14.176708221435549,-0.18616478409372816)
(pose,5.045585632324219,14.176708221435549,-0.18616478409372816)
(pose,5.045585632324219,14.176708221435549,-0.18616478409372816)
(pose,5.045585632324219,14.176708221435549,-0.18616478409372816)
(pose,5.045585632324219,14.176708221435549,-0.18616478409372816)
(pose,5.045585632324219,14.176708221435549,-0.18616478409372816)
(pose,5.045585632324219,14.176708221435549,-0.18616478409372816)
(pose,5.045585632324219,14.176708221435549,-0.18616478409372816)
(pose,5.045585632324219,14.176708221435549,-0.18616478409372816)
(pose,5.045585632324219,14.176708221435549,-0.18616478409372816)
(pose,5.045585632324219,14.176708221435549,-0.18616478409372816)
(pose,5.045585632324219,14.176708221435549,-0.18616478409372816)
(pose,5.045585632324219,14.176708221435549,-0.18616478409372816)
(pose,5.045585632324219,14.176708221435549,-0.18616478409372816)
(pose,5.045585632324219,14.176708221435549,-0.18616478409372816)
(pose,5.045585632324219,14.176708221435549,-0.18616478409372816)
(pose,5.045585632324219,14.176708221435549,-0.18616478409372816)
(pose,5.045585632324219,14.176708221435549,-0.18616478409372816)
(pose,5.045585632324219,14.176708221435549,-0.18616478409372816)
(pose,5.045585632324219,14.176708221435549,-0.18616478409372816)
(pose,5.045585632324219,14.176708221435549,-0.18616478409372816)
(pose,5.045585632324219,14.176708221435549,-0.18616478409372816)
(pose,5.045585632324219,14.176708221435549,-0.18616478409372816)
(pose,5.045585632324219,14.176708221435549,-0.18616478409372816)
(pose,5.045585632324219,14.176708221435549,-0.18616478409372816)
(pose,5.045585632324219,14.176708221435549,-0.18616478409372816)
(pose,5.045585632324219,14.176708221435549,-0.18616478409372816)
(pose,5.045585632324219,14.176708221435549,-0.18616478409372816)
(pose,5.045585632324219,14.176708221435549,-0.18616478409372816)
(pose,5.045585632324219,14.176708221435549,-0.18616478409372816)
(pose,5.045585632324219,14.176708221435549,-0.18616478409372816)
(pose,5.045585632324219,14.176708221435549,-0.18616478409372816)
(pose,5.045585632324219,14.176708221435549,-0.18616478409372816)
(pose,5.045585632324219,14.176708221435549,-0.18616478409372816)
(pose,5.045585632324219,14.176708221435549,-0.18616478409372816)
(pose,5.045585632324219,14.176708221435549,-0.18616478409372816)
(pose,5.045585632324219,14.176708221435549,-0.18616478409372816)
(pose,5.045585632324219,14.176708221435549,-0.18616478409372816)
(pose,5.045585632324219,14.176708221435549,-0.18616478409372816)
(pose,5.045585632324219,14.176708221435549,-0.18616478409372816)
(pose,5.045585632324219,14.176708221435549,-0.18616478409372816)
(pose,5.045585632324219,14.176708221435549,-0.18616478409372816)
(pose,5.045585632324219,14.176708221435549,-0.18616478409372816)
(pose,5.045585632324219,14.176708221435549,-0.18616478409372816)
(pose,5.045585632324219,14.176708221435549,-0.18616478409372816)
(pose,5.045585632324219,14.176708221435549,-0.18616478409372816)
(pose,5.045585632324219,14.176708221435549,-0.18616478409372816)
(pose,5.045585632324219,14.176708221435549,-0.18616478409372816)
(pose,5.045585632324219,14.176708221435549,-0.18616478409372816)
(pose,5.045585632324219,14.176708221435549,-0.18616478409372816)
(pose,5.045585632324219,14.176708221435549,-0.18616478409372816)
(pose,5.045585632324219,14.176708221435549,-0.18616478409372816)
(pose,5.045585632324219,14.176708221435549,-0.18616478409372816)
(pose,5.045585632324219,14.176708221435549,-0.18616478409372816)
(pose,5.045585632324219,14.176708221435549,-0.18616478409372816)
(pose,5.045585632324219,14.176708221435549,-0.18616478409372816)
(pose,5.045585632324219,14.176708221435549,-0.18616478409372816)
(pose,5.045585632324219,14.176708221435549,-0.18616478409372816)
(pose,5.045585632324219,14.176708221435549,-0.18616478409372816)
(pose,5.045585632324219,14.176708221435549,-0.18616478409372816)
(pose,5.045585632324219,14.176708221435549,-0.18616478409372816)
(pose,5.045585632324219,14.176708221435549,-0.18616478409372816)
(pose,5.045585632324219,14.176708221435549,-0.18616478409372816)
(pose,5.045585632324219,14.176708221435549,-0.18616478409372816)
(pose,5.045585632324219,14.176708221435549,-0.18616478409372816)
(pose,5.045585632324219,14.176708221435549,-0.18616478409372816)
(pose,5.045585632324219,14.176708221435549,-0.18616478409372816)
(pose,5.045585632324219,14.176708221435549,-0.18616478409372816)
(pose,5.045585632324219,14.176708221435549,-0.18616478409372816)
(pose,5.045585632324219,14.176708221435549,-0.18616478409372816)
(pose,5.045585632324219,14.176708221435549,-0.18616478409372816)
(pose,5.045585632324219,14.176708221435549,-0.18616478409372816)
(pose,5.045585632324219,14.176708221435549,-0.18616478409372816)
(pose,5.045585632324219,14.176708221435549,-0.18616478409372816)
(pose,5.045585632324219,14.176708221435549,-0.18616478409372816)
(pose,5.045585632324219,14.176708221435549,-0.18616478409372816)
(pose,5.045585632324219,14.176708221435549,-0.18616478409372816)
(pose,5.045585632324219,14.176708221435549,-0.18616478409372816)
(pose,5.045585632324219,14.176708221435549,-0.18616478409372816)
(pose,5.045585632324219,14.176708221435549,-0.18616478409372816)
(pose,5.045585632324219,14.176708221435549,-0.18616478409372816)
(pose,5.045585632324219,14.176708221435549,-0.18616478409372816)
(pose,5.045585632324219,14.176708221435549,-0.18616478409372816)
(pose,5.045585632324219,14.176708221435549,-0.18616478409372816)
(pose,5.045585632324219,14.176708221435549,-0.18616478409372816)
(pose,5.045585632324219,14.176708221435549,-0.18616478409372816)
(pose,5.045585632324219,14.176708221435549,-0.18616478409372816)
(pose,5.045585632324219,14.176708221435549,-0.18616478409372816)
(pose,5.045585632324219,14.176708221435549,-0.18616478409372816)
(pose,5.045585632324219,14.176708221435549,-0.18616478409372816)
(pose,5.045585632324219,14.176708221435549,-0.18616478409372816)
(pose,5.045585632324219,14.176708221435549,-0.18616478409372816)
(pose,5.045585632324219,14.176708221435549,-0.18616478409372816)
(pose,5.045585632324219,14.176708221435549,-0.18616478409372816)
(pose,5.045585632324219,14.176708221435549,-0.18616478409372816)
(pose,5.045585632324219,14.176708221435549,-0.18616478409372816)
(pose,5.045585632324219,14.176708221435549,-0.18616478409372816)
(pose,5.045585632324219,14.176708221435549,-0.18616478409372816)
(pose,5.045585632324219,14.176708221435549,-0.18616478409372816)
(pose,5.045585632324219,14.176708221435549,-0.18616478409372816)
(pose,5.045585632324219,14.176708221435549,-0.18616478409372816)
(pose,5.045585632324219,14.176708221435549,-0.18616478409372816)
(pose,5.045585632324219,14.176708221435549,-0.18616478409372816)
(pose,5.045585632324219,14.176708221435549,-0.18616478409372816)
(pose,5.045585632324219,14.176708221435549,-0.18616478409372816)
(pose,5.045585632324219,14.176708221435549,-0.18616478409372816)
(pose,5.045585632324219,14.176708221435549,-0.18616478409372816)
(pose,5.045585632324219,14.176708221435549,-0.18616478409372816)
(pose,5.045585632324219,14.176708221435549,-0.18616478409372816)
(pose,5.045585632324219,14.176708221435549,-0.18616478409372816)
(pose,5.045585632324219,14.176708221435549,-0.18616478409372816)
(pose,5.045585632324219,14.176708221435549,-0.18616478409372816)
(pose,5.045585632324219,14.176708221435549,-0.18616478409372816)
(pose,5.045585632324219,14.176708221435549,-0.18616478409372816)
(pose,5.045585632324219,14.176708221435549,-0.18616478409372816)
(pose,5.045585632324219,14.176708221435549,-0.18616478409372816)
(pose,5.045585632324219,14.176708221435549,-0.18616478409372816)
(pose,5.045585632324219,14.176708221435549,-0.18616478409372816)
(pose,5.045585632324219,14.176708221435549,-0.18616478409372816)
(pose,5.045585632324219,14.176708221435549,-0.18616478409372816)
(pose,5.045585632324219,14.176708221435549,-0.18616478409372816)
(pose,5.045585632324219,14.176708221435549,-0.18616478409372816)
(pose,5.045585632324219,14.176708221435549,-0.18616478409372816)
(pose,5.045585632324219,14.176708221435549,-0.18616478409372816)
(pose,5.045585632324219,14.176708221435549,-0.18616478409372816)
(pose,5.045585632324219,14.176708221435549,-0.18616478409372816)
(pose,5.045585632324219,14.176708221435549,-0.18616478409372816)
(pose,5.045585632324219,14.176708221435549,-0.18616478409372816)
(pose,5.045585632324219,14.176708221435549,-0.18616478409372816)
(pose,5.045585632324219,14.176708221435549,-0.18616478409372816)
(pose,5.045585632324219,14.176708221435549,-0.18616478409372816)
(pose,5.045585632324219,14.176708221435549,-0.18616478409372816)
(pose,5.045585632324219,14.176708221435549,-0.18616478409372816)
(pose,5.045585632324219,14.176708221435549,-0.18616478409372816)
(pose,5.045585632324219,14.176708221435549,-0.18616478409372816)
(pose,5.045585632324219,14.176708221435549,-0.18616478409372816)
(pose,5.045585632324219,14.176708221435549,-0.18616478409372816)
(pose,5.045585632324219,14.176708221435549,-0.18616478409372816)
(pose,5.045585632324219,14.176708221435549,-0.18616478409372816)
(pose,5.045585632324219,14.176708221435549,-0.18616478409372816)
(pose,5.045585632324219,14.176708221435549,-0.18616478409372816)
(pose,5.045585632324219,14.176708221435549,-0.18616478409372816)
(pose,5.045585632324219,14.176708221435549,-0.18616478409372816)
(pose,5.045585632324219,14.176708221435549,-0.18616478409372816)
(pose,5.045585632324219,14.176708221435549,-0.18616478409372816)
(pose,5.045585632324219,14.176708221435549,-0.18616478409372816)
(pose,5.045585632324219,14.176708221435549,-0.18616478409372816)
(pose,5.045585632324219,14.176708221435549,-0.18616478409372816)
(pose,5.045585632324219,14.176708221435549,-0.18616478409372816)
(pose,5.045585632324219,14.176708221435549,-0.18616478409372816)
(pose,5.045585632324219,14.176708221435549,-0.18616478409372816)
(pose,5.045585632324219,14.176708221435549,-0.18616478409372816)
(pose,5.045585632324219,14.176708221435549,-0.18616478409372816)
(pose,5.045585632324219,14.176708221435549,-0.18616478409372816)
(pose,5.045585632324219,14.176708221435549,-0.18616478409372816)
(pose,5.045585632324219,14.176708221435549,-0.18616478409372816)
(pose,5.045585632324219,14.176708221435549,-0.18616478409372816)
(pose,5.045585632324219,14.176708221435549,-0.18616478409372816)
(pose,5.045585632324219,14.176708221435549,-0.18616478409372816)
(pose,5.045585632324219,14.176708221435549,-0.18616478409372816)
(pose,5.045585632324219,14.176708221435549,-0.18616478409372816)
(pose,5.045585632324219,14.176708221435549,-0.18616478409372816)
(pose,5.045585632324219,14.176708221435549,-0.18616478409372816)
(pose,5.045585632324219,14.176708221435549,-0.18616478409372816)
(pose,5.045585632324219,14.176708221435549,-0.18616478409372816)
(pose,5.045585632324219,14.176708221435549,-0.18616478409372816)
(pose,5.045585632324219,14.176708221435549,-0.18616478409372816)
(pose,5.045585632324219,14.176708221435549,-0.18616478409372816)
(pose,5.045585632324219,14.176708221435549,-0.18616478409372816)
(pose,5.045585632324219,14.176708221435549,-0.18616478409372816)
(pose,5.045585632324219,14.176708221435549,-0.18616478409372816)
(pose,5.045585632324219,14.176708221435549,-0.18616478409372816)
(pose,5.045585632324219,14.176708221435549,-0.18616478409372816)
(pose,5.045585632324219,14.176708221435549,-0.18616478409372816)
(pose,5.045585632324219,14.176708221435549,-0.18616478409372816)
(pose,5.045585632324219,14.176708221435549,-0.18616478409372816)
(pose,5.045585632324219,14.176708221435549,-0.18616478409372816)
(pose,5.045585632324219,14.176708221435549,-0.18616478409372816)
(pose,5.045585632324219,14.176708221435549,-0.18616478409372816)
(pose,5.045585632324219,14.176708221435549,-0.18616478409372816)
(pose,5.045585632324219,14.176708221435549,-0.18616478409372816)
(pose,5.045585632324219,14.176708221435549,-0.18616478409372816)
(pose,5.045585632324219,14.176708221435549,-0.18616478409372816)
(pose,5.045585632324219,14.176708221435549,-0.18616478409372816)
(pose,5.045585632324219,14.176708221435549,-0.18616478409372816)
(pose,5.045585632324219,14.176708221435549,-0.18616478409372816)
(pose,5.045585632324219,14.176708221435549,-0.18616478409372816)
(pose,5.045585632324219,14.176708221435549,-0.18616478409372816)
(pose,5.045585632324219,14.176708221435549,-0.18616478409372816)
(pose,5.045585632324219,14.176708221435549,-0.18616478409372816)
(pose,5.045585632324219,14.176708221435549,-0.18616478409372816)
(pose,5.045585632324219,14.176708221435549,-0.18616478409372816)
(pose,5.045585632324219,14.176708221435549,-0.18616478409372816)
(pose,5.045585632324219,14.176708221435549,-0.18616478409372816)
(pose,5.045585632324219,14.176708221435549,-0.18616478409372816)
(pose,5.045585632324219,14.176708221435549,-0.18616478409372816)
(pose,5.045585632324219,14.176708221435549,-0.18616478409372816)
(pose,5.045585632324219,14.176708221435549,-0.18616478409372816)
(pose,5.045585632324219,14.176708221435549,-0.18616478409372816)
(pose,5.045585632324219,14.176708221435549,-0.18616478409372816)
(pose,5.045585632324219,14.176708221435549,-0.18616478409372816)
(pose,5.045585632324219,14.176708221435549,-0.18616478409372816)
(pose,5.045585632324219,14.176708221435549,-0.18616478409372816)
(pose,5.045585632324219,14.176708221435549,-0.18616478409372816)
(pose,5.045585632324219,14.176708221435549,-0.18616478409372816)
(pose,5.045585632324219,14.176708221435549,-0.18616478409372816)
(pose,5.045585632324219,14.176708221435549,-0.18616478409372816)
(pose,5.045585632324219,14.176708221435549,-0.18616478409372816)
(pose,5.045585632324219,14.176708221435549,-0.18616478409372816)
(pose,5.045585632324219,14.176708221435549,-0.18616478409372816)
(pose,5.045585632324219,14.176708221435549,-0.18616478409372816)
(pose,5.045585632324219,14.176708221435549,-0.18616478409372816)
(pose,5.045585632324219,14.176708221435549,-0.18616478409372816)
(pose,5.045585632324219,14.176708221435549,-0.18616478409372816)
(pose,5.045585632324219,14.176708221435549,-0.18616478409372816)
(pose,5.045585632324219,14.176708221435549,-0.18616478409372816)
(pose,5.045585632324219,14.176708221435549,-0.18616478409372816)
(pose,5.045585632324219,14.176708221435549,-0.18616478409372816)
(pose,5.045585632324219,14.176708221435549,-0.18616478409372816)
(pose,5.045585632324219,14.176708221435549,-0.18616478409372816)
(pose,5.045585632324219,14.176708221435549,-0.18616478409372816)
(pose,5.045585632324219,14.176708221435549,-0.18616478409372816)
(pose,5.045585632324219,14.176708221435549,-0.18616478409372816)
(pose,5.045585632324219,14.176708221435549,-0.18616478409372816)
(pose,5.045585632324219,14.176708221435549,-0.18616478409372816)
(pose,5.045585632324219,14.176708221435549,-0.18616478409372816)
(pose,5.045585632324219,14.176708221435549,-0.18616478409372816)
(pose,5.045585632324219,14.176708221435549,-0.18616478409372816)
(pose,5.045585632324219,14.176708221435549,-0.18616478409372816)
(pose,5.045585632324219,14.176708221435549,-0.18616478409372816)
(pose,5.045585632324219,14.176708221435549,-0.18616478409372816)
(pose,5.045585632324219,14.176708221435549,-0.18616478409372816)
(pose,5.045585632324219,14.176708221435549,-0.18616478409372816)
(pose,5.045585632324219,14.176708221435549,-0.18616478409372816)
(pose,5.045585632324219,14.176708221435549,-0.18616478409372816)
(pose,5.045585632324219,14.176708221435549,-0.18616478409372816)
(pose,5.045585632324219,14.176708221435549,-0.18616478409372816)
(pose,5.045585632324219,14.176708221435549,-0.18616478409372816)
(pose,5.045585632324219,14.176708221435549,-0.18616478409372816)
(pose,5.045585632324219,14.176708221435549,-0.18616478409372816)
(pose,5.045585632324219,14.176708221435549,-0.18616478409372816)
(pose,5.045585632324219,14.176708221435549,-0.18616478409372816)
(pose,5.045585632324219,14.176708221435549,-0.18616478409372816)
(pose,5.045585632324219,14.176708221435549,-0.18616478409372816)
(pose,5.045585632324219,14.176708221435549,-0.18616478409372816)
(pose,5.045585632324219,14.176708221435549,-0.18616478409372816)
(pose,5.045585632324219,14.176708221435549,-0.18616478409372816)
(pose,5.045585632324219,14.176708221435549,-0.18616478409372816)
(pose,5.045585632324219,14.176708221435549,-0.18616478409372816)
(pose,5.045585632324219,14.176708221435549,-0.18616478409372816)
(pose,5.045585632324219,14.176708221435549,-0.18616478409372816)
(pose,5.045585632324219,14.176708221435549,-0.18616478409372816)
(pose,5.045585632324219,14.176708221435549,-0.18616478409372816)
(pose,5.045585632324219,14.176708221435549,-0.18616478409372816)
(pose,5.045585632324219,14.176708221435549,-0.18616478409372816)
(pose,5.045585632324219,14.176708221435549,-0.18616478409372816)
(pose,5.045585632324219,14.176708221435549,-0.18616478409372816)
(pose,5.045585632324219,14.176708221435549,-0.18616478409372816)
(pose,5.045585632324219,14.176708221435549,-0.18616478409372816)
(pose,5.045585632324219,14.176708221435549,-0.18616478409372816)
(pose,5.045585632324219,14.176708221435549,-0.18616478409372816)
(pose,5.045585632324219,14.176708221435549,-0.18616478409372816)
(pose,5.045585632324219,14.176708221435549,-0.18616478409372816)
(pose,5.045585632324219,14.176708221435549,-0.18616478409372816)
(pose,5.045585632324219,14.176708221435549,-0.18616478409372816)
(pose,5.045585632324219,14.176708221435549,-0.18616478409372816)
(pose,5.045585632324219,14.176708221435549,-0.18616478409372816)
(pose,5.045585632324219,14.176708221435549,-0.18616478409372816)
(pose,5.045585632324219,14.176708221435549,-0.18616478409372816)
(pose,5.045585632324219,14.176708221435549,-0.18616478409372816)
(pose,5.045585632324219,14.176708221435549,-0.18616478409372816)
(pose,5.045585632324219,14.176708221435549,-0.18616478409372816)
(pose,5.045585632324219,14.176708221435549,-0.18616478409372816)
(pose,5.045585632324219,14.176708221435549,-0.18616478409372816)
(pose,5.045585632324219,14.176708221435549,-0.18616478409372816)
(pose,5.045585632324219,14.176708221435549,-0.18616478409372816)
(pose,5.045585632324219,14.176708221435549,-0.18616478409372816)
(pose,5.045585632324219,14.176708221435549,-0.18616478409372816)
(pose,5.045585632324219,14.176708221435549,-0.18616478409372816)
(pose,5.045585632324219,14.176708221435549,-0.18616478409372816)
(pose,5.045585632324219,14.176708221435549,-0.18616478409372816)
(pose,5.045585632324219,14.176708221435549,-0.18616478409372816)
(pose,5.045585632324219,14.176708221435549,-0.18616478409372816)
(pose,5.045585632324219,14.176708221435549,-0.18616478409372816)
(pose,5.045585632324219,14.176708221435549,-0.18616478409372816)
(pose,5.045585632324219,14.176708221435549,-0.18616478409372816)
(pose,5.045585632324219,14.176708221435549,-0.18616478409372816)
(pose,5.045585632324219,14.176708221435549,-0.18616478409372816)
(pose,5.045585632324219,14.176708221435549,-0.18616478409372816)
(pose,5.045585632324219,14.176708221435549,-0.18616478409372816)
(pose,5.045585632324219,14.176708221435549,-0.18616478409372816)
(pose,5.045585632324219,14.176708221435549,-0.18616478409372816)
(pose,5.045585632324219,14.176708221435549,-0.18616478409372816)
(pose,5.045585632324219,14.176708221435549,-0.18616478409372816)
(pose,5.045585632324219,14.176708221435549,-0.18616478409372816)
(pose,5.045585632324219,14.176708221435549,-0.18616478409372816)
(pose,5.045585632324219,14.176708221435549,-0.18616478409372816)
(pose,5.045585632324219,14.176708221435549,-0.18616478409372816)
(pose,5.045585632324219,14.176708221435549,-0.18616478409372816)
(pose,5.045585632324219,14.176708221435549,-0.18616478409372816)
(pose,5.045585632324219,14.176708221435549,-0.18616478409372816)
(pose,5.045585632324219,14.176708221435549,-0.18616478409372816)
(pose,5.045585632324219,14.176708221435549,-0.18616478409372816)
(pose,5.045585632324219,14.176708221435549,-0.18616478409372816)
(pose,5.045585632324219,14.176708221435549,-0.18616478409372816)
(pose,5.045585632324219,14.176708221435549,-0.18616478409372816)
(pose,5.045585632324219,14.176708221435549,-0.18616478409372816)
(pose,5.045585632324219,14.176708221435549,-0.18616478409372816)
(pose,5.045585632324219,14.176708221435549,-0.18616478409372816)
(pose,5.045585632324219,14.176708221435549,-0.18616478409372816)
(pose,5.045585632324219,14.176708221435549,-0.18616478409372816)
(pose,5.045585632324219,14.176708221435549,-0.18616478409372816)
(pose,5.045585632324219,14.176708221435549,-0.18616478409372816)
(pose,5.045585632324219,14.176708221435549,-0.18616478409372816)
(pose,5.045585632324219,14.176708221435549,-0.18616478409372816)
(pose,5.045585632324219,14.176708221435549,-0.18616478409372816)
(pose,5.045585632324219,14.176708221435549,-0.18616478409372816)
(pose,5.045585632324219,14.176708221435549,-0.18616478409372816)
(pose,5.045585632324219,14.176708221435549,-0.18616478409372816)
(pose,5.045585632324219,14.176708221435549,-0.18616478409372816)
(pose,5.045585632324219,14.176708221435549,-0.18616478409372816)
(pose,5.045585632324219,14.176708221435549,-0.18616478409372816)
(pose,5.045585632324219,14.176708221435549,-0.18616478409372816)
(pose,5.045585632324219,14.176708221435549,-0.18616478409372816)
(pose,5.045585632324219,14.176708221435549,-0.18616478409372816)
(pose,5.045585632324219,14.176708221435549,-0.18616478409372816)
(pose,5.045585632324219,14.176708221435549,-0.18616478409372816)
(pose,5.045585632324219,14.176708221435549,-0.18616478409372816)
(pose,5.045585632324219,14.176708221435549,-0.18616478409372816)
(pose,5.045585632324219,14.176708221435549,-0.18616478409372816)
(pose,5.045585632324219,14.176708221435549,-0.18616478409372816)
(pose,5.045585632324219,14.176708221435549,-0.18616478409372816)
(pose,5.045585632324219,14.176708221435549,-0.18616478409372816)
(pose,5.045585632324219,14.176708221435549,-0.18616478409372816)
(pose,5.045585632324219,14.176708221435549,-0.18616478409372816)
(pose,5.045585632324219,14.176708221435549,-0.18616478409372816)
(pose,5.045585632324219,14.176708221435549,-0.18616478409372816)
(pose,5.045585632324219,14.176708221435549,-0.18616478409372816)
(pose,5.045585632324219,14.176708221435549,-0.18616478409372816)
(pose,5.045585632324219,14.176708221435549,-0.18616478409372816)
(pose,5.045585632324219,14.176708221435549,-0.18616478409372816)
(pose,5.045585632324219,14.176708221435549,-0.18616478409372816)
(pose,5.045585632324219,14.176708221435549,-0.18616478409372816)
(pose,5.045585632324219,14.176708221435549,-0.18616478409372816)
(pose,5.045585632324219,14.176708221435549,-0.18616478409372816)
(pose,5.045585632324219,14.176708221435549,-0.18616478409372816)
(pose,5.045585632324219,14.176708221435549,-0.18616478409372816)
(pose,5.045585632324219,14.176708221435549,-0.18616478409372816)
(pose,5.045585632324219,14.176708221435549,-0.18616478409372816)
(pose,5.045585632324219,14.176708221435549,-0.18616478409372816)
(pose,5.045585632324219,14.176708221435549,-0.18616478409372816)
(pose,5.045585632324219,14.176708221435549,-0.18616478409372816)
(pose,5.045585632324219,14.176708221435549,-0.18616478409372816)
(pose,5.045585632324219,14.176708221435549,-0.18616478409372816)
(pose,5.045585632324219,14.176708221435549,-0.18616478409372816)
(pose,5.045585632324219,14.176708221435549,-0.18616478409372816)
(pose,5.045585632324219,14.176708221435549,-0.18616478409372816)
(pose,5.045585632324219,14.176708221435549,-0.18616478409372816)
(pose,5.045585632324219,14.176708221435549,-0.18616478409372816)
(pose,5.045585632324219,14.176708221435549,-0.18616478409372816)
(pose,5.045585632324219,14.176708221435549,-0.18616478409372816)
(pose,5.045585632324219,14.176708221435549,-0.18616478409372816)
(pose,5.045585632324219,14.176708221435549,-0.18616478409372816)
(pose,5.045585632324219,14.176708221435549,-0.18616478409372816)
(pose,5.045585632324219,14.176708221435549,-0.18616478409372816)
(pose,5.045585632324219,14.176708221435549,-0.18616478409372816)
(pose,5.045585632324219,14.176708221435549,-0.18616478409372816)
(pose,5.045585632324219,14.176708221435549,-0.18616478409372816)
(pose,5.045585632324219,14.176708221435549,-0.18616478409372816)
(pose,5.045585632324219,14.176708221435549,-0.18616478409372816)
(pose,5.045585632324219,14.176708221435549,-0.18616478409372816)
(pose,5.045585632324219,14.176708221435549,-0.18616478409372816)
(pose,5.045585632324219,14.176708221435549,-0.18616478409372816)
(pose,5.045585632324219,14.176708221435549,-0.18616478409372816)
(pose,5.045585632324219,14.176708221435549,-0.18616478409372816)
(pose,5.045585632324219,14.176708221435549,-0.18616478409372816)
(pose,5.045585632324219,14.176708221435549,-0.18616478409372816)
(pose,5.045585632324219,14.176708221435549,-0.18616478409372816)
(pose,5.045585632324219,14.176708221435549,-0.18616478409372816)
(pose,5.045585632324219,14.176708221435549,-0.18616478409372816)
(pose,5.045585632324219,14.176708221435549,-0.18616478409372816)
(pose,5.045585632324219,14.176708221435549,-0.18616478409372816)
(pose,5.045585632324219,14.176708221435549,-0.18616478409372816)
(pose,5.045585632324219,14.176708221435549,-0.18616478409372816)
(pose,5.045585632324219,14.176708221435549,-0.18616478409372816)
(pose,5.045585632324219,14.176708221435549,-0.18616478409372816)
(pose,5.045585632324219,14.176708221435549,-0.18616478409372816)
(pose,5.045585632324219,14.176708221435549,-0.18616478409372816)
(pose,5.045585632324219,14.176708221435549,-0.18616478409372816)
(pose,5.045585632324219,14.176708221435549,-0.18616478409372816)
(pose,5.045585632324219,14.176708221435549,-0.18616478409372816)
(pose,5.045585632324219,14.176708221435549,-0.18616478409372816)
(pose,5.045585632324219,14.176708221435549,-0.18616478409372816)
(pose,5.045585632324219,14.176708221435549,-0.18616478409372816)
(pose,5.045585632324219,14.176708221435549,-0.18616478409372816)
(pose,5.045585632324219,14.176708221435549,-0.18616478409372816)
(pose,5.045585632324219,14.176708221435549,-0.18616478409372816)
(pose,5.045585632324219,14.176708221435549,-0.18616478409372816)
(pose,5.045585632324219,14.176708221435549,-0.18616478409372816)
(pose,5.045585632324219,14.176708221435549,-0.18616478409372816)
(pose,5.045585632324219,14.176708221435549,-0.18616478409372816)
(pose,5.045585632324219,14.176708221435549,-0.18616478409372816)
(pose,5.045585632324219,14.176708221435549,-0.18616478409372816)
(pose,5.045585632324219,14.176708221435549,-0.18616478409372816)
(pose,5.045585632324219,14.176708221435549,-0.18616478409372816)
(pose,5.045585632324219,14.176708221435549,-0.18616478409372816)
(pose,5.045585632324219,14.176708221435549,-0.18616478409372816)
(pose,5.045585632324219,14.176708221435549,-0.18616478409372816)
(pose,5.045585632324219,14.176708221435549,-0.18616478409372816)
(pose,5.045585632324219,14.176708221435549,-0.18616478409372816)
(pose,5.045585632324219,14.176708221435549,-0.18616478409372816)
(pose,5.045585632324219,14.176708221435549,-0.18616478409372816)
(pose,5.045585632324219,14.176708221435549,-0.18616478409372816)
(pose,5.045585632324219,14.176708221435549,-0.18616478409372816)
(pose,5.045585632324219,14.176708221435549,-0.18616478409372816)
(pose,5.045585632324219,14.176708221435549,-0.18616478409372816)
(pose,5.045585632324219,14.176708221435549,-0.18616478409372816)
(pose,5.045585632324219,14.176708221435549,-0.18616478409372816)
(pose,5.045585632324219,14.176708221435549,-0.18616478409372816)
(pose,5.045585632324219,14.176708221435549,-0.18616478409372816)
(pose,5.045585632324219,14.176708221435549,-0.18616478409372816)
(pose,5.045585632324219,14.176708221435549,-0.18616478409372816)
(pose,5.045585632324219,14.176708221435549,-0.18616478409372816)
(pose,5.045585632324219,14.176708221435549,-0.18616478409372816)
(pose,5.045585632324219,14.176708221435549,-0.18616478409372816)
(pose,5.045585632324219,14.176708221435549,-0.18616478409372816)
(pose,5.045585632324219,14.176708221435549,-0.18616478409372816)
(pose,5.045585632324219,14.176708221435549,-0.18616478409372816)
(pose,5.045585632324219,14.176708221435549,-0.18616478409372816)
(pose,5.045585632324219,14.176708221435549,-0.18616478409372816)
(pose,5.045585632324219,14.176708221435549,-0.18616478409372816)
(pose,5.045585632324219,14.176708221435549,-0.18616478409372816)
(pose,5.045585632324219,14.176708221435549,-0.18616478409372816)
(pose,5.045585632324219,14.176708221435549,-0.18616478409372816)
(pose,5.045585632324219,14.176708221435549,-0.18616478409372816)
(pose,5.045585632324219,14.176708221435549,-0.18616478409372816)
(pose,5.045585632324219,14.176708221435549,-0.18616478409372816)
(pose,5.045585632324219,14.176708221435549,-0.18616478409372816)
(pose,5.045585632324219,14.176708221435549,-0.18616478409372816)
(pose,5.045585632324219,14.176708221435549,-0.18616478409372816)
(pose,5.045585632324219,14.176708221435549,-0.18616478409372816)
(pose,5.045585632324219,14.176708221435549,-0.18616478409372816)
(pose,5.045585632324219,14.176708221435549,-0.18616478409372816)
(pose,5.045585632324219,14.176708221435549,-0.18616478409372816)
(pose,5.045585632324219,14.176708221435549,-0.18616478409372816)
(pose,5.045585632324219,14.176708221435549,-0.18616478409372816)
(pose,5.045585632324219,14.176708221435549,-0.18616478409372816)
(pose,5.045585632324219,14.176708221435549,-0.18616478409372816)
(pose,5.045585632324219,14.176708221435549,-0.18616478409372816)
(pose,5.045585632324219,14.176708221435549,-0.18616478409372816)
(pose,5.045585632324219,14.176708221435549,-0.18616478409372816)
(pose,5.045585632324219,14.176708221435549,-0.18616478409372816)
(pose,5.045585632324219,14.176708221435549,-0.18616478409372816)
(pose,5.045585632324219,14.176708221435549,-0.18616478409372816)
(pose,5.045585632324219,14.176708221435549,-0.18616478409372816)
(pose,5.045585632324219,14.176708221435549,-0.18616478409372816)
(pose,5.045585632324219,14.176708221435549,-0.18616478409372816)
(pose,5.045585632324219,14.176708221435549,-0.18616478409372816)
(pose,5.045585632324219,14.176708221435549,-0.18616478409372816)
(pose,5.045585632324219,14.176708221435549,-0.18616478409372816)
(pose,5.045585632324219,14.176708221435549,-0.18616478409372816)
(pose,5.045585632324219,14.176708221435549,-0.18616478409372816)
(pose,5.045585632324219,14.176708221435549,-0.18616478409372816)
(pose,5.045585632324219,14.176708221435549,-0.18616478409372816)
(pose,5.045585632324219,14.176708221435549,-0.18616478409372816)
(pose,5.045585632324219,14.176708221435549,-0.18616478409372816)
(pose,5.045585632324219,14.176708221435549,-0.18616478409372816)
(pose,5.045585632324219,14.176708221435549,-0.18616478409372816)
(pose,5.045585632324219,14.176708221435549,-0.18616478409372816)
(pose,5.045585632324219,14.176708221435549,-0.18616478409372816)
(pose,5.045585632324219,14.176708221435549,-0.18616478409372816)
(pose,5.045585632324219,14.176708221435549,-0.18616478409372816)
(pose,5.045585632324219,14.176708221435549,-0.18616478409372816)
(pose,5.045585632324219,14.176708221435549,-0.18616478409372816)
(pose,5.045585632324219,14.176708221435549,-0.18616478409372816)
(pose,5.045585632324219,14.176708221435549,-0.18616478409372816)
(pose,5.045585632324219,14.176708221435549,-0.18616478409372816)
(pose,5.045585632324219,14.176708221435549,-0.18616478409372816)
(pose,5.045585632324219,14.176708221435549,-0.18616478409372816)
(pose,5.045585632324219,14.176708221435549,-0.18616478409372816)
(pose,5.045585632324219,14.176708221435549,-0.18616478409372816)
(pose,5.045585632324219,14.176708221435549,-0.18616478409372816)
(pose,5.045585632324219,14.176708221435549,-0.18616478409372816)
(pose,5.045585632324219,14.176708221435549,-0.18616478409372816)
(pose,5.045585632324219,14.176708221435549,-0.18616478409372816)
(pose,5.045585632324219,14.176708221435549,-0.18616478409372816)
(pose,5.045585632324219,14.176708221435549,-0.18616478409372816)
(pose,5.045585632324219,14.176708221435549,-0.18616478409372816)
(pose,5.045585632324219,14.176708221435549,-0.18616478409372816)
(pose,5.045585632324219,14.176708221435549,-0.18616478409372816)
(pose,5.045585632324219,14.176708221435549,-0.18616478409372816)
(pose,5.045585632324219,14.176708221435549,-0.18616478409372816)
(pose,5.045585632324219,14.176708221435549,-0.18616478409372816)
(pose,5.045585632324219,14.176708221435549,-0.18616478409372816)
(pose,5.045585632324219,14.176708221435549,-0.18616478409372816)
(pose,5.045585632324219,14.176708221435549,-0.18616478409372816)
(pose,5.045585632324219,14.176708221435549,-0.18616478409372816)
(pose,5.045585632324219,14.176708221435549,-0.18616478409372816)
(pose,5.045585632324219,14.176708221435549,-0.18616478409372816)
(pose,5.045585632324219,14.176708221435549,-0.18616478409372816)
(pose,5.045585632324219,14.176708221435549,-0.18616478409372816)
(pose,5.045585632324219,14.176708221435549,-0.18616478409372816)
(pose,5.045585632324219,14.176708221435549,-0.18616478409372816)
(pose,5.045585632324219,14.176708221435549,-0.18616478409372816)
(pose,5.045585632324219,14.176708221435549,-0.18616478409372816)
(pose,5.045585632324219,14.176708221435549,-0.18616478409372816)
(pose,5.045585632324219,14.176708221435549,-0.18616478409372816)
(pose,5.045585632324219,14.176708221435549,-0.18616478409372816)
(pose,5.045585632324219,14.176708221435549,-0.18616478409372816)
(pose,5.045585632324219,14.176708221435549,-0.18616478409372816)
(pose,5.045585632324219,14.176708221435549,-0.18616478409372816)
(pose,5.045585632324219,14.176708221435549,-0.18616478409372816)
(pose,5.045585632324219,14.176708221435549,-0.18616478409372816)
(pose,5.045585632324219,14.176708221435549,-0.18616478409372816)
(pose,5.045585632324219,14.176708221435549,-0.18616478409372816)
(pose,5.045585632324219,14.176708221435549,-0.18616478409372816)
(pose,5.045585632324219,14.176708221435549,-0.18616478409372816)
(pose,5.045585632324219,14.176708221435549,-0.18616478409372816)
(pose,5.045585632324219,14.176708221435549,-0.18616478409372816)
(pose,5.045585632324219,14.176708221435549,-0.18616478409372816)
(pose,5.045585632324219,14.176708221435549,-0.18616478409372816)
(pose,5.045585632324219,14.176708221435549,-0.18616478409372816)
(pose,5.045585632324219,14.176708221435549,-0.18616478409372816)
(pose,5.045585632324219,14.176708221435549,-0.18616478409372816)
(pose,5.045585632324219,14.176708221435549,-0.18616478409372816)
(pose,5.045585632324219,14.176708221435549,-0.18616478409372816)
(pose,5.045585632324219,14.176708221435549,-0.18616478409372816)
(pose,5.045585632324219,14.176708221435549,-0.18616478409372816)
(pose,5.045585632324219,14.176708221435549,-0.18616478409372816)
(pose,5.045585632324219,14.176708221435549,-0.18616478409372816)
(pose,5.045585632324219,14.176708221435549,-0.18616478409372816)
(pose,5.045585632324219,14.176708221435549,-0.18616478409372816)
(pose,5.045585632324219,14.176708221435549,-0.18616478409372816)
(pose,5.045585632324219,14.176708221435549,-0.18616478409372816)
(pose,5.045585632324219,14.176708221435549,-0.18616478409372816)
(pose,5.045585632324219,14.176708221435549,-0.18616478409372816)
(pose,5.045585632324219,14.176708221435549,-0.18616478409372816)
(pose,5.045585632324219,14.176708221435549,-0.18616478409372816)
(pose,5.045585632324219,14.176708221435549,-0.18616478409372816)
(pose,5.045585632324219,14.176708221435549,-0.18616478409372816)
(pose,5.045585632324219,14.176708221435549,-0.18616478409372816)
(pose,5.045585632324219,14.176708221435549,-0.18616478409372816)
(pose,5.045585632324219,14.176708221435549,-0.18616478409372816)
(pose,5.045585632324219,14.176708221435549,-0.18616478409372816)
(pose,5.045585632324219,14.176708221435549,-0.18616478409372816)
(pose,5.045585632324219,14.176708221435549,-0.18616478409372816)
(pose,5.045585632324219,14.176708221435549,-0.18616478409372816)
(pose,5.045585632324219,14.176708221435549,-0.18616478409372816)
(pose,5.045585632324219,14.176708221435549,-0.18616478409372816)
(pose,5.045585632324219,14.176708221435549,-0.18616478409372816)
(pose,5.045585632324219,14.176708221435549,-0.18616478409372816)
(pose,5.045585632324219,14.176708221435549,-0.18616478409372816)
(pose,5.045585632324219,14.176708221435549,-0.18616478409372816)
(pose,5.045585632324219,14.176708221435549,-0.18616478409372816)
(pose,5.045585632324219,14.176708221435549,-0.18616478409372816)
(pose,5.045585632324219,14.176708221435549,-0.18616478409372816)
(pose,5.045585632324219,14.176708221435549,-0.18616478409372816)
(pose,5.045585632324219,14.176708221435549,-0.18616478409372816)
(pose,5.045585632324219,14.176708221435549,-0.18616478409372816)
(pose,5.045585632324219,14.176708221435549,-0.18616478409372816)
(pose,5.045585632324219,14.176708221435549,-0.18616478409372816)
(pose,5.045585632324219,14.176708221435549,-0.18616478409372816)
(pose,5.045585632324219,14.176708221435549,-0.18616478409372816)
(pose,5.045585632324219,14.176708221435549,-0.18616478409372816)
(pose,5.045585632324219,14.176708221435549,-0.18616478409372816)
(pose,5.045585632324219,14.176708221435549,-0.18616478409372816)
(pose,5.045585632324219,14.176708221435549,-0.18616478409372816)
(pose,5.045585632324219,14.176708221435549,-0.18616478409372816)
(pose,5.045585632324219,14.176708221435549,-0.18616478409372816)
(pose,5.045585632324219,14.176708221435549,-0.18616478409372816)
(pose,5.045585632324219,14.176708221435549,-0.18616478409372816)
(pose,5.045585632324219,14.176708221435549,-0.18616478409372816)
(pose,5.045585632324219,14.176708221435549,-0.18616478409372816)
(pose,5.045585632324219,14.176708221435549,-0.18616478409372816)
(pose,5.045585632324219,14.176708221435549,-0.18616478409372816)
(pose,5.045585632324219,14.176708221435549,-0.18616478409372816)
(pose,5.045585632324219,14.176708221435549,-0.18616478409372816)
(pose,5.045585632324219,14.176708221435549,-0.18616478409372816)
(pose,5.045585632324219,14.176708221435549,-0.18616478409372816)
(pose,5.045585632324219,14.176708221435549,-0.18616478409372816)
(pose,5.045585632324219,14.176708221435549,-0.18616478409372816)
(pose,5.045585632324219,14.176708221435549,-0.18616478409372816)
(pose,5.045585632324219,14.176708221435549,-0.18616478409372816)
(pose,5.045585632324219,14.176708221435549,-0.18616478409372816)
(pose,5.045585632324219,14.176708221435549,-0.18616478409372816)
(pose,5.045585632324219,14.176708221435549,-0.18616478409372816)
(pose,5.045585632324219,14.176708221435549,-0.18616478409372816)
(pose,5.045585632324219,14.176708221435549,-0.18616478409372816)
(pose,5.045585632324219,14.176708221435549,-0.18616478409372816)
(pose,5.045585632324219,14.176708221435549,-0.18616478409372816)
(pose,5.045585632324219,14.176708221435549,-0.18616478409372816)
(pose,5.045585632324219,14.176708221435549,-0.18616478409372816)
(pose,5.045585632324219,14.176708221435549,-0.18616478409372816)
(pose,5.045585632324219,14.176708221435549,-0.18616478409372816)
(pose,5.045585632324219,14.176708221435549,-0.18616478409372816)
(pose,5.045585632324219,14.176708221435549,-0.18616478409372816)
(pose,5.045585632324219,14.176708221435549,-0.18616478409372816)
(pose,5.045585632324219,14.176708221435549,-0.18616478409372816)
(pose,5.045585632324219,14.176708221435549,-0.18616478409372816)
(pose,5.045585632324219,14.176708221435549,-0.18616478409372816)
(pose,5.045585632324219,14.176708221435549,-0.18616478409372816)
(pose,5.045585632324219,14.176708221435549,-0.18616478409372816)
(pose,5.045585632324219,14.176708221435549,-0.18616478409372816)
(pose,5.045585632324219,14.176708221435549,-0.18616478409372816)
(pose,5.045585632324219,14.176708221435549,-0.18616478409372816)
(pose,5.045585632324219,14.176708221435549,-0.18616478409372816)
(pose,5.045585632324219,14.176708221435549,-0.18616478409372816)
(pose,5.045585632324219,14.176708221435549,-0.18616478409372816)
(pose,5.045585632324219,14.176708221435549,-0.18616478409372816)
(pose,5.045585632324219,14.176708221435549,-0.18616478409372816)
(pose,5.045585632324219,14.176708221435549,-0.18616478409372816)
(pose,5.045585632324219,14.176708221435549,-0.18616478409372816)
(pose,5.045585632324219,14.176708221435549,-0.18616478409372816)
(pose,5.045585632324219,14.176708221435549,-0.18616478409372816)
(pose,5.045585632324219,14.176708221435549,-0.18616478409372816)
(pose,5.045585632324219,14.176708221435549,-0.18616478409372816)
(pose,5.045585632324219,14.176708221435549,-0.18616478409372816)
(pose,5.045585632324219,14.176708221435549,-0.18616478409372816)
(pose,5.045585632324219,14.176708221435549,-0.18616478409372816)
(pose,5.045585632324219,14.176708221435549,-0.18616478409372816)
(pose,5.045585632324219,14.176708221435549,-0.18616478409372816)
(pose,5.045585632324219,14.176708221435549,-0.18616478409372816)
(pose,5.045585632324219,14.176708221435549,-0.18616478409372816)
(pose,5.045585632324219,14.176708221435549,-0.18616478409372816)
(pose,5.045585632324219,14.176708221435549,-0.18616478409372816)
(pose,5.045585632324219,14.176708221435549,-0.18616478409372816)
(pose,5.045585632324219,14.176708221435549,-0.18616478409372816)
(pose,5.045585632324219,14.176708221435549,-0.18616478409372816)
(pose,5.045585632324219,14.176708221435549,-0.18616478409372816)
(pose,5.045585632324219,14.176708221435549,-0.18616478409372816)
(pose,5.045585632324219,14.176708221435549,-0.18616478409372816)
(pose,5.045585632324219,14.176708221435549,-0.18616478409372816)
(pose,5.045585632324219,14.176708221435549,-0.18616478409372816)
(pose,5.045585632324219,14.176708221435549,-0.18616478409372816)
(pose,5.045585632324219,14.176708221435549,-0.18616478409372816)
(pose,5.045585632324219,14.176708221435549,-0.18616478409372816)
(pose,5.045585632324219,14.176708221435549,-0.18616478409372816)
(pose,5.045585632324219,14.176708221435549,-0.18616478409372816)
(pose,5.045585632324219,14.176708221435549,-0.18616478409372816)
(pose,5.045585632324219,14.176708221435549,-0.18616478409372816)
(pose,5.045585632324219,14.176708221435549,-0.18616478409372816)
(pose,5.045585632324219,14.176708221435549,-0.18616478409372816)
(pose,5.045585632324219,14.176708221435549,-0.18616478409372816)
(pose,5.045585632324219,14.176708221435549,-0.18616478409372816)
(pose,5.045585632324219,14.176708221435549,-0.18616478409372816)
(pose,5.045585632324219,14.176708221435549,-0.18616478409372816)
(pose,5.045585632324219,14.176708221435549,-0.18616478409372816)
(pose,5.045585632324219,14.176708221435549,-0.18616478409372816)
(pose,5.045585632324219,14.176708221435549,-0.18616478409372816)
(pose,5.045585632324219,14.176708221435549,-0.18616478409372816)
(pose,5.045585632324219,14.176708221435549,-0.18616478409372816)
(pose,5.045585632324219,14.176708221435549,-0.18616478409372816)
(pose,5.045585632324219,14.176708221435549,-0.18616478409372816)
(pose,5.045585632324219,14.176708221435549,-0.18616478409372816)
(pose,5.045585632324219,14.176708221435549,-0.18616478409372816)
(pose,5.045585632324219,14.176708221435549,-0.18616478409372816)
(pose,5.045585632324219,14.176708221435549,-0.18616478409372816)
(pose,5.045585632324219,14.176708221435549,-0.18616478409372816)
(pose,5.045585632324219,14.176708221435549,-0.18616478409372816)
(pose,5.045585632324219,14.176708221435549,-0.18616478409372816)
(pose,5.045585632324219,14.176708221435549,-0.18616478409372816)
(pose,5.045585632324219,14.176708221435549,-0.18616478409372816)
(pose,5.045585632324219,14.176708221435549,-0.18616478409372816)
(pose,5.045585632324219,14.176708221435549,-0.18616478409372816)
(pose,5.045585632324219,14.176708221435549,-0.18616478409372816)
(pose,5.045585632324219,14.176708221435549,-0.18616478409372816)
(pose,5.045585632324219,14.176708221435549,-0.18616478409372816)
(pose,5.045585632324219,14.176708221435549,-0.18616478409372816)
(pose,5.045585632324219,14.176708221435549,-0.18616478409372816)
(pose,5.045585632324219,14.176708221435549,-0.18616478409372816)
(pose,5.045585632324219,14.176708221435549,-0.18616478409372816)
(pose,5.045585632324219,14.176708221435549,-0.18616478409372816)
(pose,5.045585632324219,14.176708221435549,-0.18616478409372816)
(pose,5.045585632324219,14.176708221435549,-0.18616478409372816)
(pose,5.045585632324219,14.176708221435549,-0.18616478409372816)
(pose,5.045585632324219,14.176708221435549,-0.18616478409372816)
(pose,5.045585632324219,14.176708221435549,-0.18616478409372816)
(pose,5.045585632324219,14.176708221435549,-0.18616478409372816)
(pose,5.045585632324219,14.176708221435549,-0.18616478409372816)
(pose,5.045585632324219,14.176708221435549,-0.18616478409372816)
(pose,5.045585632324219,14.176708221435549,-0.18616478409372816)
(pose,5.045585632324219,14.176708221435549,-0.18616478409372816)
(pose,5.045585632324219,14.176708221435549,-0.18616478409372816)
(pose,5.045585632324219,14.176708221435549,-0.18616478409372816)
(pose,5.045585632324219,14.176708221435549,-0.18616478409372816)
(pose,5.045585632324219,14.176708221435549,-0.18616478409372816)
(pose,5.045585632324219,14.176708221435549,-0.18616478409372816)
(pose,5.045585632324219,14.176708221435549,-0.18616478409372816)
(pose,5.045585632324219,14.176708221435549,-0.18616478409372816)
(pose,5.045585632324219,14.176708221435549,-0.18616478409372816)
(pose,5.045585632324219,14.176708221435549,-0.18616478409372816)
(pose,5.045585632324219,14.176708221435549,-0.18616478409372816)
(pose,5.045585632324219,14.176708221435549,-0.18616478409372816)
(pose,5.045585632324219,14.176708221435549,-0.18616478409372816)
(pose,5.045585632324219,14.176708221435549,-0.18616478409372816)
(pose,5.045585632324219,14.176708221435549,-0.18616478409372816)
(pose,5.045585632324219,14.176708221435549,-0.18616478409372816)
(pose,5.045585632324219,14.176708221435549,-0.18616478409372816)
(pose,5.045585632324219,14.176708221435549,-0.18616478409372816)
(pose,5.045585632324219,14.176708221435549,-0.18616478409372816)
(pose,5.045585632324219,14.176708221435549,-0.18616478409372816)
(pose,5.045585632324219,14.176708221435549,-0.18616478409372816)
(pose,5.045585632324219,14.176708221435549,-0.18616478409372816)
(pose,5.045585632324219,14.176708221435549,-0.18616478409372816)
(pose,5.045585632324219,14.176708221435549,-0.18616478409372816)
(pose,5.045585632324219,14.176708221435549,-0.18616478409372816)
(pose,5.045585632324219,14.176708221435549,-0.18616478409372816)
(pose,5.045585632324219,14.176708221435549,-0.18616478409372816)
(pose,5.045585632324219,14.176708221435549,-0.18616478409372816)
(pose,5.045585632324219,14.176708221435549,-0.18616478409372816)
(pose,5.045585632324219,14.176708221435549,-0.18616478409372816)
(pose,5.045585632324219,14.176708221435549,-0.18616478409372816)
(pose,5.045585632324219,14.176708221435549,-0.18616478409372816)
(pose,5.045585632324219,14.176708221435549,-0.18616478409372816)
(pose,5.045585632324219,14.176708221435549,-0.18616478409372816)
(pose,5.045585632324219,14.176708221435549,-0.18616478409372816)
(pose,5.045585632324219,14.176708221435549,-0.18616478409372816)
(pose,5.045585632324219,14.176708221435549,-0.18616478409372816)
(pose,5.045585632324219,14.176708221435549,-0.18616478409372816)
(pose,5.045585632324219,14.176708221435549,-0.18616478409372816)
(pose,5.045585632324219,14.176708221435549,-0.18616478409372816)
(pose,5.045585632324219,14.176708221435549,-0.18616478409372816)
(pose,5.045585632324219,14.176708221435549,-0.18616478409372816)
(pose,5.045585632324219,14.176708221435549,-0.18616478409372816)
(pose,5.045585632324219,14.176708221435549,-0.18616478409372816)
(pose,5.045585632324219,14.176708221435549,-0.18616478409372816)
(pose,5.045585632324219,14.176708221435549,-0.18616478409372816)
(pose,5.045585632324219,14.176708221435549,-0.18616478409372816)
(pose,5.045585632324219,14.176708221435549,-0.18616478409372816)
(pose,5.045585632324219,14.176708221435549,-0.18616478409372816)
(pose,5.045585632324219,14.176708221435549,-0.18616478409372816)
(pose,5.045585632324219,14.176708221435549,-0.18616478409372816)
(pose,5.045585632324219,14.176708221435549,-0.18616478409372816)
(pose,5.045585632324219,14.176708221435549,-0.18616478409372816)
(pose,5.045585632324219,14.176708221435549,-0.18616478409372816)
(pose,5.045585632324219,14.176708221435549,-0.18616478409372816)
(pose,5.045585632324219,14.176708221435549,-0.18616478409372816)
(pose,5.045585632324219,14.176708221435549,-0.18616478409372816)
(pose,5.045585632324219,14.176708221435549,-0.18616478409372816)
(pose,5.045585632324219,14.176708221435549,-0.18616478409372816)
(pose,5.045585632324219,14.176708221435549,-0.18616478409372816)
(pose,5.045585632324219,14.176708221435549,-0.18616478409372816)
(pose,5.045585632324219,14.176708221435549,-0.18616478409372816)
(pose,5.045585632324219,14.176708221435549,-0.18616478409372816)
(pose,5.045585632324219,14.176708221435549,-0.18616478409372816)
(pose,5.045585632324219,14.176708221435549,-0.18616478409372816)
(pose,5.045585632324219,14.176708221435549,-0.18616478409372816)
(pose,5.045585632324219,14.176708221435549,-0.18616478409372816)
(pose,5.045585632324219,14.176708221435549,-0.18616478409372816)
(pose,5.045585632324219,14.176708221435549,-0.18616478409372816)
(pose,5.045585632324219,14.176708221435549,-0.18616478409372816)
(pose,5.045585632324219,14.176708221435549,-0.18616478409372816)
(pose,5.045585632324219,14.176708221435549,-0.18616478409372816)
(pose,5.045585632324219,14.176708221435549,-0.18616478409372816)
(pose,5.045585632324219,14.176708221435549,-0.18616478409372816)
(pose,5.045585632324219,14.176708221435549,-0.18616478409372816)
(pose,5.045585632324219,14.176708221435549,-0.18616478409372816)
(pose,5.045585632324219,14.176708221435549,-0.18616478409372816)
(pose,5.045585632324219,14.176708221435549,-0.18616478409372816)
(pose,5.045585632324219,14.176708221435549,-0.18616478409372816)
(pose,5.045585632324219,14.176708221435549,-0.18616478409372816)
(pose,5.045585632324219,14.176708221435549,-0.18616478409372816)
(pose,5.045585632324219,14.176708221435549,-0.18616478409372816)
(pose,5.045585632324219,14.176708221435549,-0.18616478409372816)
(pose,5.045585632324219,14.176708221435549,-0.18616478409372816)
(pose,5.045585632324219,14.176708221435549,-0.18616478409372816)
(pose,5.045585632324219,14.176708221435549,-0.18616478409372816)
(pose,5.045585632324219,14.176708221435549,-0.18616478409372816)
(pose,5.045585632324219,14.176708221435549,-0.18616478409372816)
(pose,5.045585632324219,14.176708221435549,-0.18616478409372816)
(pose,5.045585632324219,14.176708221435549,-0.18616478409372816)
(pose,5.045585632324219,14.176708221435549,-0.18616478409372816)
(pose,5.045585632324219,14.176708221435549,-0.18616478409372816)
(pose,5.045585632324219,14.176708221435549,-0.18616478409372816)
(pose,5.045585632324219,14.176708221435549,-0.18616478409372816)
(pose,5.045585632324219,14.176708221435549,-0.18616478409372816)
(pose,5.045585632324219,14.176708221435549,-0.18616478409372816)
(pose,5.045585632324219,14.176708221435549,-0.18616478409372816)
(pose,5.045585632324219,14.176708221435549,-0.18616478409372816)
(pose,5.045585632324219,14.176708221435549,-0.18616478409372816)
(pose,5.045585632324219,14.176708221435549,-0.18616478409372816)
(pose,5.045585632324219,14.176708221435549,-0.18616478409372816)
(pose,5.045585632324219,14.176708221435549,-0.18616478409372816)
(pose,5.045585632324219,14.176708221435549,-0.18616478409372816)
(pose,5.045585632324219,14.176708221435549,-0.18616478409372816)
(pose,5.045585632324219,14.176708221435549,-0.18616478409372816)
(pose,5.045585632324219,14.176708221435549,-0.18616478409372816)
(pose,5.045585632324219,14.176708221435549,-0.18616478409372816)
(pose,5.045585632324219,14.176708221435549,-0.18616478409372816)
(pose,5.045585632324219,14.176708221435549,-0.18616478409372816)
(pose,5.045585632324219,14.176708221435549,-0.18616478409372816)
(pose,5.045585632324219,14.176708221435549,-0.18616478409372816)
(pose,5.045585632324219,14.176708221435549,-0.18616478409372816)
(pose,5.045585632324219,14.176708221435549,-0.18616478409372816)
(pose,5.045585632324219,14.176708221435549,-0.18616478409372816)
(pose,5.045585632324219,14.176708221435549,-0.18616478409372816)
(pose,5.045585632324219,14.176708221435549,-0.18616478409372816)
(pose,5.045585632324219,14.176708221435549,-0.18616478409372816)
(pose,5.045585632324219,14.176708221435549,-0.18616478409372816)
(pose,5.045585632324219,14.176708221435549,-0.18616478409372816)
(pose,5.045585632324219,14.176708221435549,-0.18616478409372816)
(pose,5.045585632324219,14.176708221435549,-0.18616478409372816)
(pose,5.045585632324219,14.176708221435549,-0.18616478409372816)
(pose,5.045585632324219,14.176708221435549,-0.18616478409372816)
(pose,5.045585632324219,14.176708221435549,-0.18616478409372816)
(pose,5.045585632324219,14.176708221435549,-0.18616478409372816)
(pose,5.045585632324219,14.176708221435549,-0.18616478409372816)
(pose,5.045585632324219,14.176708221435549,-0.18616478409372816)
(pose,5.045585632324219,14.176708221435549,-0.18616478409372816)
(pose,5.045585632324219,14.176708221435549,-0.18616478409372816)
(pose,5.045585632324219,14.176708221435549,-0.18616478409372816)
(pose,5.045585632324219,14.176708221435549,-0.18616478409372816)
(pose,5.045585632324219,14.176708221435549,-0.18616478409372816)
(pose,5.045585632324219,14.176708221435549,-0.18616478409372816)
(pose,5.045585632324219,14.176708221435549,-0.18616478409372816)
(pose,5.045585632324219,14.176708221435549,-0.18616478409372816)
(pose,5.045585632324219,14.176708221435549,-0.18616478409372816)
(pose,5.045585632324219,14.176708221435549,-0.18616478409372816)
(pose,5.045585632324219,14.176708221435549,-0.18616478409372816)
(pose,5.045585632324219,14.176708221435549,-0.18616478409372816)
(pose,5.045585632324219,14.176708221435549,-0.18616478409372816)
(pose,5.045585632324219,14.176708221435549,-0.18616478409372816)
(pose,5.045585632324219,14.176708221435549,-0.18616478409372816)
(pose,5.045585632324219,14.176708221435549,-0.18616478409372816)
(pose,5.045585632324219,14.176708221435549,-0.18616478409372816)
(pose,5.045585632324219,14.176708221435549,-0.18616478409372816)
(pose,5.045585632324219,14.176708221435549,-0.18616478409372816)
(pose,5.045585632324219,14.176708221435549,-0.18616478409372816)
(pose,5.045585632324219,14.176708221435549,-0.18616478409372816)
(pose,5.045585632324219,14.176708221435549,-0.18616478409372816)
(pose,5.045585632324219,14.176708221435549,-0.18616478409372816)
(pose,5.045585632324219,14.176708221435549,-0.18616478409372816)
(pose,5.045585632324219,14.176708221435549,-0.18616478409372816)
(pose,5.045585632324219,14.176708221435549,-0.18616478409372816)
(pose,5.045585632324219,14.176708221435549,-0.18616478409372816)
(pose,5.045585632324219,14.176708221435549,-0.18616478409372816)
(pose,5.045585632324219,14.176708221435549,-0.18616478409372816)
(pose,5.045585632324219,14.176708221435549,-0.18616478409372816)
(pose,5.045585632324219,14.176708221435549,-0.18616478409372816)
(pose,5.045585632324219,14.176708221435549,-0.18616478409372816)
(pose,5.045585632324219,14.176708221435549,-0.18616478409372816)
(pose,5.045585632324219,14.176708221435549,-0.18616478409372816)
(pose,5.045585632324219,14.176708221435549,-0.18616478409372816)
(pose,5.045585632324219,14.176708221435549,-0.18616478409372816)
(pose,5.045585632324219,14.176708221435549,-0.18616478409372816)
(pose,5.045585632324219,14.176708221435549,-0.18616478409372816)
(pose,5.045585632324219,14.176708221435549,-0.18616478409372816)
(pose,5.045585632324219,14.176708221435549,-0.18616478409372816)
(pose,5.045585632324219,14.176708221435549,-0.18616478409372816)
(pose,5.045585632324219,14.176708221435549,-0.18616478409372816)
(pose,5.045585632324219,14.176708221435549,-0.18616478409372816)
(pose,5.045585632324219,14.176708221435549,-0.18616478409372816)
(pose,5.045585632324219,14.176708221435549,-0.18616478409372816)
(pose,5.045585632324219,14.176708221435549,-0.18616478409372816)
(pose,5.045585632324219,14.176708221435549,-0.18616478409372816)
(pose,5.045585632324219,14.176708221435549,-0.18616478409372816)
(pose,5.045585632324219,14.176708221435549,-0.18616478409372816)
(pose,5.045585632324219,14.176708221435549,-0.18616478409372816)
(pose,5.045585632324219,14.176708221435549,-0.18616478409372816)
(pose,5.045585632324219,14.176708221435549,-0.18616478409372816)
(pose,5.045585632324219,14.176708221435549,-0.18616478409372816)
(pose,5.045585632324219,14.176708221435549,-0.18616478409372816)
(pose,5.045585632324219,14.176708221435549,-0.18616478409372816)
(pose,5.045585632324219,14.176708221435549,-0.18616478409372816)
(pose,5.045585632324219,14.176708221435549,-0.18616478409372816)
(pose,5.045585632324219,14.176708221435549,-0.18616478409372816)
(pose,5.045585632324219,14.176708221435549,-0.18616478409372816)
(pose,5.045585632324219,14.176708221435549,-0.18616478409372816)
(pose,5.045585632324219,14.176708221435549,-0.18616478409372816)
(pose,5.045585632324219,14.176708221435549,-0.18616478409372816)
(pose,5.045585632324219,14.176708221435549,-0.18616478409372816)
(pose,5.045585632324219,14.176708221435549,-0.18616478409372816)
(pose,5.045585632324219,14.176708221435549,-0.18616478409372816)
(pose,5.045585632324219,14.176708221435549,-0.18616478409372816)
(pose,5.045585632324219,14.176708221435549,-0.18616478409372816)
(pose,5.045585632324219,14.176708221435549,-0.18616478409372816)
(pose,5.045585632324219,14.176708221435549,-0.18616478409372816)
(pose,5.045585632324219,14.176708221435549,-0.18616478409372816)
(pose,5.045585632324219,14.176708221435549,-0.18616478409372816)
(pose,5.045585632324219,14.176708221435549,-0.18616478409372816)
(pose,5.045585632324219,14.176708221435549,-0.18616478409372816)
(pose,5.045585632324219,14.176708221435549,-0.18616478409372816)
(pose,5.045585632324219,14.176708221435549,-0.18616478409372816)
(pose,5.045585632324219,14.176708221435549,-0.18616478409372816)
(pose,5.045585632324219,14.176708221435549,-0.18616478409372816)
(pose,5.045585632324219,14.176708221435549,-0.18616478409372816)
(pose,5.045585632324219,14.176708221435549,-0.18616478409372816)
(pose,5.045585632324219,14.176708221435549,-0.18616478409372816)
(pose,5.045585632324219,14.176708221435549,-0.18616478409372816)
(pose,5.045585632324219,14.176708221435549,-0.18616478409372816)
(pose,5.045585632324219,14.176708221435549,-0.18616478409372816)
(pose,5.045585632324219,14.176708221435549,-0.18616478409372816)
(pose,5.045585632324219,14.176708221435549,-0.18616478409372816)
(pose,5.045585632324219,14.176708221435549,-0.18616478409372816)
(pose,5.045585632324219,14.176708221435549,-0.18616478409372816)
(pose,5.045585632324219,14.176708221435549,-0.18616478409372816)
(pose,5.045585632324219,14.176708221435549,-0.18616478409372816)
(pose,5.045585632324219,14.176708221435549,-0.18616478409372816)
(pose,5.045585632324219,14.176708221435549,-0.18616478409372816)
(pose,5.045585632324219,14.176708221435549,-0.18616478409372816)
(pose,5.045585632324219,14.176708221435549,-0.18616478409372816)
(pose,5.045585632324219,14.176708221435549,-0.18616478409372816)
(pose,5.045585632324219,14.176708221435549,-0.18616478409372816)
(pose,5.045585632324219,14.176708221435549,-0.18616478409372816)
(pose,5.045585632324219,14.176708221435549,-0.18616478409372816)
(pose,5.045585632324219,14.176708221435549,-0.18616478409372816)
(pose,5.045585632324219,14.176708221435549,-0.18616478409372816)
(pose,5.045585632324219,14.176708221435549,-0.18616478409372816)
(pose,5.045585632324219,14.176708221435549,-0.18616478409372816)
(pose,5.045585632324219,14.176708221435549,-0.18616478409372816)
(pose,5.045585632324219,14.176708221435549,-0.18616478409372816)
(pose,5.045585632324219,14.176708221435549,-0.18616478409372816)
(pose,5.045585632324219,14.176708221435549,-0.18616478409372816)
(pose,5.045585632324219,14.176708221435549,-0.18616478409372816)
(pose,5.045585632324219,14.176708221435549,-0.18616478409372816)
(pose,5.045585632324219,14.176708221435549,-0.18616478409372816)
(pose,5.045585632324219,14.176708221435549,-0.18616478409372816)
(pose,5.045585632324219,14.176708221435549,-0.18616478409372816)
(pose,5.045585632324219,14.176708221435549,-0.18616478409372816)
(pose,5.045585632324219,14.176708221435549,-0.18616478409372816)
(pose,5.045585632324219,14.176708221435549,-0.18616478409372816)
(pose,5.045585632324219,14.176708221435549,-0.18616478409372816)
(pose,5.045585632324219,14.176708221435549,-0.18616478409372816)
(pose,5.045585632324219,14.176708221435549,-0.18616478409372816)
(pose,5.045585632324219,14.176708221435549,-0.18616478409372816)
(pose,5.045585632324219,14.176708221435549,-0.18616478409372816)
(pose,5.045585632324219,14.176708221435549,-0.18616478409372816)
(pose,5.045585632324219,14.176708221435549,-0.18616478409372816)
(pose,5.045585632324219,14.176708221435549,-0.18616478409372816)
(pose,5.045585632324219,14.176708221435549,-0.18616478409372816)
(pose,5.045585632324219,14.176708221435549,-0.18616478409372816)
(pose,5.045585632324219,14.176708221435549,-0.18616478409372816)
(pose,5.045585632324219,14.176708221435549,-0.18616478409372816)
(pose,5.045585632324219,14.176708221435549,-0.18616478409372816)
(pose,5.045585632324219,14.176708221435549,-0.18616478409372816)
(pose,5.045585632324219,14.176708221435549,-0.18616478409372816)
(pose,5.045585632324219,14.176708221435549,-0.18616478409372816)
(pose,5.045585632324219,14.176708221435549,-0.18616478409372816)
(pose,5.045585632324219,14.176708221435549,-0.18616478409372816)
(pose,5.045585632324219,14.176708221435549,-0.18616478409372816)
(pose,5.045585632324219,14.176708221435549,-0.18616478409372816)
(pose,5.045585632324219,14.176708221435549,-0.18616478409372816)
(pose,5.045585632324219,14.176708221435549,-0.18616478409372816)
(pose,5.045585632324219,14.176708221435549,-0.18616478409372816)
(pose,5.045585632324219,14.176708221435549,-0.18616478409372816)
(pose,5.045585632324219,14.176708221435549,-0.18616478409372816)
(pose,5.045585632324219,14.176708221435549,-0.18616478409372816)
(pose,5.045585632324219,14.176708221435549,-0.18616478409372816)
(pose,5.045585632324219,14.176708221435549,-0.18616478409372816)
(pose,5.045585632324219,14.176708221435549,-0.18616478409372816)
(pose,5.045585632324219,14.176708221435549,-0.18616478409372816)
(pose,5.045585632324219,14.176708221435549,-0.18616478409372816)
(pose,5.045585632324219,14.176708221435549,-0.18616478409372816)
(pose,5.045585632324219,14.176708221435549,-0.18616478409372816)
(pose,5.045585632324219,14.176708221435549,-0.18616478409372816)
(pose,5.045585632324219,14.176708221435549,-0.18616478409372816)
(pose,5.045585632324219,14.176708221435549,-0.18616478409372816)
(pose,5.045585632324219,14.176708221435549,-0.18616478409372816)
(pose,5.045585632324219,14.176708221435549,-0.18616478409372816)
(pose,5.045585632324219,14.176708221435549,-0.18616478409372816)
(pose,5.045585632324219,14.176708221435549,-0.18616478409372816)
(pose,5.045585632324219,14.176708221435549,-0.18616478409372816)
(pose,5.045585632324219,14.176708221435549,-0.18616478409372816)
(pose,5.045585632324219,14.176708221435549,-0.18616478409372816)
(pose,5.045585632324219,14.176708221435549,-0.18616478409372816)
(pose,5.045585632324219,14.176708221435549,-0.18616478409372816)
(pose,5.045585632324219,14.176708221435549,-0.18616478409372816)
(pose,5.045585632324219,14.176708221435549,-0.18616478409372816)
(pose,5.045585632324219,14.176708221435549,-0.18616478409372816)
(pose,5.045585632324219,14.176708221435549,-0.18616478409372816)
(pose,5.045585632324219,14.176708221435549,-0.18616478409372816)
(pose,5.045585632324219,14.176708221435549,-0.18616478409372816)
(pose,5.045585632324219,14.176708221435549,-0.18616478409372816)
(pose,5.045585632324219,14.176708221435549,-0.18616478409372816)
(pose,5.045585632324219,14.176708221435549,-0.18616478409372816)
(pose,5.045585632324219,14.176708221435549,-0.18616478409372816)
(pose,5.045585632324219,14.176708221435549,-0.18616478409372816)
(pose,5.045585632324219,14.176708221435549,-0.18616478409372816)
(pose,5.045585632324219,14.176708221435549,-0.18616478409372816)
(pose,5.045585632324219,14.176708221435549,-0.18616478409372816)
(pose,5.045585632324219,14.176708221435549,-0.18616478409372816)
(pose,5.045585632324219,14.176708221435549,-0.18616478409372816)
(pose,5.045585632324219,14.176708221435549,-0.18616478409372816)
(pose,5.045585632324219,14.176708221435549,-0.18616478409372816)
(pose,5.045585632324219,14.176708221435549,-0.18616478409372816)
(pose,5.045585632324219,14.176708221435549,-0.18616478409372816)
(pose,5.045585632324219,14.176708221435549,-0.18616478409372816)
(pose,5.045585632324219,14.176708221435549,-0.18616478409372816)
(pose,5.045585632324219,14.176708221435549,-0.18616478409372816)
(pose,5.045585632324219,14.176708221435549,-0.18616478409372816)
(pose,5.045585632324219,14.176708221435549,-0.18616478409372816)
(pose,5.045585632324219,14.176708221435549,-0.18616478409372816)
(pose,5.045585632324219,14.176708221435549,-0.18616478409372816)
(pose,5.045585632324219,14.176708221435549,-0.18616478409372816)
(pose,5.045585632324219,14.176708221435549,-0.18616478409372816)
(pose,5.045585632324219,14.176708221435549,-0.18616478409372816)
(pose,5.045585632324219,14.176708221435549,-0.18616478409372816)
(pose,5.045585632324219,14.176708221435549,-0.18616478409372816)
(pose,5.045585632324219,14.176708221435549,-0.18616478409372816)
(pose,5.045585632324219,14.176708221435549,-0.18616478409372816)
(pose,5.045585632324219,14.176708221435549,-0.18616478409372816)
(pose,5.045585632324219,14.176708221435549,-0.18616478409372816)
(pose,5.045585632324219,14.176708221435549,-0.18616478409372816)
(pose,5.045585632324219,14.176708221435549,-0.18616478409372816)
(pose,5.045585632324219,14.176708221435549,-0.18616478409372816)
(pose,5.045585632324219,14.176708221435549,-0.18616478409372816)
(pose,5.045585632324219,14.176708221435549,-0.18616478409372816)
(pose,5.045585632324219,14.176708221435549,-0.18616478409372816)
(pose,5.045585632324219,14.176708221435549,-0.18616478409372816)
(pose,5.045585632324219,14.176708221435549,-0.18616478409372816)
(pose,5.045585632324219,14.176708221435549,-0.18616478409372816)
(pose,5.045585632324219,14.176708221435549,-0.18616478409372816)
(pose,5.045585632324219,14.176708221435549,-0.18616478409372816)
(pose,5.045585632324219,14.176708221435549,-0.18616478409372816)
(pose,5.045585632324219,14.176708221435549,-0.18616478409372816)
(pose,5.045585632324219,14.176708221435549,-0.18616478409372816)
(pose,5.045585632324219,14.176708221435549,-0.18616478409372816)
(pose,5.045585632324219,14.176708221435549,-0.18616478409372816)
(pose,5.045585632324219,14.176708221435549,-0.18616478409372816)
(pose,5.045585632324219,14.176708221435549,-0.18616478409372816)
(pose,5.045585632324219,14.176708221435549,-0.18616478409372816)
(pose,5.045585632324219,14.176708221435549,-0.18616478409372816)
(pose,5.045585632324219,14.176708221435549,-0.18616478409372816)
(pose,5.045585632324219,14.176708221435549,-0.18616478409372816)
(pose,5.045585632324219,14.176708221435549,-0.18616478409372816)
(pose,5.045585632324219,14.176708221435549,-0.18616478409372816)
(pose,5.045585632324219,14.176708221435549,-0.18616478409372816)
(pose,5.045585632324219,14.176708221435549,-0.18616478409372816)
(pose,5.045585632324219,14.176708221435549,-0.18616478409372816)
(pose,5.045585632324219,14.176708221435549,-0.18616478409372816)
(pose,5.045585632324219,14.176708221435549,-0.18616478409372816)
(pose,5.045585632324219,14.176708221435549,-0.18616478409372816)
(pose,5.045585632324219,14.176708221435549,-0.18616478409372816)
(pose,5.045585632324219,14.176708221435549,-0.18616478409372816)
(pose,5.045585632324219,14.176708221435549,-0.18616478409372816)
(pose,5.045585632324219,14.176708221435549,-0.18616478409372816)
(pose,5.045585632324219,14.176708221435549,-0.18616478409372816)
(pose,5.045585632324219,14.176708221435549,-0.18616478409372816)
(pose,5.045585632324219,14.176708221435549,-0.18616478409372816)
(pose,5.045585632324219,14.176708221435549,-0.18616478409372816)
(pose,5.045585632324219,14.176708221435549,-0.18616478409372816)
(pose,5.045585632324219,14.176708221435549,-0.18616478409372816)
(pose,5.045585632324219,14.176708221435549,-0.18616478409372816)
(pose,5.045585632324219,14.176708221435549,-0.18616478409372816)
(pose,5.045585632324219,14.176708221435549,-0.18616478409372816)
(pose,5.045585632324219,14.176708221435549,-0.18616478409372816)
(pose,5.045585632324219,14.176708221435549,-0.18616478409372816)
(pose,5.045585632324219,14.176708221435549,-0.18616478409372816)
(pose,5.045585632324219,14.176708221435549,-0.18616478409372816)
(pose,5.045585632324219,14.176708221435549,-0.18616478409372816)
(pose,5.045585632324219,14.176708221435549,-0.18616478409372816)
(pose,5.045585632324219,14.176708221435549,-0.18616478409372816)
(pose,5.045585632324219,14.176708221435549,-0.18616478409372816)
(pose,5.045585632324219,14.176708221435549,-0.18616478409372816)
(pose,5.045585632324219,14.176708221435549,-0.18616478409372816)
(pose,5.045585632324219,14.176708221435549,-0.18616478409372816)
(pose,5.045585632324219,14.176708221435549,-0.18616478409372816)
(pose,5.045585632324219,14.176708221435549,-0.18616478409372816)
(pose,5.045585632324219,14.176708221435549,-0.18616478409372816)
(pose,5.045585632324219,14.176708221435549,-0.18616478409372816)
(pose,5.045585632324219,14.176708221435549,-0.18616478409372816)
(pose,5.045585632324219,14.176708221435549,-0.18616478409372816)
(pose,5.045585632324219,14.176708221435549,-0.18616478409372816)
(pose,5.045585632324219,14.176708221435549,-0.18616478409372816)
(pose,5.045585632324219,14.176708221435549,-0.18616478409372816)
(pose,5.045585632324219,14.176708221435549,-0.18616478409372816)
(pose,5.045585632324219,14.176708221435549,-0.18616478409372816)
(pose,5.045585632324219,14.176708221435549,-0.18616478409372816)
(pose,5.045585632324219,14.176708221435549,-0.18616478409372816)
(pose,5.045585632324219,14.176708221435549,-0.18616478409372816)
(pose,5.045585632324219,14.176708221435549,-0.18616478409372816)
(pose,5.045585632324219,14.176708221435549,-0.18616478409372816)
(pose,5.045585632324219,14.176708221435549,-0.18616478409372816)
(pose,5.045585632324219,14.176708221435549,-0.18616478409372816)
(pose,5.045585632324219,14.176708221435549,-0.18616478409372816)
(pose,5.045585632324219,14.176708221435549,-0.18616478409372816)
(pose,5.045585632324219,14.176708221435549,-0.18616478409372816)
(pose,5.045585632324219,14.176708221435549,-0.18616478409372816)
(pose,5.045585632324219,14.176708221435549,-0.18616478409372816)
(pose,5.045585632324219,14.176708221435549,-0.18616478409372816)
(pose,5.045585632324219,14.176708221435549,-0.18616478409372816)
(pose,5.045585632324219,14.176708221435549,-0.18616478409372816)
(pose,5.045585632324219,14.176708221435549,-0.18616478409372816)
(pose,5.045585632324219,14.176708221435549,-0.18616478409372816)
(pose,5.045585632324219,14.176708221435549,-0.18616478409372816)
(pose,5.045585632324219,14.176708221435549,-0.18616478409372816)
(pose,5.045585632324219,14.176708221435549,-0.18616478409372816)
(pose,5.045585632324219,14.176708221435549,-0.18616478409372816)
(pose,5.045585632324219,14.176708221435549,-0.18616478409372816)
(pose,5.045585632324219,14.176708221435549,-0.18616478409372816)
(pose,5.045585632324219,14.176708221435549,-0.18616478409372816)
(pose,5.045585632324219,14.176708221435549,-0.18616478409372816)
(pose,5.045585632324219,14.176708221435549,-0.18616478409372816)
(pose,5.045585632324219,14.176708221435549,-0.18616478409372816)
(pose,5.045585632324219,14.176708221435549,-0.18616478409372816)
(pose,5.045585632324219,14.176708221435549,-0.18616478409372816)
(pose,5.045585632324219,14.176708221435549,-0.18616478409372816)
(pose,5.045585632324219,14.176708221435549,-0.18616478409372816)
(pose,5.045585632324219,14.176708221435549,-0.18616478409372816)
(pose,5.045585632324219,14.176708221435549,-0.18616478409372816)
(pose,5.045585632324219,14.176708221435549,-0.18616478409372816)
(pose,5.045585632324219,14.176708221435549,-0.18616478409372816)
(pose,5.045585632324219,14.176708221435549,-0.18616478409372816)
(pose,5.045585632324219,14.176708221435549,-0.18616478409372816)
(pose,5.045585632324219,14.176708221435549,-0.18616478409372816)
(pose,5.045585632324219,14.176708221435549,-0.18616478409372816)
(pose,5.045585632324219,14.176708221435549,-0.18616478409372816)
(pose,5.045585632324219,14.176708221435549,-0.18616478409372816)
(pose,5.045585632324219,14.176708221435549,-0.18616478409372816)
(pose,5.045585632324219,14.176708221435549,-0.18616478409372816)
(pose,5.045585632324219,14.176708221435549,-0.18616478409372816)
(pose,5.045585632324219,14.176708221435549,-0.18616478409372816)
(pose,5.045585632324219,14.176708221435549,-0.18616478409372816)
(pose,5.045585632324219,14.176708221435549,-0.18616478409372816)
(pose,5.045585632324219,14.176708221435549,-0.18616478409372816)
(pose,5.045585632324219,14.176708221435549,-0.18616478409372816)
(pose,5.045585632324219,14.176708221435549,-0.18616478409372816)
(pose,5.045585632324219,14.176708221435549,-0.18616478409372816)
(pose,5.045585632324219,14.176708221435549,-0.18616478409372816)
(pose,5.045585632324219,14.176708221435549,-0.18616478409372816)
(pose,5.045585632324219,14.176708221435549,-0.18616478409372816)
(pose,5.045585632324219,14.176708221435549,-0.18616478409372816)
(pose,5.045585632324219,14.176708221435549,-0.18616478409372816)
(pose,5.045585632324219,14.176708221435549,-0.18616478409372816)
(pose,5.045585632324219,14.176708221435549,-0.18616478409372816)
(pose,5.045585632324219,14.176708221435549,-0.18616478409372816)
(pose,5.045585632324219,14.176708221435549,-0.18616478409372816)
(pose,5.045585632324219,14.176708221435549,-0.18616478409372816)
(pose,5.045585632324219,14.176708221435549,-0.18616478409372816)
(pose,5.045585632324219,14.176708221435549,-0.18616478409372816)
(pose,5.045585632324219,14.176708221435549,-0.18616478409372816)
(pose,5.045585632324219,14.176708221435549,-0.18616478409372816)
(pose,5.045585632324219,14.176708221435549,-0.18616478409372816)
(pose,5.045585632324219,14.176708221435549,-0.18616478409372816)
(pose,5.045585632324219,14.176708221435549,-0.18616478409372816)
(pose,5.045585632324219,14.176708221435549,-0.18616478409372816)
(pose,5.045585632324219,14.176708221435549,-0.18616478409372816)
(pose,5.045585632324219,14.176708221435549,-0.18616478409372816)
(pose,5.045585632324219,14.176708221435549,-0.18616478409372816)
(pose,5.045585632324219,14.176708221435549,-0.18616478409372816)
(pose,5.045585632324219,14.176708221435549,-0.18616478409372816)
(pose,5.045585632324219,14.176708221435549,-0.18616478409372816)
(pose,5.045585632324219,14.176708221435549,-0.18616478409372816)
(pose,5.045585632324219,14.176708221435549,-0.18616478409372816)
(pose,5.045585632324219,14.176708221435549,-0.18616478409372816)
(pose,5.045585632324219,14.176708221435549,-0.18616478409372816)
(pose,5.045585632324219,14.176708221435549,-0.18616478409372816)
(pose,5.045585632324219,14.176708221435549,-0.18616478409372816)
(pose,5.045585632324219,14.176708221435549,-0.18616478409372816)
(pose,5.045585632324219,14.176708221435549,-0.18616478409372816)
(pose,5.045585632324219,14.176708221435549,-0.18616478409372816)
(pose,5.045585632324219,14.176708221435549,-0.18616478409372816)
(pose,5.045585632324219,14.176708221435549,-0.18616478409372816)
(pose,5.045585632324219,14.176708221435549,-0.18616478409372816)
(pose,5.045585632324219,14.176708221435549,-0.18616478409372816)
(pose,5.045585632324219,14.176708221435549,-0.18616478409372816)
(pose,5.045585632324219,14.176708221435549,-0.18616478409372816)
(pose,5.045585632324219,14.176708221435549,-0.18616478409372816)
(pose,5.045585632324219,14.176708221435549,-0.18616478409372816)
(pose,5.045585632324219,14.176708221435549,-0.18616478409372816)
(pose,5.045585632324219,14.176708221435549,-0.18616478409372816)
(pose,5.045585632324219,14.176708221435549,-0.18616478409372816)
(pose,5.045585632324219,14.176708221435549,-0.18616478409372816)
(pose,5.045585632324219,14.176708221435549,-0.18616478409372816)
(pose,5.045585632324219,14.176708221435549,-0.18616478409372816)
(pose,5.045585632324219,14.176708221435549,-0.18616478409372816)
(pose,5.045585632324219,14.176708221435549,-0.18616478409372816)
(pose,5.045585632324219,14.176708221435549,-0.18616478409372816)
(pose,5.045585632324219,14.176708221435549,-0.18616478409372816)
(pose,5.045585632324219,14.176708221435549,-0.18616478409372816)
(pose,5.045585632324219,14.176708221435549,-0.18616478409372816)
(pose,5.045585632324219,14.176708221435549,-0.18616478409372816)
(pose,5.045585632324219,14.176708221435549,-0.18616478409372816)
(pose,5.045585632324219,14.176708221435549,-0.18616478409372816)
(pose,5.045585632324219,14.176708221435549,-0.18616478409372816)
(pose,5.045585632324219,14.176708221435549,-0.18616478409372816)
(pose,5.045585632324219,14.176708221435549,-0.18616478409372816)
(pose,5.045585632324219,14.176708221435549,-0.18616478409372816)
(pose,5.045585632324219,14.176708221435549,-0.18616478409372816)
(pose,5.045585632324219,14.176708221435549,-0.18616478409372816)
(pose,5.045585632324219,14.176708221435549,-0.18616478409372816)
(pose,5.045585632324219,14.176708221435549,-0.18616478409372816)
(pose,5.045585632324219,14.176708221435549,-0.18616478409372816)
(pose,5.045585632324219,14.176708221435549,-0.18616478409372816)
(pose,5.045585632324219,14.176708221435549,-0.18616478409372816)
(pose,5.045585632324219,14.176708221435549,-0.18616478409372816)
(pose,5.045585632324219,14.176708221435549,-0.18616478409372816)
(pose,5.045585632324219,14.176708221435549,-0.18616478409372816)
(pose,5.045585632324219,14.176708221435549,-0.18616478409372816)
(pose,5.045585632324219,14.176708221435549,-0.18616478409372816)
(pose,5.045585632324219,14.176708221435549,-0.18616478409372816)
(pose,5.045585632324219,14.176708221435549,-0.18616478409372816)
(pose,5.045585632324219,14.176708221435549,-0.18616478409372816)
(pose,5.045585632324219,14.176708221435549,-0.18616478409372816)
(pose,5.045585632324219,14.176708221435549,-0.18616478409372816)
(pose,5.045585632324219,14.176708221435549,-0.18616478409372816)
(pose,5.045585632324219,14.176708221435549,-0.18616478409372816)
(pose,5.045585632324219,14.176708221435549,-0.18616478409372816)
(pose,5.045585632324219,14.176708221435549,-0.18616478409372816)
(pose,5.045585632324219,14.176708221435549,-0.18616478409372816)
(pose,5.045585632324219,14.176708221435549,-0.18616478409372816)
(pose,5.045585632324219,14.176708221435549,-0.18616478409372816)
(pose,5.045585632324219,14.176708221435549,-0.18616478409372816)
(pose,5.045585632324219,14.176708221435549,-0.18616478409372816)
(pose,5.045585632324219,14.176708221435549,-0.18616478409372816)
(pose,5.045585632324219,14.176708221435549,-0.18616478409372816)
(pose,5.045585632324219,14.176708221435549,-0.18616478409372816)
(pose,5.045585632324219,14.176708221435549,-0.18616478409372816)
(pose,5.045585632324219,14.176708221435549,-0.18616478409372816)
(pose,5.045585632324219,14.176708221435549,-0.18616478409372816)
(pose,5.045585632324219,14.176708221435549,-0.18616478409372816)
(pose,5.045585632324219,14.176708221435549,-0.18616478409372816)
(pose,5.045585632324219,14.176708221435549,-0.18616478409372816)
(pose,5.045585632324219,14.176708221435549,-0.18616478409372816)
(pose,5.045585632324219,14.176708221435549,-0.18616478409372816)
(pose,5.045585632324219,14.176708221435549,-0.18616478409372816)
(pose,5.045585632324219,14.176708221435549,-0.18616478409372816)
(pose,5.045585632324219,14.176708221435549,-0.18616478409372816)
(pose,5.045585632324219,14.176708221435549,-0.18616478409372816)
(pose,5.045585632324219,14.176708221435549,-0.18616478409372816)
(pose,5.045585632324219,14.176708221435549,-0.18616478409372816)
(pose,5.045585632324219,14.176708221435549,-0.18616478409372816)
(pose,5.045585632324219,14.176708221435549,-0.18616478409372816)
(pose,5.045585632324219,14.176708221435549,-0.18616478409372816)
(pose,5.045585632324219,14.176708221435549,-0.18616478409372816)
(pose,5.045585632324219,14.176708221435549,-0.18616478409372816)
(pose,5.045585632324219,14.176708221435549,-0.18616478409372816)
(pose,5.045585632324219,14.176708221435549,-0.18616478409372816)
(pose,5.045585632324219,14.176708221435549,-0.18616478409372816)
(pose,5.045585632324219,14.176708221435549,-0.18616478409372816)
(pose,5.045585632324219,14.176708221435549,-0.18616478409372816)
(pose,5.045585632324219,14.176708221435549,-0.18616478409372816)
(pose,5.045585632324219,14.176708221435549,-0.18616478409372816)
(pose,5.045585632324219,14.176708221435549,-0.18616478409372816)
(pose,5.045585632324219,14.176708221435549,-0.18616478409372816)
(pose,5.045585632324219,14.176708221435549,-0.18616478409372816)
(pose,5.045585632324219,14.176708221435549,-0.18616478409372816)
(pose,5.045585632324219,14.176708221435549,-0.18616478409372816)
(pose,5.045585632324219,14.176708221435549,-0.18616478409372816)
(pose,5.045585632324219,14.176708221435549,-0.18616478409372816)
(pose,5.045585632324219,14.176708221435549,-0.18616478409372816)
(pose,5.045585632324219,14.176708221435549,-0.18616478409372816)
(pose,5.045585632324219,14.176708221435549,-0.18616478409372816)
(pose,5.045585632324219,14.176708221435549,-0.18616478409372816)
(pose,5.045585632324219,14.176708221435549,-0.18616478409372816)
(pose,5.045585632324219,14.176708221435549,-0.18616478409372816)
(pose,5.045585632324219,14.176708221435549,-0.18616478409372816)
(pose,5.045585632324219,14.176708221435549,-0.18616478409372816)
(pose,5.045585632324219,14.176708221435549,-0.18616478409372816)
(pose,5.045585632324219,14.176708221435549,-0.18616478409372816)
(pose,5.045585632324219,14.176708221435549,-0.18616478409372816)
(pose,5.045585632324219,14.176708221435549,-0.18616478409372816)
(pose,5.045585632324219,14.176708221435549,-0.18616478409372816)
(pose,5.045585632324219,14.176708221435549,-0.18616478409372816)
(pose,5.045585632324219,14.176708221435549,-0.18616478409372816)
(pose,5.045585632324219,14.176708221435549,-0.18616478409372816)
(pose,5.045585632324219,14.176708221435549,-0.18616478409372816)
(pose,5.045585632324219,14.176708221435549,-0.18616478409372816)
(pose,5.045585632324219,14.176708221435549,-0.18616478409372816)
(pose,5.045585632324219,14.176708221435549,-0.18616478409372816)
(pose,5.045585632324219,14.176708221435549,-0.18616478409372816)
(pose,5.045585632324219,14.176708221435549,-0.18616478409372816)
(pose,5.045585632324219,14.176708221435549,-0.18616478409372816)
(pose,5.045585632324219,14.176708221435549,-0.18616478409372816)
(pose,5.045585632324219,14.176708221435549,-0.18616478409372816)
(pose,5.045585632324219,14.176708221435549,-0.18616478409372816)
(pose,5.045585632324219,14.176708221435549,-0.18616478409372816)
(pose,5.045585632324219,14.176708221435549,-0.18616478409372816)
(pose,5.045585632324219,14.176708221435549,-0.18616478409372816)
(pose,5.045585632324219,14.176708221435549,-0.18616478409372816)
(pose,5.045585632324219,14.176708221435549,-0.18616478409372816)
(pose,5.045585632324219,14.176708221435549,-0.18616478409372816)
(pose,5.045585632324219,14.176708221435549,-0.18616478409372816)
(pose,5.045585632324219,14.176708221435549,-0.18616478409372816)
(pose,5.045585632324219,14.176708221435549,-0.18616478409372816)
(pose,5.045585632324219,14.176708221435549,-0.18616478409372816)
(pose,5.045585632324219,14.176708221435549,-0.18616478409372816)
(pose,5.045585632324219,14.176708221435549,-0.18616478409372816)
(pose,5.045585632324219,14.176708221435549,-0.18616478409372816)
(pose,5.045585632324219,14.176708221435549,-0.18616478409372816)
(pose,5.045585632324219,14.176708221435549,-0.18616478409372816)
(pose,5.045585632324219,14.176708221435549,-0.18616478409372816)
(pose,5.045585632324219,14.176708221435549,-0.18616478409372816)
(pose,5.045585632324219,14.176708221435549,-0.18616478409372816)
(pose,5.045585632324219,14.176708221435549,-0.18616478409372816)
(pose,5.045585632324219,14.176708221435549,-0.18616478409372816)
(pose,5.045585632324219,14.176708221435549,-0.18616478409372816)
(pose,5.045585632324219,14.176708221435549,-0.18616478409372816)
(pose,5.045585632324219,14.176708221435549,-0.18616478409372816)
(pose,5.045585632324219,14.176708221435549,-0.18616478409372816)
(pose,5.045585632324219,14.176708221435549,-0.18616478409372816)
(pose,5.045585632324219,14.176708221435549,-0.18616478409372816)
(pose,5.045585632324219,14.176708221435549,-0.18616478409372816)
(pose,5.045585632324219,14.176708221435549,-0.18616478409372816)
(pose,5.045585632324219,14.176708221435549,-0.18616478409372816)
(pose,5.045585632324219,14.176708221435549,-0.18616478409372816)
(pose,5.045585632324219,14.176708221435549,-0.18616478409372816)
(pose,5.045585632324219,14.176708221435549,-0.18616478409372816)
(pose,5.045585632324219,14.176708221435549,-0.18616478409372816)
(pose,5.045585632324219,14.176708221435549,-0.18616478409372816)
(pose,5.045585632324219,14.176708221435549,-0.18616478409372816)
(pose,5.045585632324219,14.176708221435549,-0.18616478409372816)
(pose,5.045585632324219,14.176708221435549,-0.18616478409372816)
(pose,5.045585632324219,14.176708221435549,-0.18616478409372816)
(pose,5.045585632324219,14.176708221435549,-0.18616478409372816)
(pose,5.045585632324219,14.176708221435549,-0.18616478409372816)
(pose,5.045585632324219,14.176708221435549,-0.18616478409372816)
(pose,5.045585632324219,14.176708221435549,-0.18616478409372816)
(pose,5.045585632324219,14.176708221435549,-0.18616478409372816)
(pose,5.045585632324219,14.176708221435549,-0.18616478409372816)
(pose,5.045585632324219,14.176708221435549,-0.18616478409372816)
(pose,5.045585632324219,14.176708221435549,-0.18616478409372816)
(pose,5.045585632324219,14.176708221435549,-0.18616478409372816)
(pose,5.045585632324219,14.176708221435549,-0.18616478409372816)
(pose,5.045585632324219,14.176708221435549,-0.18616478409372816)
(pose,5.045585632324219,14.176708221435549,-0.18616478409372816)
(pose,5.045585632324219,14.176708221435549,-0.18616478409372816)
(pose,5.045585632324219,14.176708221435549,-0.18616478409372816)
(pose,5.045585632324219,14.176708221435549,-0.18616478409372816)
(pose,5.045585632324219,14.176708221435549,-0.18616478409372816)
(pose,5.045585632324219,14.176708221435549,-0.18616478409372816)
(pose,5.045585632324219,14.176708221435549,-0.18616478409372816)
(pose,5.045585632324219,14.176708221435549,-0.18616478409372816)
(pose,5.045585632324219,14.176708221435549,-0.18616478409372816)
(pose,5.045585632324219,14.176708221435549,-0.18616478409372816)
(pose,5.045585632324219,14.176708221435549,-0.18616478409372816)
(pose,5.045585632324219,14.176708221435549,-0.18616478409372816)
(pose,5.045585632324219,14.176708221435549,-0.18616478409372816)
(pose,5.045585632324219,14.176708221435549,-0.18616478409372816)
(pose,5.045585632324219,14.176708221435549,-0.18616478409372816)
(pose,5.045585632324219,14.176708221435549,-0.18616478409372816)
(pose,5.045585632324219,14.176708221435549,-0.18616478409372816)
(pose,5.045585632324219,14.176708221435549,-0.18616478409372816)
(pose,5.045585632324219,14.176708221435549,-0.18616478409372816)
(pose,5.045585632324219,14.176708221435549,-0.18616478409372816)
(pose,5.045585632324219,14.176708221435549,-0.18616478409372816)
(pose,5.045585632324219,14.176708221435549,-0.18616478409372816)
(pose,5.045585632324219,14.176708221435549,-0.18616478409372816)
(pose,5.045585632324219,14.176708221435549,-0.18616478409372816)
(pose,5.045585632324219,14.176708221435549,-0.18616478409372816)
(pose,5.045585632324219,14.176708221435549,-0.18616478409372816)
(pose,5.045585632324219,14.176708221435549,-0.18616478409372816)
(pose,5.045585632324219,14.176708221435549,-0.18616478409372816)
(pose,5.045585632324219,14.176708221435549,-0.18616478409372816)
(pose,5.045585632324219,14.176708221435549,-0.18616478409372816)
(pose,5.045585632324219,14.176708221435549,-0.18616478409372816)
(pose,5.045585632324219,14.176708221435549,-0.18616478409372816)
(pose,5.045585632324219,14.176708221435549,-0.18616478409372816)
(pose,5.045585632324219,14.176708221435549,-0.18616478409372816)
(pose,5.045585632324219,14.176708221435549,-0.18616478409372816)
(pose,5.045585632324219,14.176708221435549,-0.18616478409372816)
(pose,5.045585632324219,14.176708221435549,-0.18616478409372816)
(pose,5.045585632324219,14.176708221435549,-0.18616478409372816)
(pose,5.045585632324219,14.176708221435549,-0.18616478409372816)
(pose,5.045585632324219,14.176708221435549,-0.18616478409372816)
(pose,5.045585632324219,14.176708221435549,-0.18616478409372816)
(pose,5.045585632324219,14.176708221435549,-0.18616478409372816)
(pose,5.045585632324219,14.176708221435549,-0.18616478409372816)
(pose,5.045585632324219,14.176708221435549,-0.18616478409372816)
(pose,5.045585632324219,14.176708221435549,-0.18616478409372816)
(pose,5.045585632324219,14.176708221435549,-0.18616478409372816)
(pose,5.045585632324219,14.176708221435549,-0.18616478409372816)
(pose,5.045585632324219,14.176708221435549,-0.18616478409372816)
(pose,5.045585632324219,14.176708221435549,-0.18616478409372816)
(pose,5.045585632324219,14.176708221435549,-0.18616478409372816)
(pose,5.045585632324219,14.176708221435549,-0.18616478409372816)
(pose,5.045585632324219,14.176708221435549,-0.18616478409372816)
(pose,5.045585632324219,14.176708221435549,-0.18616478409372816)
(pose,5.045585632324219,14.176708221435549,-0.18616478409372816)
(pose,5.045585632324219,14.176708221435549,-0.18616478409372816)
(pose,5.045585632324219,14.176708221435549,-0.18616478409372816)
(pose,5.045585632324219,14.176708221435549,-0.18616478409372816)
(pose,5.045585632324219,14.176708221435549,-0.18616478409372816)
(pose,5.045585632324219,14.176708221435549,-0.18616478409372816)
(pose,5.045585632324219,14.176708221435549,-0.18616478409372816)
(pose,5.045585632324219,14.176708221435549,-0.18616478409372816)
(pose,5.045585632324219,14.176708221435549,-0.18616478409372816)
(pose,5.045585632324219,14.176708221435549,-0.18616478409372816)
(pose,5.045585632324219,14.176708221435549,-0.18616478409372816)
(pose,5.045585632324219,14.176708221435549,-0.18616478409372816)
(pose,5.045585632324219,14.176708221435549,-0.18616478409372816)
(pose,5.045585632324219,14.176708221435549,-0.18616478409372816)
(pose,5.045585632324219,14.176708221435549,-0.18616478409372816)
(pose,5.045585632324219,14.176708221435549,-0.18616478409372816)
(pose,5.045585632324219,14.176708221435549,-0.18616478409372816)
(pose,5.045585632324219,14.176708221435549,-0.18616478409372816)
(pose,5.045585632324219,14.176708221435549,-0.18616478409372816)
(pose,5.045585632324219,14.176708221435549,-0.18616478409372816)
(pose,5.045585632324219,14.176708221435549,-0.18616478409372816)
(pose,5.045585632324219,14.176708221435549,-0.18616478409372816)
(pose,5.045585632324219,14.176708221435549,-0.18616478409372816)
(pose,5.045585632324219,14.176708221435549,-0.18616478409372816)
(pose,5.045585632324219,14.176708221435549,-0.18616478409372816)
(pose,5.045585632324219,14.176708221435549,-0.18616478409372816)
(pose,5.045585632324219,14.176708221435549,-0.18616478409372816)
(pose,5.045585632324219,14.176708221435549,-0.18616478409372816)
(pose,5.045585632324219,14.176708221435549,-0.18616478409372816)
(pose,5.045585632324219,14.176708221435549,-0.18616478409372816)
(pose,5.045585632324219,14.176708221435549,-0.18616478409372816)
(pose,5.045585632324219,14.176708221435549,-0.18616478409372816)
(pose,5.045585632324219,14.176708221435549,-0.18616478409372816)
(pose,5.045585632324219,14.176708221435549,-0.18616478409372816)
(pose,5.045585632324219,14.176708221435549,-0.18616478409372816)
(pose,5.045585632324219,14.176708221435549,-0.18616478409372816)
(pose,5.045585632324219,14.176708221435549,-0.18616478409372816)
(pose,5.045585632324219,14.176708221435549,-0.18616478409372816)
(pose,5.045585632324219,14.176708221435549,-0.18616478409372816)
(pose,5.045585632324219,14.176708221435549,-0.18616478409372816)
(pose,5.045585632324219,14.176708221435549,-0.18616478409372816)
(pose,5.045585632324219,14.176708221435549,-0.18616478409372816)
(pose,5.045585632324219,14.176708221435549,-0.18616478409372816)
(pose,5.045585632324219,14.176708221435549,-0.18616478409372816)
(pose,5.045585632324219,14.176708221435549,-0.18616478409372816)
(pose,5.045585632324219,14.176708221435549,-0.18616478409372816)
(pose,5.045585632324219,14.176708221435549,-0.18616478409372816)
(pose,5.045585632324219,14.176708221435549,-0.18616478409372816)
(pose,5.045585632324219,14.176708221435549,-0.18616478409372816)
(pose,5.045585632324219,14.176708221435549,-0.18616478409372816)
(pose,5.045585632324219,14.176708221435549,-0.18616478409372816)
(pose,5.045585632324219,14.176708221435549,-0.18616478409372816)
(pose,5.045585632324219,14.176708221435549,-0.18616478409372816)
(pose,5.045585632324219,14.176708221435549,-0.18616478409372816)
(pose,5.045585632324219,14.176708221435549,-0.18616478409372816)
(pose,5.045585632324219,14.176708221435549,-0.18616478409372816)
(pose,5.045585632324219,14.176708221435549,-0.18616478409372816)
(pose,5.045585632324219,14.176708221435549,-0.18616478409372816)
(pose,5.045585632324219,14.176708221435549,-0.18616478409372816)
(pose,5.045585632324219,14.176708221435549,-0.18616478409372816)
(pose,5.045585632324219,14.176708221435549,-0.18616478409372816)
(pose,5.045585632324219,14.176708221435549,-0.18616478409372816)
(pose,5.045585632324219,14.176708221435549,-0.18616478409372816)
(pose,5.045585632324219,14.176708221435549,-0.18616478409372816)
(pose,5.045585632324219,14.176708221435549,-0.18616478409372816)
(pose,5.045585632324219,14.176708221435549,-0.18616478409372816)
(pose,5.045585632324219,14.176708221435549,-0.18616478409372816)
(pose,5.045585632324219,14.176708221435549,-0.18616478409372816)
(pose,5.045585632324219,14.176708221435549,-0.18616478409372816)
(pose,5.045585632324219,14.176708221435549,-0.18616478409372816)
(pose,5.045585632324219,14.176708221435549,-0.18616478409372816)
(pose,5.045585632324219,14.176708221435549,-0.18616478409372816)
(pose,5.045585632324219,14.176708221435549,-0.18616478409372816)
(pose,5.045585632324219,14.176708221435549,-0.18616478409372816)
(pose,5.045585632324219,14.176708221435549,-0.18616478409372816)
(pose,5.045585632324219,14.176708221435549,-0.18616478409372816)
(pose,5.045585632324219,14.176708221435549,-0.18616478409372816)
(pose,5.045585632324219,14.176708221435549,-0.18616478409372816)
(pose,5.045585632324219,14.176708221435549,-0.18616478409372816)
(pose,5.045585632324219,14.176708221435549,-0.18616478409372816)
(pose,5.045585632324219,14.176708221435549,-0.18616478409372816)
(pose,5.045585632324219,14.176708221435549,-0.18616478409372816)
(pose,5.045585632324219,14.176708221435549,-0.18616478409372816)
(pose,5.045585632324219,14.176708221435549,-0.18616478409372816)
(pose,5.045585632324219,14.176708221435549,-0.18616478409372816)
(pose,5.045585632324219,14.176708221435549,-0.18616478409372816)
(pose,5.045585632324219,14.176708221435549,-0.18616478409372816)
(pose,5.045585632324219,14.176708221435549,-0.18616478409372816)
(pose,5.045585632324219,14.176708221435549,-0.18616478409372816)
(pose,5.045585632324219,14.176708221435549,-0.18616478409372816)
(pose,5.045585632324219,14.176708221435549,-0.18616478409372816)
(pose,5.045585632324219,14.176708221435549,-0.18616478409372816)
(pose,5.045585632324219,14.176708221435549,-0.18616478409372816)
(pose,5.045585632324219,14.176708221435549,-0.18616478409372816)
(pose,5.045585632324219,14.176708221435549,-0.18616478409372816)
(pose,5.045585632324219,14.176708221435549,-0.18616478409372816)
(pose,5.045585632324219,14.176708221435549,-0.18616478409372816)
(pose,5.045585632324219,14.176708221435549,-0.18616478409372816)
(pose,5.045585632324219,14.176708221435549,-0.18616478409372816)
(pose,5.045585632324219,14.176708221435549,-0.18616478409372816)
(pose,5.045585632324219,14.176708221435549,-0.18616478409372816)
(pose,5.045585632324219,14.176708221435549,-0.18616478409372816)
(pose,5.045585632324219,14.176708221435549,-0.18616478409372816)
(pose,5.045585632324219,14.176708221435549,-0.18616478409372816)
(pose,5.045585632324219,14.176708221435549,-0.18616478409372816)
(pose,5.045585632324219,14.176708221435549,-0.18616478409372816)
(pose,5.045585632324219,14.176708221435549,-0.18616478409372816)
(pose,5.045585632324219,14.176708221435549,-0.18616478409372816)
(pose,5.045585632324219,14.176708221435549,-0.18616478409372816)
(pose,5.045585632324219,14.176708221435549,-0.18616478409372816)
(pose,5.045585632324219,14.176708221435549,-0.18616478409372816)
(pose,5.045585632324219,14.176708221435549,-0.18616478409372816)
(pose,5.045585632324219,14.176708221435549,-0.18616478409372816)
(pose,5.045585632324219,14.176708221435549,-0.18616478409372816)
(pose,5.045585632324219,14.176708221435549,-0.18616478409372816)
(pose,5.045585632324219,14.176708221435549,-0.18616478409372816)
(pose,5.045585632324219,14.176708221435549,-0.18616478409372816)
(pose,5.045585632324219,14.176708221435549,-0.18616478409372816)
(pose,5.045585632324219,14.176708221435549,-0.18616478409372816)
(pose,5.045585632324219,14.176708221435549,-0.18616478409372816)
(pose,5.045585632324219,14.176708221435549,-0.18616478409372816)
(pose,5.045585632324219,14.176708221435549,-0.18616478409372816)
(pose,5.045585632324219,14.176708221435549,-0.18616478409372816)
(pose,5.045585632324219,14.176708221435549,-0.18616478409372816)
(pose,5.045585632324219,14.176708221435549,-0.18616478409372816)
(pose,5.045585632324219,14.176708221435549,-0.18616478409372816)
(pose,5.045585632324219,14.176708221435549,-0.18616478409372816)
(pose,5.045585632324219,14.176708221435549,-0.18616478409372816)
(pose,5.045585632324219,14.176708221435549,-0.18616478409372816)
(pose,5.045585632324219,14.176708221435549,-0.18616478409372816)
(pose,5.045585632324219,14.176708221435549,-0.18616478409372816)
(pose,5.045585632324219,14.176708221435549,-0.18616478409372816)
(pose,5.045585632324219,14.176708221435549,-0.18616478409372816)
(pose,5.045585632324219,14.176708221435549,-0.18616478409372816)
(pose,5.045585632324219,14.176708221435549,-0.18616478409372816)
(pose,5.045585632324219,14.176708221435549,-0.18616478409372816)
(pose,5.045585632324219,14.176708221435549,-0.18616478409372816)
(pose,5.045585632324219,14.176708221435549,-0.18616478409372816)
(pose,5.045585632324219,14.176708221435549,-0.18616478409372816)
(pose,5.045585632324219,14.176708221435549,-0.18616478409372816)
(pose,5.045585632324219,14.176708221435549,-0.18616478409372816)
(pose,5.045585632324219,14.176708221435549,-0.18616478409372816)
(pose,5.045585632324219,14.176708221435549,-0.18616478409372816)
(pose,5.045585632324219,14.176708221435549,-0.18616478409372816)
(pose,5.045585632324219,14.176708221435549,-0.18616478409372816)
(pose,5.045585632324219,14.176708221435549,-0.18616478409372816)
(pose,5.045585632324219,14.176708221435549,-0.18616478409372816)
(pose,5.045585632324219,14.176708221435549,-0.18616478409372816)
(pose,5.045585632324219,14.176708221435549,-0.18616478409372816)
(pose,5.045585632324219,14.176708221435549,-0.18616478409372816)
(pose,5.045585632324219,14.176708221435549,-0.18616478409372816)
(pose,5.045585632324219,14.176708221435549,-0.18616478409372816)
(pose,5.045585632324219,14.176708221435549,-0.18616478409372816)
(pose,5.045585632324219,14.176708221435549,-0.18616478409372816)
(pose,5.045585632324219,14.176708221435549,-0.18616478409372816)
(pose,5.045585632324219,14.176708221435549,-0.18616478409372816)
(pose,5.045585632324219,14.176708221435549,-0.18616478409372816)
(pose,5.045585632324219,14.176708221435549,-0.18616478409372816)
(pose,5.045585632324219,14.176708221435549,-0.18616478409372816)
(pose,5.045585632324219,14.176708221435549,-0.18616478409372816)
(pose,5.045585632324219,14.176708221435549,-0.18616478409372816)
(pose,5.045585632324219,14.176708221435549,-0.18616478409372816)
(pose,5.045585632324219,14.176708221435549,-0.18616478409372816)
(pose,5.045585632324219,14.176708221435549,-0.18616478409372816)
(pose,5.045585632324219,14.176708221435549,-0.18616478409372816)
(pose,5.045585632324219,14.176708221435549,-0.18616478409372816)
(pose,5.045585632324219,14.176708221435549,-0.18616478409372816)
(pose,5.045585632324219,14.176708221435549,-0.18616478409372816)
(pose,5.045585632324219,14.176708221435549,-0.18616478409372816)
(pose,5.045585632324219,14.176708221435549,-0.18616478409372816)
(pose,5.045585632324219,14.176708221435549,-0.18616478409372816)
(pose,5.045585632324219,14.176708221435549,-0.18616478409372816)
(pose,5.045585632324219,14.176708221435549,-0.18616478409372816)
(pose,5.045585632324219,14.176708221435549,-0.18616478409372816)
(pose,5.045585632324219,14.176708221435549,-0.18616478409372816)
(pose,5.045585632324219,14.176708221435549,-0.18616478409372816)
(pose,5.045585632324219,14.176708221435549,-0.18616478409372816)
(pose,5.045585632324219,14.176708221435549,-0.18616478409372816)
(pose,5.045585632324219,14.176708221435549,-0.18616478409372816)
(pose,5.045585632324219,14.176708221435549,-0.18616478409372816)
(pose,5.045585632324219,14.176708221435549,-0.18616478409372816)
(pose,5.045585632324219,14.176708221435549,-0.18616478409372816)
(pose,5.045585632324219,14.176708221435549,-0.18616478409372816)
(pose,5.045585632324219,14.176708221435549,-0.18616478409372816)
(pose,5.045585632324219,14.176708221435549,-0.18616478409372816)
(pose,5.045585632324219,14.176708221435549,-0.18616478409372816)
(pose,5.045585632324219,14.176708221435549,-0.18616478409372816)
(pose,5.045585632324219,14.176708221435549,-0.18616478409372816)
(pose,5.045585632324219,14.176708221435549,-0.18616478409372816)
(pose,5.045585632324219,14.176708221435549,-0.18616478409372816)
(pose,5.045585632324219,14.176708221435549,-0.18616478409372816)
(pose,5.045585632324219,14.176708221435549,-0.18616478409372816)
(pose,5.045585632324219,14.176708221435549,-0.18616478409372816)
(pose,5.045585632324219,14.176708221435549,-0.18616478409372816)
(pose,5.045585632324219,14.176708221435549,-0.18616478409372816)
(pose,5.045585632324219,14.176708221435549,-0.18616478409372816)
(pose,5.045585632324219,14.176708221435549,-0.18616478409372816)
(pose,5.045585632324219,14.176708221435549,-0.18616478409372816)
(pose,5.045585632324219,14.176708221435549,-0.18616478409372816)
(pose,5.045585632324219,14.176708221435549,-0.18616478409372816)
(pose,5.045585632324219,14.176708221435549,-0.18616478409372816)
(pose,5.045585632324219,14.176708221435549,-0.18616478409372816)
(pose,5.045585632324219,14.176708221435549,-0.18616478409372816)
(pose,5.045585632324219,14.176708221435549,-0.18616478409372816)
(pose,5.045585632324219,14.176708221435549,-0.18616478409372816)
(pose,5.045585632324219,14.176708221435549,-0.18616478409372816)
(pose,5.045585632324219,14.176708221435549,-0.18616478409372816)
(pose,5.045585632324219,14.176708221435549,-0.18616478409372816)
(pose,5.045585632324219,14.176708221435549,-0.18616478409372816)
(pose,5.045585632324219,14.176708221435549,-0.18616478409372816)
(pose,5.045585632324219,14.176708221435549,-0.18616478409372816)
(pose,5.045585632324219,14.176708221435549,-0.18616478409372816)
(pose,5.045585632324219,14.176708221435549,-0.18616478409372816)
(pose,5.045585632324219,14.176708221435549,-0.18616478409372816)
(pose,5.045585632324219,14.176708221435549,-0.18616478409372816)
(pose,5.045585632324219,14.176708221435549,-0.18616478409372816)
(pose,5.045585632324219,14.176708221435549,-0.18616478409372816)
(pose,5.045585632324219,14.176708221435549,-0.18616478409372816)
(pose,5.045585632324219,14.176708221435549,-0.18616478409372816)
(pose,5.045585632324219,14.176708221435549,-0.18616478409372816)
(pose,5.045585632324219,14.176708221435549,-0.18616478409372816)
(pose,5.045585632324219,14.176708221435549,-0.18616478409372816)
(pose,5.045585632324219,14.176708221435549,-0.18616478409372816)
(pose,5.045585632324219,14.176708221435549,-0.18616478409372816)
(pose,5.045585632324219,14.176708221435549,-0.18616478409372816)
(pose,5.045585632324219,14.176708221435549,-0.18616478409372816)
(pose,5.045585632324219,14.176708221435549,-0.18616478409372816)
(pose,5.045585632324219,14.176708221435549,-0.18616478409372816)
(pose,5.045585632324219,14.176708221435549,-0.18616478409372816)
(pose,5.045585632324219,14.176708221435549,-0.18616478409372816)
(pose,5.045585632324219,14.176708221435549,-0.18616478409372816)
(pose,5.045585632324219,14.176708221435549,-0.18616478409372816)
(pose,5.045585632324219,14.176708221435549,-0.18616478409372816)
(pose,5.045585632324219,14.176708221435549,-0.18616478409372816)
(pose,5.045585632324219,14.176708221435549,-0.18616478409372816)
(pose,5.045585632324219,14.176708221435549,-0.18616478409372816)
(pose,5.045585632324219,14.176708221435549,-0.18616478409372816)
(pose,5.045585632324219,14.176708221435549,-0.18616478409372816)
(pose,5.045585632324219,14.176708221435549,-0.18616478409372816)
(pose,5.045585632324219,14.176708221435549,-0.18616478409372816)
(pose,5.045585632324219,14.176708221435549,-0.18616478409372816)
(pose,5.045585632324219,14.176708221435549,-0.18616478409372816)
(pose,5.045585632324219,14.176708221435549,-0.18616478409372816)
(pose,5.045585632324219,14.176708221435549,-0.18616478409372816)
(pose,5.045585632324219,14.176708221435549,-0.18616478409372816)
(pose,5.045585632324219,14.176708221435549,-0.18616478409372816)
(pose,5.045585632324219,14.176708221435549,-0.18616478409372816)
(pose,5.045585632324219,14.176708221435549,-0.18616478409372816)
(pose,5.045585632324219,14.176708221435549,-0.18616478409372816)
(pose,5.045585632324219,14.176708221435549,-0.18616478409372816)
(pose,5.045585632324219,14.176708221435549,-0.18616478409372816)
(pose,5.045585632324219,14.176708221435549,-0.18616478409372816)
(pose,5.045585632324219,14.176708221435549,-0.18616478409372816)
(pose,5.045585632324219,14.176708221435549,-0.18616478409372816)
(pose,5.045585632324219,14.176708221435549,-0.18616478409372816)
(pose,5.045585632324219,14.176708221435549,-0.18616478409372816)
(pose,5.045585632324219,14.176708221435549,-0.18616478409372816)
(pose,5.045585632324219,14.176708221435549,-0.18616478409372816)
(pose,5.045585632324219,14.176708221435549,-0.18616478409372816)
(pose,5.045585632324219,14.176708221435549,-0.18616478409372816)
(pose,5.045585632324219,14.176708221435549,-0.18616478409372816)
(pose,5.045585632324219,14.176708221435549,-0.18616478409372816)
(pose,5.045585632324219,14.176708221435549,-0.18616478409372816)
(pose,5.045585632324219,14.176708221435549,-0.18616478409372816)
(pose,5.045585632324219,14.176708221435549,-0.18616478409372816)
(pose,5.045585632324219,14.176708221435549,-0.18616478409372816)
(pose,5.045585632324219,14.176708221435549,-0.18616478409372816)
(pose,5.045585632324219,14.176708221435549,-0.18616478409372816)
(pose,5.045585632324219,14.176708221435549,-0.18616478409372816)
(pose,5.045585632324219,14.176708221435549,-0.18616478409372816)
(pose,5.045585632324219,14.176708221435549,-0.18616478409372816)
(pose,5.045585632324219,14.176708221435549,-0.18616478409372816)
(pose,5.045585632324219,14.176708221435549,-0.18616478409372816)
(pose,5.045585632324219,14.176708221435549,-0.18616478409372816)
(pose,5.045585632324219,14.176708221435549,-0.18616478409372816)
(pose,5.045585632324219,14.176708221435549,-0.18616478409372816)
(pose,5.045585632324219,14.176708221435549,-0.18616478409372816)
(pose,5.045585632324219,14.176708221435549,-0.18616478409372816)
(pose,5.045585632324219,14.176708221435549,-0.18616478409372816)
(pose,5.045585632324219,14.176708221435549,-0.18616478409372816)
(pose,5.045585632324219,14.176708221435549,-0.18616478409372816)
(pose,5.045585632324219,14.176708221435549,-0.18616478409372816)
(pose,5.045585632324219,14.176708221435549,-0.18616478409372816)
(pose,5.045585632324219,14.176708221435549,-0.18616478409372816)
(pose,5.045585632324219,14.176708221435549,-0.18616478409372816)
(pose,5.045585632324219,14.176708221435549,-0.18616478409372816)
(pose,5.045585632324219,14.176708221435549,-0.18616478409372816)
(pose,5.045585632324219,14.176708221435549,-0.18616478409372816)
(pose,5.045585632324219,14.176708221435549,-0.18616478409372816)
(pose,5.045585632324219,14.176708221435549,-0.18616478409372816)
(pose,5.045585632324219,14.176708221435549,-0.18616478409372816)
(pose,5.045585632324219,14.176708221435549,-0.18616478409372816)
(pose,5.045585632324219,14.176708221435549,-0.18616478409372816)
(pose,5.045585632324219,14.176708221435549,-0.18616478409372816)
(pose,5.045585632324219,14.176708221435549,-0.18616478409372816)
(pose,5.045585632324219,14.176708221435549,-0.18616478409372816)
(pose,5.045585632324219,14.176708221435549,-0.18616478409372816)
(pose,5.045585632324219,14.176708221435549,-0.18616478409372816)
(pose,5.045585632324219,14.176708221435549,-0.18616478409372816)
(pose,5.045585632324219,14.176708221435549,-0.18616478409372816)
(pose,5.045585632324219,14.176708221435549,-0.18616478409372816)
(pose,5.045585632324219,14.176708221435549,-0.18616478409372816)
(pose,5.045585632324219,14.176708221435549,-0.18616478409372816)
(pose,5.045585632324219,14.176708221435549,-0.18616478409372816)
(pose,5.045585632324219,14.176708221435549,-0.18616478409372816)
(pose,5.045585632324219,14.176708221435549,-0.18616478409372816)
(pose,5.045585632324219,14.176708221435549,-0.18616478409372816)
(pose,5.045585632324219,14.176708221435549,-0.18616478409372816)
(pose,5.045585632324219,14.176708221435549,-0.18616478409372816)
(pose,5.045585632324219,14.176708221435549,-0.18616478409372816)
(pose,5.045585632324219,14.176708221435549,-0.18616478409372816)