sonar_front, sonar_left, sonar_right, motor_left, motor_right
1799, 2550, 2550, 0, 0
1799, 2550, 2550, 0, 0
1389, 2550, 2550, 0, 0
1389, 2550, 2550, 0, 0
1389, 2550, 2550, 0, 0
1389, 2550, 2550, 0, 1
2550, 2550, 2550, 1, 1
2550, 2550, 2550, 1, 2
2550, 2550, 2550, 2, 2
2104, 2550, 2550, 4, 4
2104, 2550, 2550, 6, 6
2104, 2550, 2550, 8, 8
2104, 2550, 2550, 9, 10
2550, 2550, 2550, 11, 11
2550, 2550, 2550, 13, 14
2550, 2550, 2550, 16, 16
2550, 2550, 2550, 18, 18
2550, 2550, 2550, 21, 20
2550, 2550, 2550, 24, 23
2489, 2550, 2550, 27, 26
2489, 2550, 2550, 30, 28
2489, 2550, 2550, 32, 31
2489, 2550, 2550, 36, 34
2550, 2550, 2550, 40, 39
2550, 2550, 2550, 44, 43
848, 2550, 2550, 48, 47
848, 2550, 2550, 52, 51
848, 2550, 2550, 56, 55
1181, 2550, 2550, 61, 59
1181, 2550, 2550, 66, 64
1211, 2550, 2550, 69, 68
1211, 2550, 2550, 72, 70
1211, 2550, 2550, 77, 75
1174, 2550, 2550, 80, 79
1174, 2550, 2550, 83, 82
1174, 2550, 2550, 87, 86
1174, 2550, 2550, 91, 89
2550, 2550, 2550, 94, 93
2550, 2550, 2550, 99, 98
977, 2550, 2550, 102, 100
977, 2550, 2550, 107, 105
977, 2550, 2550, 110, 108
1210, 2550, 2550, 114, 112
1210, 2550, 2550, 118, 116
1210, 2550, 2550, 120, 119
1242, 2550, 2550, 124, 122
1242, 2550, 2550, 127, 126
1242, 2550, 2550, 130, 129
1242, 2550, 2550, 134, 132
1242, 2550, 2550, 138, 136
1242, 2550, 2550, 141, 139
1242, 2550, 2550, 144, 142
1242, 2550, 2550, 147, 146
1242, 2550, 2550, 150, 149
1242, 2550, 2550, 156, 155
2550, 2550, 2550, 159, 158
2550, 2550, 2550, 162, 162
842, 2550, 2550, 166, 165
842, 2550, 2550, 170, 170
842, 2550, 2550, 174, 174
1395, 2550, 2550, 177, 177
1395, 2550, 2550, 180, 180
1395, 2550, 2550, 183, 183
1395, 2550, 2550, 187, 186
2550, 2550, 2550, 190, 190
2550, 2550, 2550, 193, 192
2550, 2550, 2550, 196, 196
2153, 2550, 2550, 202, 202
2153, 2550, 2550, 206, 205
2153, 2550, 2550, 210, 209
1549, 2550, 2550, 213, 212
1549, 2550, 2550, 216, 215
1549, 2550, 2550, 219, 218
1549, 2550, 2550, 222, 222
1549, 2550, 2550, 225, 224
2550, 2550, 2550, 228, 228
2550, 2550, 2550, 231, 231
2550, 2550, 2550, 236, 235
2055, 2550, 2550, 239, 238
2055, 2550, 2550, 244, 244
2055, 2550, 2550, 247, 247
2055, 2550, 2550, 251, 250
2550, 2550, 2550, 255, 254
2550, 2550, 2550, 258, 257
2550, 2550, 2550, 262, 260
2550, 2550, 2550, 265, 264
2550, 2550, 2550, 269, 268
2550, 2550, 2550, 272, 271
784, 2550, 2550, 275, 275
784, 2550, 2550, 280, 279
784, 2550, 2550, 284, 283
1404, 2550, 2550, 287, 286
1404, 2550, 2550, 290, 289
1404, 2550, 2550, 293, 292
1404, 2550, 2550, 298, 298
2550, 2550, 2550, 302, 302
2550, 2550, 2550, 306, 305
2550, 2550, 2550, 309, 308
1787, 2550, 2550, 312, 311
1787, 2550, 2550, 316, 315
1787, 2550, 2550, 320, 319
1607, 2550, 2550, 323, 322
1607, 2550, 2550, 325, 324
1607, 2550, 2550, 328, 328
1202, 2550, 2550, 332, 330
1202, 2550, 2550, 335, 334
1202, 2550, 2550, 338, 337
1099, 2550, 2550, 342, 341
1099, 2550, 2550, 345, 344
1099, 2550, 2550, 349, 347
962, 2550, 2550, 353, 351
962, 2550, 2550, 356, 355
962, 2550, 2550, 359, 358
2550, 2550, 2550, 363, 362
2550, 2550, 2550, 366, 365
2550, 2550, 2550, 369, 368
2550, 2550, 2550, 371, 371
1211, 2550, 2550, 375, 374
1211, 2550, 2550, 380, 378
847, 2550, 2550, 383, 382
847, 2550, 2550, 386, 386
847, 2550, 2550, 390, 389
1402, 2550, 2550, 394, 392
1402, 2550, 2550, 397, 395
1402, 2550, 2550, 400, 398
1147, 2550, 2550, 404, 402
1147, 2550, 2550, 407, 405
1147, 2550, 2550, 410, 408
1353, 2550, 2550, 413, 412
1353, 2550, 2550, 417, 415
1353, 2550, 2550, 420, 418
1353, 2550, 2550, 424, 422
1353, 2550, 2550, 427, 425
1353, 2550, 2550, 431, 429
1353, 2550, 2550, 434, 432
1353, 2550, 2550, 437, 435
1353, 2550, 2550, 440, 438
1105, 2550, 2550, 445, 444
1105, 2550, 2550, 450, 448
1105, 2550, 2550, 453, 451
903, 2550, 2550, 456, 454
903, 2550, 2550, 460, 458
1119, 2550, 2550, 464, 461
1119, 2550, 2550, 467, 465
1119, 2550, 2550, 470, 468
1119, 2550, 2550, 473, 471
1080, 2550, 2550, 476, 474
1080, 2550, 2550, 480, 477
1080, 2550, 2550, 483, 481
1097, 2550, 2550, 486, 485
1097, 2550, 2550, 489, 488
1097, 2550, 2550, 494, 492
1097, 2550, 2550, 498, 496
561, 2550, 2550, 501, 500
561, 2550, 2550, 505, 503
561, 2550, 2550, 508, 507
561, 2550, 2550, 511, 510
561, 2550, 2550, 514, 513
561, 2550, 2550, 517, 516
561, 2550, 2550, 520, 520
561, 2550, 2550, 524, 524
1706, 2550, 2550, 528, 526
1706, 2550, 2550, 531, 530
1076, 2550, 2550, 536, 534
1076, 2550, 2550, 540, 538
1076, 2550, 2550, 543, 542
1076, 2550, 2550, 546, 545
2550, 2550, 2550, 549, 548
2550, 2550, 2550, 552, 551
2550, 2550, 2550, 555, 554
2550, 2550, 2550, 560, 559
2550, 2550, 2550, 563, 563
2550, 2550, 2550, 566, 566
2550, 2550, 2550, 570, 569
1658, 2550, 2550, 573, 572
1658, 2550, 2550, 577, 576
1658, 2550, 2550, 580, 579
1658, 2550, 2550, 583, 582
1692, 2550, 2550, 589, 588
1692, 2550, 2550, 592, 591
1692, 2550, 2550, 596, 595
1692, 2550, 2550, 599, 598
1692, 2550, 2550, 603, 602
1692, 2550, 2550, 606, 605
1692, 2550, 2550, 609, 608
1692, 2550, 2550, 613, 612
1692, 2550, 2550, 616, 615
1692, 2550, 2550, 619, 618
1692, 2550, 2550, 622, 621
1692, 2550, 2550, 626, 625
1714, 2550, 2550, 629, 628
1714, 2550, 2550, 633, 632
1714, 2550, 2550, 636, 635
834, 2550, 2550, 641, 640
834, 2550, 2550, 644, 643
834, 2550, 2550, 648, 647
1662, 2550, 2550, 652, 650
1662, 2550, 2550, 654, 654
1662, 2550, 2550, 658, 657
1662, 2550, 2550, 661, 660
2550, 2550, 2550, 664, 663
2550, 2550, 2550, 668, 667
2550, 2550, 2550, 671, 670
2550, 2550, 2550, 674, 673
2550, 2550, 2550, 678, 677
2550, 2550, 2550, 681, 680
2550, 2550, 2550, 684, 684
2550, 2550, 2550, 688, 687
2550, 2550, 2550, 691, 690
2550, 2550, 2550, 694, 693
1615, 2550, 2550, 697, 696
1615, 2550, 2550, 700, 699
1615, 2550, 2550, 705, 703
1902, 2550, 2550, 708, 706
1902, 2550, 2550, 711, 710
1902, 2550, 2550, 714, 713
1902, 2550, 2550, 718, 716
2550, 2550, 2550, 722, 720
2550, 2550, 2550, 725, 723
2550, 2550, 2550, 728, 726
1228, 2550, 2550, 733, 732
1228, 2550, 2550, 736, 734
1228, 2550, 2550, 740, 739
1615, 2550, 2550, 744, 742
1615, 2550, 2550, 747, 746
1615, 2550, 2550, 750, 749
1615, 2550, 2550, 754, 753
1615, 2550, 2550, 757, 756
1615, 2550, 2550, 761, 759
1615, 2550, 2550, 764, 762
1615, 2550, 2550, 768, 766
1615, 2550, 2550, 771, 769
1567, 2550, 2550, 774, 772
1567, 2550, 2550, 778, 776
1567, 2550, 2550, 781, 780
939, 2550, 2550, 785, 783
939, 2550, 2550, 788, 786
939, 2550, 2550, 792, 790
1579, 2550, 2550, 796, 794
1579, 2550, 2550, 798, 797
1579, 2550, 2550, 802, 800
1181, 2550, 2550, 805, 803
1181, 2550, 2550, 808, 806
1181, 2550, 2550, 811, 809
1199, 2550, 2550, 816, 814
1199, 2550, 2550, 820, 818
1199, 2550, 2550, 822, 820
1452, 2550, 2550, 828, 826
1452, 2550, 2550, 831, 829
1452, 2550, 2550, 835, 832
1559, 2550, 2550, 838, 836
1559, 2550, 2550, 841, 839
1559, 2550, 2550, 844, 842
1525, 2550, 2550, 849, 846
1525, 2550, 2550, 852, 850
1525, 2550, 2550, 856, 854
1534, 2550, 2550, 859, 857
1534, 2550, 2550, 862, 860
1534, 2550, 2550, 866, 865
1534, 2550, 2550, 870, 868
1567, 2550, 2550, 873, 872
1567, 2550, 2550, 877, 876
1550, 2550, 2550, 881, 880
1550, 2550, 2550, 884, 883
1550, 2550, 2550, 888, 888
1775, 2550, 2550, 892, 891
1775, 2550, 2550, 895, 894
1775, 2550, 2550, 899, 898
1775, 2550, 2550, 902, 902
2550, 2550, 2550, 905, 905
2550, 2550, 2550, 908, 908
2550, 2550, 2550, 912, 911
1122, 2550, 2550, 915, 914
1122, 2550, 2550, 918, 918
1122, 2550, 2550, 921, 921
2297, 2550, 2550, 925, 924
2297, 2550, 2550, 929, 928
2297, 2550, 2550, 932, 930
2297, 2550, 2550, 936, 934
2550, 2550, 2550, 939, 938
2550, 2550, 2550, 942, 941
2550, 2550, 2550, 945, 944
1107, 2550, 2550, 949, 948
1107, 2550, 2550, 952, 951
1107, 2550, 2550, 955, 954
986, 2550, 2550, 958, 957
986, 2550, 2550, 962, 962
986, 2550, 2550, 965, 964
1374, 2550, 2550, 969, 968
1374, 2550, 2550, 972, 972
1374, 2550, 2550, 976, 975
1529, 2550, 2550, 980, 979
1529, 2550, 2550, 983, 982
1529, 2550, 2550, 986, 986
1529, 2550, 2550, 990, 989
1549, 2550, 2550, 994, 993
1549, 2550, 2550, 997, 996
1549, 2550, 2550, 1001, 1000
1671, 2550, 2550, 1004, 1003
1671, 2550, 2550, 1008, 1007
1671, 2550, 2550, 1011, 1010
1671, 2550, 2550, 1014, 1013
1519, 2550, 2550, 1020, 1019
1564, 2550, 2550, 1023, 1022
1564, 2550, 2550, 1026, 1025
1564, 2550, 2550, 1030, 1030
1564, 2550, 2550, 1034, 1034
2550, 2550, 2550, 1038, 1037
2550, 2550, 2550, 1041, 1040
2550, 2550, 2550, 1044, 1043
2550, 2550, 2550, 1048, 1046
2550, 2550, 2550, 1051, 1050
2550, 2550, 2550, 1054, 1053
2550, 2550, 2550, 1057, 1056
1466, 2550, 2550, 1060, 1060
1466, 2550, 2550, 1064, 1063
1466, 2550, 2550, 1067, 1066
1466, 2550, 2550, 1071, 1070
1466, 2550, 2550, 1074, 1072
1466, 2550, 2550, 1077, 1076
1466, 2550, 2550, 1081, 1080
1466, 2550, 2550, 1084, 1083
1466, 2550, 2550, 1087, 1086
1466, 2550, 2550, 1091, 1090
1491, 2550, 2550, 1094, 1092
1491, 2550, 2550, 1097, 1096
1491, 2550, 2550, 1101, 1100
1491, 2550, 2550, 1104, 1103
1491, 2550, 2550, 1108, 1107
1491, 2550, 2550, 1111, 1110
1491, 2550, 2550, 1114, 1113
1491, 2550, 2550, 1120, 1118
1491, 2550, 2550, 1123, 1121
1439, 2550, 2550, 1126, 1124
1439, 2550, 2550, 1130, 1128
1439, 2550, 2550, 1133, 1131
1439, 2550, 2550, 1136, 1134
1422, 2550, 2550, 1140, 1138
1422, 2550, 2550, 1143, 1141
1422, 2550, 2550, 1146, 1144
1422, 2550, 2550, 1150, 1148
1422, 2550, 2550, 1153, 1152
1422, 2550, 2550, 1157, 1155
1422, 2550, 2550, 1160, 1158
1422, 2550, 2550, 1165, 1163
1422, 2550, 2550, 1169, 1166
1426, 2550, 490, 1172, 1170
1426, 2550, 490, 1176, 1173
1426, 2550, 490, 1179, 1177
1426, 2550, 490, 1182, 1180
1426, 2550, 490, 1186, 1183
1426, 2550, 490, 1188, 1186
1426, 2550, 490, 1192, 1190
1426, 2550, 490, 1195, 1194
1426, 2550, 490, 1199, 1198
1438, 2550, 490, 1202, 1201
1438, 2550, 490, 1206, 1204
1438, 2550, 500, 1209, 1208
1412, 2550, 500, 1212, 1212
1412, 2550, 500, 1216, 1215
1412, 2550, 500, 1220, 1218
1412, 2550, 500, 1223, 1222
1412, 2550, 500, 1226, 1224
1412, 2550, 500, 1230, 1229
1412, 2550, 500, 1234, 1232
1412, 2550, 500, 1237, 1236
1412, 2550, 500, 1240, 1239
1387, 2550, 2550, 1243, 1242
1387, 2550, 2550, 1247, 1246
1387, 2550, 2550, 1250, 1249
1387, 2550, 2550, 1253, 1252
2550, 2550, 2550, 1257, 1256
2550, 2550, 2550, 1260, 1260
2550, 2550, 2550, 1264, 1263
2550, 2550, 2550, 1267, 1266
1381, 2550, 2550, 1271, 1270
1381, 2550, 2550, 1274, 1273
1372, 2550, 2550, 1277, 1276
1372, 2550, 490, 1281, 1279
1372, 2550, 490, 1284, 1282
1372, 2550, 490, 1287, 1286
1372, 2550, 490, 1290, 1289
1372, 2550, 490, 1294, 1292
1372, 2550, 490, 1297, 1295
1372, 2550, 490, 1300, 1299
1372, 2550, 490, 1303, 1302
1372, 2550, 490, 1307, 1308
1372, 2550, 490, 1311, 1311
2550, 2550, 470, 1316, 1316
2550, 2550, 470, 1319, 1319
794, 2550, 470, 1323, 1322
794, 2550, 470, 1326, 1325
794, 2550, 470, 1329, 1328
1351, 2550, 470, 1332, 1332
1351, 2550, 470, 1336, 1335
1351, 2550, 470, 1340, 1338
1351, 2550, 470, 1343, 1342
2550, 2550, 470, 1347, 1346
2550, 2550, 470, 1350, 1349
2550, 2550, 490, 1353, 1352
1317, 2550, 490, 1356, 1356
1317, 2550, 490, 1360, 1359
1317, 2550, 490, 1363, 1362
1317, 2550, 490, 1367, 1366
1317, 2550, 490, 1370, 1368
1317, 2550, 490, 1373, 1372
1317, 2550, 490, 1377, 1376
1317, 2550, 490, 1380, 1378
1317, 2550, 490, 1383, 1382
1316, 2550, 490, 1386, 1385
1316, 2550, 470, 1391, 1390
1316, 2550, 470, 1395, 1394
1358, 2550, 470, 1398, 1397
1358, 2550, 470, 1401, 1400
1358, 2550, 470, 1404, 1404
1358, 2550, 470, 1408, 1407
2434, 2550, 470, 1412, 1411
2434, 2550, 470, 1415, 1414
1325, 2550, 470, 1419, 1418
1325, 2550, 470, 1422, 1421
1325, 2550, 470, 1426, 1424
1299, 2550, 470, 1429, 1428
1299, 2550, 470, 1432, 1431
1299, 2550, 470, 1435, 1434
1324, 2550, 470, 1439, 1438
1324, 2550, 470, 1442, 1440
1324, 2550, 470, 1445, 1444
1324, 2550, 470, 1449, 1448
1324, 2550, 470, 1453, 1452
1324, 2550, 470, 1458, 1457
1324, 2550, 460, 1461, 1460
1324, 2550, 460, 1465, 1464
1324, 2550, 460, 1468, 1467
1324, 2550, 460, 1471, 1470
2550, 2550, 460, 1475, 1474
2550, 2550, 460, 1478, 1476
2550, 2550, 460, 1481, 1479
2550, 2550, 460, 1485, 1484
2550, 2550, 460, 1489, 1487
2550, 2550, 460, 1492, 1490
2550, 2550, 470, 1495, 1494
2550, 2550, 470, 1498, 1497
2550, 2550, 470, 1502, 1500
2550, 2550, 470, 1505, 1503
2550, 2550, 470, 1508, 1506
2550, 2550, 470, 1512, 1510
2550, 2550, 470, 1515, 1513
2550, 2550, 470, 1518, 1517
2550, 2550, 470, 1522, 1520
2550, 2550, 470, 1525, 1523
2550, 2550, 470, 1529, 1527
1278, 2550, 450, 1533, 1530
1278, 2550, 450, 1536, 1534
1278, 2550, 450, 1540, 1537
1278, 2550, 450, 1542, 1540
1278, 2550, 450, 1546, 1543
1278, 2550, 450, 1549, 1547
1278, 2550, 450, 1552, 1550
1278, 2550, 450, 1556, 1554
1278, 2550, 450, 1560, 1557
869, 2550, 450, 1563, 1561
869, 2550, 450, 1566, 1564
869, 2550, 440, 1570, 1568
1259, 2550, 440, 1573, 1572
1259, 2550, 440, 1576, 1575
1259, 2550, 440, 1579, 1578
1372, 2550, 440, 1583, 1581
1372, 2550, 440, 1586, 1585
1372, 2550, 440, 1589, 1588
1227, 2550, 440, 1594, 1593
1227, 2550, 440, 1598, 1597
1255, 2550, 440, 1603, 1602
1255, 2550, 450, 1606, 1605
1255, 2550, 450, 1610, 1608
1255, 2550, 450, 1613, 1612
1255, 2550, 450, 1616, 1615
1255, 2550, 450, 1619, 1618
1255, 2550, 450, 1623, 1622
1255, 2550, 450, 1626, 1624
1255, 2550, 450, 1630, 1628
1255, 2550, 450, 1632, 1632
1218, 2550, 450, 1635, 1634
1218, 2550, 450, 1639, 1638
784, 2550, 2550, 1642, 1641
784, 2550, 2550, 1646, 1645
784, 2550, 2550, 1649, 1648
784, 2550, 2550, 1652, 1651
2550, 2550, 2550, 1655, 1654
2550, 2550, 2550, 1659, 1658
2550, 2550, 2550, 1662, 1660
1255, 2550, 2550, 1665, 1664
1255, 2550, 2550, 1668, 1668
1255, 2550, 2550, 1671, 1670
1255, 2550, 2550, 1675, 1674
1259, 2550, 2550, 1679, 1679
1259, 2550, 2550, 1683, 1682
1101, 2550, 2550, 1686, 1685
1101, 2550, 2550, 1689, 1688
1101, 2550, 2550, 1692, 1691
1208, 2550, 2550, 1696, 1695
1208, 2550, 2550, 1698, 1698
1208, 2550, 2550, 1704, 1704
1179, 2550, 2550, 1708, 1707
1179, 2550, 2550, 1711, 1710
1179, 2550, 2550, 1715, 1714
1179, 2550, 2550, 1719, 1717
1179, 2550, 2550, 1722, 1720
1179, 2550, 2550, 1725, 1724
1179, 2550, 2550, 1728, 1728
1179, 2550, 2550, 1732, 1731
1179, 2550, 2550, 1735, 1734
1179, 2550, 2550, 1738, 1738
2280, 2550, 2550, 1744, 1742
1316, 2550, 2550, 1751, 1750
1316, 2550, 2550, 1754, 1753
1316, 2550, 2550, 1758, 1756
1316, 2550, 2550, 1763, 1762
2550, 2550, 2550, 1766, 1765
2550, 2550, 2550, 1770, 1769
2550, 2550, 2550, 1773, 1772
2285, 2550, 2550, 1777, 1776
2285, 2550, 2550, 1780, 1779
2285, 2550, 2550, 1784, 1782
1206, 2550, 2550, 1787, 1786
1206, 2550, 2550, 1791, 1790
1206, 2550, 2550, 1794, 1792
754, 2550, 2550, 1797, 1796
754, 2550, 2550, 1800, 1799
754, 2550, 2550, 1803, 1802
754, 2550, 2550, 1807, 1806
2550, 2550, 2550, 1810, 1809
2550, 2550, 2550, 1814, 1813
2550, 2550, 2550, 1817, 1816
2283, 2550, 2550, 1821, 1820
2283, 2550, 2550, 1825, 1823
2283, 2550, 2550, 1828, 1827
2283, 2550, 2550, 1831, 1830
2283, 2550, 2550, 1834, 1833
2283, 2550, 2550, 1837, 1836
2283, 2550, 2550, 1840, 1838
2283, 2550, 2550, 1844, 1842
2283, 2550, 2550, 1847, 1846
2283, 2550, 2550, 1851, 1850
2283, 2550, 2550, 1855, 1854
2206, 2550, 2550, 1858, 1857
2206, 2550, 2550, 1862, 1860
2206, 2550, 2550, 1865, 1864
1334, 2550, 2550, 1868, 1867
1334, 2550, 2550, 1872, 1870
1334, 2550, 2550, 1875, 1873
1334, 2550, 2550, 1878, 1877
2221, 2550, 2550, 1881, 1880
2221, 2550, 2550, 1885, 1883
1114, 2550, 2550, 1890, 1888
1114, 2550, 2550, 1893, 1892
1114, 2550, 2550, 1898, 1896
1114, 2550, 2550, 1901, 1900
456, 2550, 2550, 1904, 1903
456, 2550, 2550, 1908, 1906
456, 2550, 2550, 1911, 1909
456, 2550, 2550, 1914, 1912
456, 2550, 2550, 1918, 1916
456, 2550, 2550, 1921, 1919
456, 2550, 2550, 1924, 1922
827, 2550, 2550, 1928, 1926
827, 2550, 2550, 1931, 1929
827, 2550, 2550, 1935, 1933
1227, 2550, 2550, 1938, 1936
1227, 2550, 2550, 1941, 1940
1227, 2550, 2550, 1944, 1943
1227, 2550, 2550, 1948, 1946
1227, 2550, 2550, 1951, 1950
2199, 2550, 2550, 1954, 1953
2199, 2550, 2550, 1958, 1957
2199, 2550, 2550, 1961, 1960
2550, 2550, 2550, 1965, 1964
2550, 2550, 2550, 1968, 1967
2550, 2550, 2550, 1973, 1972
1702, 2550, 2550, 1976, 1975
1702, 2550, 2550, 1979, 1978
1702, 2550, 2550, 1982, 1981
1702, 2550, 2550, 1985, 1984
2199, 2550, 2550, 1989, 1988
2199, 2550, 2550, 1993, 1992
1082, 2550, 2550, 1997, 1996
1082, 2550, 2550, 2002, 2001
1082, 2550, 2550, 2006, 2005
1082, 2550, 2550, 2009, 2008
462, 2550, 2550, 2012, 2011
462, 2550, 2550, 2016, 2014
462, 2550, 2550, 2019, 2018
462, 2550, 2550, 2022, 2021
462, 2550, 2550, 2025, 2024
462, 2550, 2550, 2028, 2028
462, 2550, 2550, 2034, 2033
462, 2550, 2550, 2037, 2036
2163, 2550, 2550, 2042, 2041
2163, 2550, 2550, 2045, 2045
1442, 2550, 2550, 2049, 2048
1442, 2550, 2550, 2052, 2051
1442, 2550, 2550, 2055, 2054
1442, 2550, 2550, 2058, 2058
2124, 2550, 2550, 2061, 2060
2124, 2550, 2550, 2065, 2064
2124, 2550, 2550, 2069, 2068
2124, 2550, 2550, 2072, 2072
2116, 2550, 2550, 2075, 2074
2116, 2550, 2550, 2078, 2078
2116, 2550, 2550, 2082, 2081
2116, 2550, 2550, 2085, 2084
2116, 2550, 2550, 2089, 2088
2116, 2550, 2550, 2092, 2092
2116, 2550, 2550, 2096, 2095
2116, 2550, 2550, 2099, 2098
2116, 2550, 2550, 2102, 2102
2116, 2550, 2550, 2106, 2105
2112, 2550, 2550, 2110, 2108
2112, 2550, 2550, 2113, 2112
2112, 2550, 2550, 2118, 2116
1468, 2550, 2550, 2121, 2120
1468, 2550, 2550, 2124, 2122
1468, 2550, 2550, 2127, 2126
1468, 2550, 2550, 2130, 2129
2091, 2550, 2550, 2133, 2132
2091, 2550, 2550, 2137, 2136
2091, 2550, 2550, 2140, 2140
2114, 2550, 2550, 2144, 2143
2114, 2550, 2550, 2147, 2146
2114, 2550, 2550, 2150, 2149
2114, 2550, 2550, 2154, 2152
2114, 2550, 2550, 2157, 2156
2114, 2550, 2550, 2160, 2159
2114, 2550, 2550, 2163, 2162
2114, 2550, 2550, 2166, 2165
2114, 2550, 2550, 2169, 2168
2114, 2550, 2550, 2172, 2172
2077, 2550, 2550, 2179, 2178
2077, 2550, 2550, 2182, 2181
2077, 2550, 2550, 2185, 2184
2550, 2550, 2550, 2190, 2189
2550, 2550, 2550, 2193, 2192
2550, 2550, 2550, 2196, 2195
955, 2550, 2550, 2200, 2198
955, 2550, 2550, 2203, 2202
955, 2550, 2550, 2206, 2205
2068, 2550, 2550, 2210, 2208
2068, 2550, 2550, 2213, 2212
2068, 2550, 2550, 2217, 2216
2068, 2550, 2550, 2220, 2219
2007, 2550, 2550, 2224, 2222
2007, 2550, 2550, 2228, 2226
2007, 2550, 2550, 2231, 2230
2550, 2550, 2550, 2234, 2233
2550, 2550, 2550, 2238, 2236
2550, 2550, 2550, 2241, 2240
2550, 2550, 2550, 2244, 2242
2028, 2550, 2550, 2248, 2246
2028, 2550, 2550, 2252, 2250
2028, 2550, 2550, 2255, 2254
2028, 2550, 2550, 2259, 2258
2028, 2550, 2550, 2262, 2261
2028, 2550, 2550, 2266, 2264
2028, 2550, 2550, 2269, 2267
2028, 2550, 2550, 2272, 2270
2028, 2550, 2550, 2275, 2274
2055, 2550, 2550, 2279, 2277
2055, 2550, 2550, 2282, 2280
2055, 2550, 2550, 2286, 2284
2055, 2550, 2550, 2290, 2289
2055, 2550, 2550, 2293, 2292
2055, 2550, 2550, 2297, 2295
2055, 2550, 2550, 2300, 2298
2055, 2550, 2550, 2303, 2302
2055, 2550, 2550, 2307, 2306
2055, 2550, 2550, 2310, 2309
2055, 2550, 2550, 2313, 2312
2055, 2550, 2550, 2316, 2316
2055, 2550, 2550, 2322, 2320
1997, 2550, 2550, 2326, 2325
1997, 2550, 2550, 2330, 2329
1476, 2550, 2550, 2333, 2332
1476, 2550, 2550, 2336, 2335
1476, 2550, 2550, 2340, 2339
877, 2550, 2550, 2344, 2343
877, 2550, 2550, 2347, 2346
877, 2550, 2550, 2350, 2349
1032, 2550, 2550, 2353, 2352
1032, 2550, 2550, 2357, 2356
1032, 2550, 2550, 2361, 2360
1983, 2550, 2550, 2364, 2363
1983, 2550, 2550, 2368, 2367
1983, 2550, 2550, 2371, 2370
1983, 2550, 2550, 2374, 2373
1983, 2550, 2550, 2377, 2376
1983, 2550, 2550, 2380, 2379
1983, 2550, 2550, 2383, 2382
1983, 2550, 2550, 2386, 2385
1983, 2550, 2550, 2389, 2388
1983, 2550, 2550, 2393, 2392
1965, 2550, 2550, 2397, 2396
1965, 2550, 2550, 2400, 2399
1965, 2550, 2550, 2404, 2402
1366, 2550, 2550, 2407, 2406
1366, 2550, 2550, 2410, 2410
1366, 2550, 2550, 2414, 2413
1366, 2550, 2550, 2417, 2416
1997, 2550, 2550, 2420, 2419
1997, 2550, 2550, 2423, 2422
1997, 2550, 2550, 2426, 2426
2028, 2550, 2550, 2431, 2431
2028, 2550, 2550, 2435, 2435
2028, 2550, 2550, 2439, 2438
2028, 2550, 2550, 2442, 2441
2028, 2550, 2550, 2446, 2444
2028, 2550, 2550, 2449, 2448
2028, 2550, 2550, 2452, 2451
2028, 2550, 2550, 2456, 2455
2028, 2550, 2550, 2460, 2458
2028, 2550, 2550, 2463, 2462
1969, 2550, 2550, 2468, 2467
1969, 2550, 2550, 2472, 2471
834, 2550, 2550, 2475, 2474
834, 2550, 2550, 2478, 2478
834, 2550, 2550, 2481, 2480
834, 2550, 2550, 2485, 2484
834, 2550, 2550, 2488, 2487
834, 2550, 2550, 2491, 2490
834, 2550, 2550, 2494, 2493
834, 2550, 2550, 2497, 2496
834, 2550, 2550, 2500, 2499
834, 2550, 2550, 2505, 2504
1925, 2550, 2550, 2508, 2507
1925, 2550, 2550, 2512, 2511
1925, 2550, 2550, 2515, 2514
1732, 2550, 2550, 2519, 2518
1732, 2550, 2550, 2522, 2522
1732, 2550, 2550, 2526, 2525
1909, 2550, 2550, 2529, 2528
1909, 2550, 2550, 2532, 2531
1909, 2550, 2550, 2535, 2534
1909, 2550, 2550, 2540, 2539
1893, 2550, 2550, 2545, 2544
1893, 2550, 2550, 2548, 2547
947, 2550, 2550, 2551, 2550
947, 2550, 2550, 2554, 2553
947, 2550, 2550, 2558, 2556
947, 2550, 2550, 2561, 2560
1881, 2550, 2550, 2565, 2564
1881, 2550, 2550, 2568, 2567
1881, 2550, 2550, 2571, 2570
1906, 2550, 2550, 2575, 2574
1906, 2550, 2550, 2580, 2578
778, 2550, 2550, 2584, 2582
778, 2550, 2550, 2588, 2586
778, 2550, 2550, 2591, 2589
778, 2550, 2550, 2593, 2592
2550, 2550, 2550, 2598, 2596
2550, 2550, 2550, 2600, 2599
2550, 2550, 2550, 2604, 2602
1874, 2550, 2550, 2607, 2605
1874, 2550, 2550, 2613, 2612
1748, 2550, 2550, 2617, 2616
1748, 2550, 2550, 2620, 2619
1748, 2550, 2550, 2624, 2622
1748, 2550, 2550, 2627, 2625
1748, 2550, 2550, 2630, 2628
2550, 2550, 2550, 2634, 2632
2550, 2550, 2550, 2637, 2636
2550, 2550, 2550, 2640, 2638
1849, 2550, 2550, 2643, 2642
1849, 2550, 2550, 2647, 2646
1849, 2550, 2550, 2650, 2649
1687, 2550, 2550, 2654, 2653
1687, 2550, 2550, 2657, 2656
1687, 2550, 2550, 2660, 2659
1687, 2550, 2550, 2663, 2662
2060, 2550, 2550, 2666, 2665
2060, 2550, 2550, 2670, 2669
2060, 2550, 2550, 2674, 2673
1849, 2550, 2550, 2677, 2676
1849, 2550, 2550, 2680, 2679
1849, 2550, 2550, 2684, 2683
1849, 2550, 2550, 2688, 2687
1849, 2550, 2550, 2692, 2691
1849, 2550, 2550, 2696, 2695
1849, 2550, 2550, 2699, 2698
1849, 2550, 2550, 2702, 2701
1849, 2550, 2550, 2706, 2704
1849, 2550, 2550, 2709, 2707
1837, 2550, 2550, 2712, 2710
1837, 2550, 2550, 2715, 2714
1837, 2550, 2550, 2718, 2718
1837, 2550, 2550, 2722, 2721
1706, 2550, 2550, 2727, 2726
1706, 2550, 2550, 2730, 2729
1706, 2550, 2550, 2733, 2732
2550, 2550, 2550, 2736, 2735
2550, 2550, 2550, 2739, 2738
2550, 2550, 2550, 2743, 2742
2550, 2550, 2550, 2746, 2745
1830, 2550, 2550, 2749, 2748
1830, 2550, 2550, 2752, 2752
1830, 2550, 2550, 2757, 2757
1678, 2550, 2550, 2762, 2762
1678, 2550, 2550, 2765, 2765
1436, 2550, 2550, 2769, 2768
1436, 2550, 2550, 2772, 2771
1436, 2550, 2550, 2775, 2774
1805, 2550, 2550, 2780, 2778
1805, 2550, 2550, 2783, 2782
1805, 2550, 2550, 2786, 2785
1805, 2550, 2550, 2789, 2788
1792, 2550, 2550, 2793, 2792
1792, 2550, 2550, 2797, 2796
1792, 2550, 2550, 2801, 2800
1792, 2550, 2550, 2805, 2804
2550, 2550, 2550, 2808, 2807
2550, 2550, 2550, 2811, 2810
2550, 2550, 2550, 2814, 2813
1783, 2550, 2550, 2818, 2817
1783, 2550, 2550, 2821, 2820
1783, 2550, 2550, 2824, 2822
1752, 2550, 2550, 2827, 2826
1752, 2550, 2550, 2830, 2830
1752, 2550, 2550, 2837, 2836
1389, 2550, 2550, 2840, 2839
1389, 2550, 2550, 2843, 2842
1389, 2550, 2550, 2846, 2845
1389, 2550, 2550, 2849, 2848
1748, 2550, 2550, 2854, 2852
1748, 2550, 2550, 2857, 2856
1748, 2550, 2550, 2860, 2859
2550, 2550, 2550, 2863, 2862
2550, 2550, 2550, 2866, 2866
2550, 2550, 2550, 2871, 2870
1825, 2550, 2550, 2874, 2873
1825, 2550, 2550, 2877, 2876
1825, 2550, 2550, 2880, 2879
1825, 2550, 2550, 2883, 2882
1825, 2550, 2550, 2887, 2886
1762, 2550, 2550, 2890, 2890
1762, 2550, 2550, 2894, 2892
1738, 2550, 2550, 2898, 2897
1738, 2550, 2550, 2902, 2901
1738, 2550, 2550, 2907, 2906
1267, 2550, 2550, 2910, 2909
1267, 2550, 2550, 2914, 2912
1267, 2550, 2550, 2916, 2915
2550, 2550, 2550, 2920, 2918
2550, 2550, 2550, 2923, 2921
2550, 2550, 2550, 2926, 2925
2550, 2550, 2550, 2929, 2928
2550, 2550, 2550, 2932, 2931
2550, 2550, 2550, 2936, 2934
2550, 2550, 2550, 2939, 2938
2550, 2550, 2550, 2944, 2942
2550, 2550, 2550, 2947, 2945
2550, 2550, 2550, 2950, 2948
1678, 2550, 2550, 2953, 2951
1678, 2550, 2550, 2956, 2954
1678, 2550, 2550, 2959, 2957
1694, 2550, 2550, 2963, 2961
1694, 2550, 2550, 2966, 2964
1694, 2550, 2550, 2969, 2967
1694, 2550, 2550, 2973, 2971
1478, 2550, 2550, 2976, 2974
1478, 2550, 2550, 2981, 2979
1478, 2550, 2550, 2984, 2982
1534, 2550, 2550, 2987, 2986
1534, 2550, 2550, 2990, 2988
1534, 2550, 2550, 2994, 2992
1693, 2550, 2550, 2996, 2994
1693, 2550, 2550, 3000, 2998
1693, 2550, 2550, 3003, 3001
1693, 2550, 2550, 3006, 3005
1678, 2550, 2550, 3010, 3008
1678, 2550, 2550, 3013, 3012
1261, 2550, 2550, 3017, 3016
1261, 2550, 2550, 3021, 3019
1261, 2550, 2550, 3024, 3022
1261, 2550, 2550, 3027, 3026
1261, 2550, 2550, 3030, 3029
1668, 2550, 2550, 3034, 3032
1668, 2550, 2550, 3037, 3036
1676, 2550, 2550, 3040, 3039
1676, 2550, 2550, 3046, 3045
1676, 2550, 2550, 3049, 3048
1389, 2550, 2550, 3053, 3052
1389, 2550, 2550, 3057, 3056
1671, 2550, 2550, 3060, 3059
1671, 2550, 2550, 3064, 3062
1671, 2550, 2550, 3067, 3066
1671, 2550, 2550, 3070, 3069
1642, 2550, 2550, 3073, 3072
1642, 2550, 2550, 3076, 3075
1642, 2550, 2550, 3080, 3079
1627, 2550, 2550, 3083, 3082
1627, 2550, 2550, 3087, 3086
1627, 2550, 2550, 3091, 3090
1353, 2550, 2550, 3094, 3093
1353, 2550, 2550, 3097, 3096
1353, 2550, 2550, 3100, 3099
1624, 2550, 2550, 3104, 3102
1624, 2550, 2550, 3107, 3106
1624, 2550, 2550, 3110, 3109
1624, 2550, 2550, 3114, 3112
1623, 2550, 2550, 3117, 3116
1623, 2550, 2550, 3120, 3120
1623, 2550, 2550, 3124, 3123
1597, 2550, 2550, 3129, 3128
1597, 2550, 2550, 3132, 3132
1597, 2550, 2550, 3135, 3135
1597, 2550, 2550, 3138, 3138
1603, 2550, 2550, 3142, 3141
1603, 2550, 2550, 3146, 3145
1611, 2550, 2550, 3149, 3148
1611, 2550, 440, 3153, 3152
1611, 2550, 440, 3156, 3155
1428, 2550, 440, 3160, 3158
1428, 2550, 440, 3165, 3164
1428, 2550, 440, 3168, 3168
2550, 2550, 440, 3174, 3173
2550, 2550, 440, 3179, 3178
1609, 2550, 440, 3185, 3184
1609, 2550, 420, 3189, 3188
1579, 2550, 420, 3194, 3194
1579, 2550, 420, 3198, 3198
1579, 2550, 420, 3203, 3202
1579, 2550, 420, 3206, 3206
1579, 2550, 420, 3210, 3209
1579, 2550, 420, 3213, 3214
1579, 2550, 420, 3217, 3217
1579, 2550, 420, 3221, 3220
1566, 2550, 420, 3225, 3224
1566, 2550, 420, 3228, 3227
1566, 2550, 420, 3232, 3230
1566, 2550, 420, 3237, 3236
1566, 2550, 420, 3240, 3239
1566, 2550, 420, 3244, 3243
1566, 2550, 420, 3248, 3247
1566, 2550, 420, 3251, 3250
1566, 2550, 420, 3255, 3254
1559, 2550, 420, 3258, 3257
1559, 2550, 440, 3264, 3262
1271, 2550, 440, 3267, 3267
1271, 2550, 440, 3272, 3271
1559, 2550, 440, 3278, 3276
1559, 2550, 440, 3280, 3279
1559, 2550, 440, 3285, 3284
1549, 2550, 440, 3289, 3287
1549, 2550, 2550, 3296, 3294
1537, 2550, 2550, 3299, 3298
1537, 2550, 2550, 3304, 3302
1537, 2550, 2550, 3309, 3306
2550, 2550, 2550, 3313, 3310
2550, 2550, 2550, 3316, 3313
2550, 2550, 2550, 3319, 3317
1529, 2550, 2550, 3324, 3322
1529, 2550, 2550, 3328, 3326
1525, 2550, 2550, 3336, 3334
1525, 2550, 2550, 3341, 3339
1525, 2550, 2550, 3344, 3342
1525, 2550, 2550, 3348, 3347
1525, 2550, 2550, 3354, 3352
1525, 2550, 2550, 3358, 3356
1525, 2550, 2550, 3362, 3360
1525, 2550, 2550, 3365, 3363
1512, 2550, 560, 3369, 3371
1505, 2550, 560, 3377, 3375
1505, 2550, 560, 3380, 3380
1505, 2550, 560, 3385, 3384
1756, 2550, 560, 3390, 3389
1756, 2550, 560, 3393, 3392
1756, 2550, 560, 3397, 3396
1525, 2550, 560, 3401, 3400
1482, 2550, 2550, 3408, 3408
1482, 2550, 2550, 3413, 3412
1482, 2550, 2550, 3418, 3417
1486, 2550, 2550, 3423, 3422
1486, 2550, 2550, 3427, 3426
1506, 2550, 2550, 3433, 3431
1506, 2550, 2550, 3436, 3434
1506, 2550, 2550, 3440, 3439
1480, 2550, 2550, 3447, 3446
1480, 2550, 2550, 3451, 3450
1480, 2550, 2550, 3454, 3453
1480, 2550, 2550, 3458, 3458
1480, 2550, 2550, 3462, 3462
1480, 2550, 2550, 3466, 3465
1480, 2550, 2550, 3469, 3468
1460, 2550, 2550, 3473, 3472
1460, 2550, 2550, 3478, 3477
1460, 2550, 2550, 3483, 3482
1444, 2550, 2550, 3486, 3486
1444, 2550, 2550, 3489, 3488
1444, 2550, 2550, 3492, 3492
1437, 2550, 2550, 3496, 3495
1437, 2550, 2550, 3500, 3499
1437, 2550, 2550, 3503, 3502
1456, 2550, 2550, 3506, 3505
1456, 2550, 2550, 3510, 3508
1456, 2550, 2550, 3513, 3512
835, 2550, 2550, 3517, 3516
835, 2550, 2550, 3520, 3520
835, 2550, 2550, 3524, 3523
1387, 2550, 2550, 3527, 3526
1387, 2550, 2550, 3532, 3531
1428, 2550, 2550, 3536, 3535
1428, 2550, 2550, 3539, 3538
1428, 2550, 2550, 3542, 3541
1420, 2550, 2550, 3548, 3548
1420, 2550, 2550, 3551, 3551
1420, 2550, 2550, 3556, 3555
1420, 2550, 2550, 3559, 3558
1420, 2550, 2550, 3562, 3560
1420, 2550, 2550, 3565, 3564
1420, 2550, 2550, 3568, 3567
1420, 2550, 2550, 3572, 3570
1404, 2550, 2550, 3575, 3574
1404, 2550, 2550, 3578, 3576
1404, 2550, 2550, 3581, 3580
1405, 2550, 2550, 3585, 3584
1405, 2550, 2550, 3589, 3588
1405, 2550, 2550, 3592, 3591
1434, 2550, 2550, 3595, 3594
1434, 2550, 2550, 3598, 3597
1434, 2550, 2550, 3603, 3602
1434, 2550, 2550, 3606, 3605
1385, 2550, 2550, 3610, 3609
1385, 2550, 2550, 3613, 3612
1385, 2550, 2550, 3616, 3615
1412, 2550, 2550, 3621, 3620
1412, 2550, 2550, 3625, 3624
1412, 2550, 2550, 3628, 3627
1412, 2550, 2550, 3632, 3630
1412, 2550, 2550, 3635, 3633
1412, 2550, 2550, 3638, 3637
1412, 2550, 2550, 3642, 3640
1412, 2550, 2550, 3645, 3644
1412, 2550, 2550, 3649, 3647
1376, 2550, 2550, 3651, 3650
1376, 2550, 2550, 3655, 3653
773, 2550, 2550, 3658, 3656
773, 2550, 2550, 3661, 3660
773, 2550, 2550, 3665, 3663
773, 2550, 2550, 3668, 3666
1506, 2550, 2550, 3671, 3670
1506, 2550, 2550, 3675, 3673
1506, 2550, 2550, 3678, 3676
1366, 2550, 2550, 3682, 3680
1366, 2550, 2550, 3685, 3683
1366, 2550, 2550, 3688, 3686
1353, 2550, 2550, 3691, 3689
1353, 2550, 480, 3694, 3692
1353, 2550, 480, 3700, 3698
1353, 2550, 480, 3703, 3701
1353, 2550, 480, 3706, 3704
1353, 2550, 480, 3709, 3707
1353, 2550, 480, 3714, 3712
1353, 2550, 480, 3718, 3716
1353, 2550, 480, 3721, 3719
1351, 2550, 480, 3724, 3722
1351, 2550, 480, 3728, 3726
1351, 2550, 470, 3731, 3730
1353, 2550, 470, 3735, 3734
1353, 2550, 470, 3738, 3737
1353, 2550, 470, 3741, 3740
1353, 2550, 470, 3744, 3743
1353, 2550, 470, 3748, 3747
1353, 2550, 470, 3751, 3750
1353, 2550, 470, 3755, 3754
1353, 2550, 470, 3758, 3757
1317, 2550, 470, 3762, 3761
1317, 2550, 2550, 3768, 3767
1317, 2550, 2550, 3771, 3770
1324, 2550, 2550, 3775, 3774
1324, 2550, 2550, 3778, 3777
1324, 2550, 2550, 3781, 3780
1309, 2550, 2550, 3784, 3784
1309, 2550, 2550, 3788, 3787
1316, 2550, 2550, 3792, 3790
1316, 2550, 2550, 3794, 3794
1316, 2550, 2550, 3798, 3797
1316, 2550, 490, 3804, 3802
1316, 2550, 490, 3807, 3806
1316, 2550, 490, 3810, 3809
1316, 2550, 490, 3813, 3812
2550, 2550, 490, 3816, 3815
2550, 2550, 490, 3821, 3820
2550, 2550, 490, 3824, 3823
1293, 2550, 490, 3828, 3827
1293, 2550, 490, 3831, 3830
1293, 2550, 490, 3834, 3833
1281, 2550, 480, 3838, 3836
1281, 2550, 480, 3841, 3840
1281, 2550, 480, 3844, 3844
1281, 2550, 480, 3848, 3847
1281, 2550, 480, 3851, 3850
1281, 2550, 480, 3854, 3853
1281, 2550, 480, 3858, 3857
1281, 2550, 480, 3861, 3860
1281, 2550, 480, 3866, 3864
1269, 2550, 480, 3869, 3868
1269, 2550, 2550, 3872, 3871
1269, 2550, 2550, 3876, 3874
802, 2550, 2550, 3879, 3878
802, 2550, 2550, 3883, 3882
802, 2550, 2550, 3887, 3886
1278, 2550, 2550, 3890, 3888
1278, 2550, 2550, 3893, 3892
1278, 2550, 2550, 3896, 3895
1267, 2550, 2550, 3900, 3899
1267, 2550, 2550, 3903, 3902
1267, 2550, 2550, 3906, 3905
1265, 2550, 2550, 3912, 3911
1265, 2550, 2550, 3916, 3915
792, 2550, 2550, 3919, 3918
792, 2550, 2550, 3922, 3922
792, 2550, 2550, 3925, 3924
1262, 2550, 2550, 3928, 3927
1262, 2550, 2550, 3933, 3932
1246, 2550, 2550, 3936, 3935
1246, 2550, 2550, 3939, 3938
1246, 2550, 2550, 3943, 3942
1020, 2550, 2550, 3946, 3945
1020, 2550, 2550, 3950, 3948
1020, 2550, 2550, 3953, 3952
1000, 2550, 2550, 3956, 3956
1000, 2550, 2550, 3960, 3958
1000, 2550, 2550, 3963, 3962
1000, 2550, 2550, 3966, 3965
1227, 2550, 2550, 3970, 3969
1227, 2550, 2550, 3974, 3972
1236, 2550, 2550, 3977, 3976
1236, 2550, 480, 3981, 3980
1236, 2550, 480, 3985, 3984
835, 2550, 480, 3988, 3987
835, 2550, 480, 3991, 3990
835, 2550, 480, 3995, 3994
1227, 2550, 480, 3998, 3997
1227, 2550, 480, 4002, 4000
1236, 2550, 480, 4007, 4005
1236, 2550, 480, 4010, 4008
1236, 2550, 480, 4013, 4012
1227, 2550, 2550, 4017, 4016
1227, 2550, 2550, 4020, 4018
1227, 2550, 2550, 4023, 4022
925, 2550, 2550, 4026, 4025
925, 2550, 2550, 4030, 4028
925, 2550, 2550, 4033, 4031
1198, 2550, 2550, 4036, 4034
1198, 2550, 2550, 4039, 4038
1198, 2550, 2550, 4043, 4042
1210, 2550, 2550, 4046, 4045
1210, 2550, 2550, 4050, 4048
1210, 2550, 2550, 4056, 4055
1210, 2550, 2550, 4060, 4058
1210, 2550, 2550, 4063, 4061
1210, 2550, 2550, 4067, 4065
1210, 2550, 2550, 4070, 4068
1210, 2550, 2550, 4073, 4071
1182, 2550, 2550, 4076, 4075
1182, 2550, 2550, 4080, 4078
1182, 2550, 2550, 4083, 4082
1191, 2550, 2550, 4087, 4086
1191, 2550, 2550, 4090, 4089
1191, 2550, 2550, 4094, 4093
1191, 2550, 2550, 4097, 4096
1191, 2550, 2550, 4100, 4099
1191, 2550, 2550, 4104, 4103
1191, 2550, 2550, 4107, 4106
1191, 2550, 2550, 4110, 4109
1155, 2550, 2550, 4114, 4113
1155, 2550, 2550, 4117, 4116
1155, 2550, 2550, 4120, 4119
1174, 2550, 2550, 4124, 4123
1174, 2550, 2550, 4128, 4126
1174, 2550, 2550, 4131, 4130
1174, 2550, 2550, 4134, 4133
1174, 2550, 2550, 4137, 4136
1174, 2550, 2550, 4140, 4139
1174, 2550, 2550, 4144, 4142
1174, 2550, 2550, 4147, 4146
1174, 2550, 2550, 4151, 4150
1174, 2550, 2550, 4154, 4152
1162, 2550, 2550, 4157, 4156
1162, 2550, 2550, 4162, 4161
762, 2550, 2550, 4165, 4164
762, 2550, 2550, 4168, 4167
762, 2550, 2550, 4171, 4170
1154, 2550, 2550, 4174, 4174
1154, 2550, 2550, 4178, 4178
1154, 2550, 2550, 4181, 4180
1139, 2550, 2550, 4185, 4184
1139, 2550, 2550, 4188, 4188
1139, 2550, 2550, 4191, 4190
1129, 2550, 2550, 4196, 4195
1129, 2550, 2550, 4201, 4200
827, 2550, 2550, 4205, 4204
827, 2550, 2550, 4208, 4208
827, 2550, 2550, 4212, 4210
1130, 2550, 2550, 4215, 4214
1130, 2550, 2550, 4218, 4217
1130, 2550, 2550, 4223, 4222
1122, 2550, 2550, 4226, 4225
1122, 2550, 2550, 4230, 4228
1121, 2550, 2550, 4234, 4232
1121, 2550, 2550, 4237, 4236
1121, 2550, 2550, 4240, 4239
1295, 2550, 2550, 4244, 4243
1295, 2550, 2550, 4247, 4246
1295, 2550, 2550, 4251, 4251
1295, 2550, 2550, 4254, 4254
1092, 2550, 2550, 4258, 4258
1092, 2550, 2550, 4262, 4261
1113, 2550, 2550, 4265, 4264
1113, 2550, 2550, 4269, 4268
1114, 2550, 2550, 4272, 4271
1114, 2550, 2550, 4276, 4275
1114, 2550, 2550, 4279, 4278
796, 2550, 2550, 4282, 4281
796, 2550, 2550, 4285, 4284
796, 2550, 2550, 4288, 4288
796, 2550, 2550, 4292, 4290
796, 2550, 2550, 4295, 4294
796, 2550, 2550, 4299, 4298
796, 2550, 2550, 4302, 4302
796, 2550, 2550, 4306, 4305
796, 2550, 2550, 4310, 4308
796, 2550, 2550, 4312, 4312
796, 2550, 2550, 4316, 4315
347, 2550, 2550, 4319, 4318
347, 2550, 2550, 4322, 4322
347, 2550, 2550, 4325, 4324
347, 2550, 2550, 4328, 4328
347, 2550, 2550, 4332, 4331
347, 2550, 2550, 4335, 4335
1070, 2550, 2550, 4339, 4338
1070, 2550, 2550, 4344, 4343
1070, 2550, 2550, 4348, 4346
1070, 2550, 2550, 4351, 4350
1070, 2550, 2550, 4355, 4354
1070, 2550, 2550, 4358, 4356
1070, 2550, 2550, 4362, 4360
1070, 2550, 2550, 4365, 4363
1076, 2550, 2550, 4368, 4366
1076, 2550, 2550, 4372, 4370
1076, 2550, 2550, 4375, 4374
1084, 2550, 2550, 4379, 4378
1084, 2550, 2550, 4382, 4381
1084, 2550, 2550, 4385, 4384
1083, 2550, 2550, 4388, 4387
1083, 2550, 2550, 4392, 4390
1083, 2550, 2550, 4396, 4394
1060, 2550, 2550, 4399, 4398
1060, 2550, 2550, 4402, 4400
1053, 2550, 2550, 4406, 4404
1053, 2550, 2550, 4410, 4408
1053, 2550, 2550, 4413, 4411
1558, 2550, 2550, 4417, 4416
1558, 2550, 2550, 4420, 4418
1558, 2550, 2550, 4424, 4422
772, 2550, 2550, 4427, 4425
772, 2550, 2550, 4430, 4428
772, 2550, 2550, 4434, 4432
1036, 2550, 2550, 4437, 4436
1036, 2550, 2550, 4440, 4438
1036, 2550, 2550, 4444, 4443
1036, 2550, 2550, 4447, 4447
1036, 2550, 2550, 4451, 4450
1036, 2550, 2550, 4454, 4454
1201, 2550, 2550, 4458, 4457
1201, 2550, 2550, 4461, 4460
1201, 2550, 2550, 4464, 4463
1024, 2550, 2550, 4467, 4466
1024, 2550, 2550, 4471, 4470
1024, 2550, 2550, 4474, 4473
1007, 2550, 2550, 4477, 4476
1007, 2550, 2550, 4481, 4480
1007, 2550, 2550, 4485, 4484
1012, 2550, 2550, 4492, 4490
1020, 2550, 2550, 4495, 4494
1020, 2550, 2550, 4498, 4497
1020, 2550, 2550, 4501, 4499
1020, 2550, 2550, 4504, 4503
1000, 2550, 2550, 4508, 4506
1000, 2550, 2550, 4511, 4510
1000, 2550, 2550, 4515, 4514
1001, 2550, 2550, 4518, 4517
1001, 2550, 2550, 4521, 4520
1022, 2550, 2550, 4526, 4525
1022, 2550, 2550, 4529, 4528
1022, 2550, 2550, 4532, 4531
1000, 2550, 2550, 4535, 4534
1000, 2550, 2550, 4539, 4538
1000, 2550, 2550, 4542, 4541
1006, 2550, 2550, 4545, 4544
1006, 2550, 2550, 4548, 4547
1006, 2550, 2550, 4552, 4551
984, 2550, 2550, 4555, 4555
984, 2550, 2550, 4558, 4558
984, 2550, 2550, 4563, 4562
984, 2550, 2550, 4566, 4566
984, 2550, 2550, 4569, 4568
672, 2550, 2550, 4572, 4572
672, 2550, 2550, 4575, 4575
672, 2550, 2550, 4579, 4578
672, 2550, 2550, 4582, 4582
672, 2550, 2550, 4585, 4585
970, 2550, 2550, 4590, 4590
970, 2550, 2550, 4594, 4593
970, 2550, 2550, 4597, 4597
970, 2550, 2550, 4601, 4600
970, 2550, 2550, 4605, 4604
970, 2550, 2550, 4608, 4607
992, 2550, 2550, 4612, 4611
992, 2550, 2550, 4615, 4614
962, 2550, 2550, 4618, 4618
962, 2550, 2550, 4622, 4621
962, 2550, 2550, 4625, 4624
968, 2550, 2550, 4629, 4628
968, 2550, 2550, 4636, 4634
968, 2550, 2550, 4639, 4638
968, 2550, 2550, 4642, 4641
968, 2550, 2550, 4645, 4644
968, 2550, 2550, 4648, 4647
968, 2550, 2550, 4651, 4650
968, 2550, 2550, 4655, 4654
947, 2550, 2550, 4658, 4658
947, 2550, 2550, 4662, 4662
947, 2550, 2550, 4665, 4665
947, 2550, 2550, 4668, 4668
947, 2550, 2550, 4673, 4672
947, 2550, 2550, 4676, 4676
947, 2550, 2550, 4679, 4678
947, 2550, 2550, 4682, 4682
947, 2550, 2550, 4685, 4684
947, 2550, 2550, 4689, 4688
947, 2550, 2550, 4691, 4691
933, 2550, 2550, 4694, 4694
933, 2550, 2550, 4699, 4698
933, 2550, 2550, 4702, 4701
933, 2550, 2550, 4705, 4704
933, 2550, 2550, 4709, 4708
933, 2550, 2550, 4712, 4711
933, 2550, 2550, 4715, 4714
933, 2550, 2550, 4718, 4717
933, 2550, 2550, 4722, 4721
931, 2550, 2550, 4726, 4725
931, 2550, 2550, 4729, 4728
931, 2550, 2550, 4733, 4732
931, 2550, 2550, 4736, 4735
968, 2550, 2550, 4740, 4738
968, 2550, 2550, 4743, 4742
968, 2550, 2550, 4748, 4746
968, 2550, 2550, 4751, 4749
968, 2550, 2550, 4754, 4752
968, 2550, 2550, 4757, 4756
968, 2550, 2550, 4761, 4759
968, 2550, 2550, 4764, 4762
968, 2550, 2550, 4767, 4765
902, 2550, 2550, 4772, 4770
902, 2550, 2550, 4776, 4774
902, 2550, 2550, 4781, 4779
491, 2550, 2550, 4785, 4782
491, 2550, 2550, 4788, 4786
491, 2550, 2550, 4791, 4789
491, 2550, 2550, 4794, 4792
491, 2550, 2550, 4798, 4796
491, 2550, 2550, 4801, 4799
925, 2550, 2550, 4804, 4802
925, 2550, 2550, 4808, 4806
925, 2550, 2550, 4811, 4810
925, 2550, 2550, 4815, 4813
925, 2550, 2550, 4817, 4816
347, 2550, 2550, 4821, 4819
347, 2550, 2550, 4824, 4822
347, 2550, 2550, 4827, 4826
347, 2550, 2550, 4830, 4829
347, 2550, 2550, 4833, 4832
347, 2550, 2550, 4837, 4836
907, 2550, 2550, 4840, 4839
907, 2550, 2550, 4844, 4843
907, 2550, 2550, 4848, 4846
804, 2550, 2550, 4852, 4851
804, 2550, 2550, 4856, 4855
796, 2550, 2550, 4860, 4858
796, 2550, 2550, 4863, 4862
796, 2550, 2550, 4866, 4864
901, 2550, 2550, 4869, 4868
901, 2550, 2550, 4872, 4871
901, 2550, 2550, 4875, 4874
885, 2550, 2550, 4880, 4879
885, 2550, 2550, 4884, 4883
885, 2550, 2550, 4887, 4886
885, 2550, 2550, 4890, 4889
567, 2550, 2550, 4894, 4892
567, 2550, 2550, 4897, 4895
567, 2550, 2550, 4900, 4898
567, 2550, 2550, 4903, 4902
567, 2550, 2550, 4906, 4905
567, 2550, 2550, 4910, 4908
856, 2550, 2550, 4913, 4912
856, 2550, 2550, 4917, 4916
856, 2550, 2550, 4922, 4922
856, 2550, 2550, 4925, 4924
856, 2550, 2550, 4930, 4929
856, 2550, 2550, 4933, 4932
856, 2550, 2550, 4936, 4935
856, 2550, 2550, 4939, 4938
845, 2550, 2550, 4942, 4942
845, 2550, 2550, 4946, 4945
901, 2550, 2550, 4949, 4948
901, 2550, 2550, 4953, 4952
901, 2550, 2550, 4957, 4956
818, 2550, 2550, 4960, 4959
818, 2550, 2550, 4964, 4963
818, 2550, 2550, 4968, 4966
925, 2550, 2550, 4971, 4970
925, 2550, 2550, 4975, 4974
871, 2550, 2550, 4978, 4977
871, 2550, 2550, 4981, 4980
871, 2550, 2550, 4985, 4983
826, 2550, 2550, 4988, 4987
826, 2550, 2550, 4992, 4991
826, 2550, 2550, 4996, 4995
826, 2550, 2550, 4999, 4998
826, 2550, 2550, 5002, 5002
826, 2550, 2550, 5005, 5004
826, 2550, 2550, 5008, 5007
826, 2550, 2550, 5012, 5011
849, 2550, 2550, 5015, 5014
849, 2550, 2550, 5018, 5016
849, 2550, 2550, 5021, 5020
855, 2550, 2550, 5025, 5024
855, 2550, 2550, 5028, 5028
855, 2550, 2550, 5031, 5031
894, 2550, 2550, 5035, 5034
894, 2550, 2550, 5038, 5038
894, 2550, 2550, 5041, 5041
893, 2550, 2550, 5044, 5044
893, 2550, 2550, 5047, 5047
893, 2550, 2550, 5050, 5050
856, 2550, 2550, 5053, 5053
856, 2550, 2550, 5057, 5057
864, 2550, 2550, 5061, 5060
864, 2550, 2550, 5067, 5067
855, 2550, 2550, 5071, 5070
855, 2550, 2550, 5075, 5074
855, 2550, 2550, 5078, 5077
855, 2550, 2550, 5081, 5080
861, 2550, 2550, 5084, 5084
861, 2550, 2550, 5087, 5086
861, 2550, 2550, 5091, 5090
861, 2550, 2550, 5095, 5094
861, 2550, 2550, 5098, 5096
861, 2550, 2550, 5102, 5100
861, 2550, 2550, 5105, 5104
744, 2550, 2550, 5108, 5106
744, 2550, 2550, 5112, 5110
744, 2550, 2550, 5115, 5114
744, 2550, 2550, 5119, 5117
744, 2550, 2550, 5122, 5120
839, 2550, 2550, 5125, 5123
839, 2550, 2550, 5128, 5126
839, 2550, 2550, 5132, 5130
839, 2550, 2550, 5136, 5134
839, 2550, 2550, 5140, 5138
839, 2550, 2550, 5144, 5141
839, 2550, 2550, 5146, 5144
839, 2550, 2550, 5150, 5148
839, 2550, 2550, 5153, 5151
831, 2550, 2550, 5156, 5155
831, 2550, 2550, 5159, 5158
818, 2550, 2550, 5162, 5161
818, 2550, 2550, 5167, 5165
818, 2550, 2550, 5170, 5168
754, 910, 2550, 5175, 5174
754, 910, 2550, 5179, 5177
754, 910, 2550, 5182, 5180
754, 910, 2550, 5185, 5183
754, 910, 2550, 5188, 5186
754, 910, 2550, 5192, 5190
754, 910, 2550, 5195, 5193
754, 910, 2550, 5198, 5196
808, 910, 2550, 5201, 5199
808, 910, 2550, 5206, 5204
808, 910, 2550, 5212, 5210
808, 910, 2550, 5215, 5214
698, 910, 2550, 5218, 5217
698, 910, 2550, 5221, 5220
698, 910, 2550, 5225, 5224
698, 910, 2550, 5228, 5227
698, 910, 2550, 5231, 5230
698, 910, 2550, 5234, 5234
788, 910, 2550, 5237, 5236
788, 910, 2550, 5241, 5240
788, 910, 2550, 5244, 5244
788, 950, 2550, 5248, 5247
788, 950, 2550, 5252, 5251
788, 950, 2550, 5255, 5254
788, 950, 2550, 5258, 5257
788, 950, 2550, 5262, 5261
771, 950, 2550, 5265, 5264
771, 950, 2550, 5268, 5267
757, 950, 2550, 5271, 5270
757, 950, 2550, 5275, 5274
757, 950, 2550, 5278, 5278
757, 860, 2550, 5283, 5282
757, 860, 2550, 5286, 5285
757, 860, 2550, 5289, 5288
757, 860, 2550, 5292, 5291
757, 860, 2550, 5295, 5294
757, 860, 2550, 5299, 5298
757, 860, 2550, 5302, 5301
757, 860, 2550, 5305, 5304
757, 860, 2550, 5308, 5307
757, 860, 2550, 5312, 5311
757, 860, 2550, 5316, 5314
757, 660, 2550, 5320, 5318
757, 660, 2550, 5323, 5322
666, 660, 2550, 5326, 5325
666, 660, 2550, 5329, 5328
666, 660, 2550, 5333, 5332
666, 660, 2550, 5336, 5335
666, 660, 2550, 5339, 5338
666, 660, 2550, 5342, 5341
666, 660, 2550, 5349, 5348
555, 660, 2550, 5352, 5351
555, 640, 2550, 5358, 5358
736, 640, 2550, 5361, 5361
736, 640, 2550, 5364, 5364
736, 640, 2550, 5368, 5367
734, 640, 2550, 5371, 5370
734, 640, 2550, 5374, 5374
730, 640, 2550, 5378, 5377
730, 640, 2550, 5381, 5380
730, 640, 2550, 5384, 5383
641, 640, 2550, 5388, 5387
641, 630, 2550, 5392, 5391
730, 630, 2550, 5396, 5394
730, 630, 2550, 5399, 5398
730, 630, 2550, 5402, 5401
730, 630, 2550, 5406, 5404
705, 630, 2550, 5409, 5408
705, 630, 2550, 5412, 5411
712, 630, 2550, 5415, 5414
712, 630, 2550, 5419, 5418
712, 630, 2550, 5422, 5421
590, 630, 2550, 5427, 5427
704, 630, 2550, 5431, 5431
704, 630, 2550, 5434, 5434
704, 630, 2550, 5438, 5436
704, 630, 2550, 5441, 5440
704, 630, 2550, 5445, 5444
704, 630, 2550, 5448, 5446
687, 630, 2550, 5451, 5450
687, 630, 2550, 5454, 5453
687, 630, 2550, 5457, 5456
680, 630, 2550, 5461, 5460
680, 630, 2550, 5465, 5464
680, 630, 2550, 5468, 5467
680, 630, 2550, 5471, 5470
680, 630, 2550, 5474, 5473
680, 630, 2550, 5478, 5476
679, 630, 2550, 5482, 5479
679, 630, 2550, 5485, 5482
674, 630, 2550, 5488, 5486
674, 630, 2550, 5491, 5489
674, 630, 2550, 5494, 5492
590, 620, 2550, 5499, 5498
666, 620, 2550, 5504, 5502
666, 620, 2550, 5507, 5505
666, 620, 2550, 5510, 5508
666, 620, 2550, 5513, 5511
662, 620, 2550, 5517, 5515
662, 620, 2550, 5520, 5518
662, 620, 2550, 5523, 5521
662, 620, 2550, 5526, 5525
662, 620, 2550, 5530, 5528
662, 620, 2550, 5534, 5533
662, 610, 2550, 5538, 5536
662, 610, 2550, 5541, 5540
662, 610, 2550, 5544, 5542
662, 610, 2550, 5548, 5546
662, 610, 2550, 5550, 5549
662, 610, 2550, 5554, 5553
662, 610, 2550, 5557, 5556
475, 610, 2550, 5561, 5559
475, 610, 2550, 5564, 5563
326, 610, 2550, 5568, 5566
326, 590, 2550, 5572, 5570
326, 590, 2550, 5575, 5574
630, 590, 2550, 5578, 5577
630, 590, 2550, 5581, 5580
630, 590, 2550, 5584, 5583
622, 590, 2550, 5587, 5586
622, 590, 2550, 5591, 5590
618, 590, 2550, 5594, 5593
618, 590, 2550, 5597, 5596
517, 590, 2550, 5603, 5602
517, 590, 2550, 5607, 5606
614, 590, 2550, 5611, 5609
614, 590, 2550, 5614, 5612
614, 590, 2550, 5617, 5616
609, 590, 2550, 5620, 5619
609, 590, 2550, 5623, 5622
603, 590, 2550, 5627, 5626
603, 590, 2550, 5630, 5629
603, 590, 2550, 5634, 5632
595, 590, 2550, 5637, 5636
595, 590, 2550, 5640, 5641
595, 570, 2550, 5647, 5646
595, 570, 2550, 5651, 5650
595, 570, 2550, 5654, 5653
595, 570, 2550, 5657, 5656
595, 570, 2550, 5660, 5659
586, 570, 2550, 5665, 5664
586, 570, 2550, 5668, 5667
582, 570, 2550, 5672, 5671
582, 570, 2550, 5675, 5674
582, 570, 2550, 5678, 5677
580, 570, 2550, 5682, 5681
580, 570, 2550, 5686, 5685
578, 570, 2550, 5689, 5688
578, 570, 2550, 5692, 5691
578, 570, 2550, 5695, 5694
563, 570, 2550, 5698, 5698
563, 570, 2550, 5702, 5701
563, 570, 2550, 5705, 5704
567, 570, 2550, 5708, 5707
567, 570, 2550, 5713, 5712
380, 550, 2550, 5717, 5716
561, 550, 2550, 5722, 5721
561, 550, 2550, 5726, 5724
561, 550, 2550, 5728, 5727
553, 550, 2550, 5732, 5730
553, 550, 2550, 5735, 5734
553, 550, 2550, 5738, 5738
267, 550, 2550, 5742, 5741
267, 550, 2550, 5745, 5744
267, 550, 2550, 5748, 5748
267, 530, 2550, 5752, 5751
267, 530, 2550, 5756, 5755
267, 530, 2550, 5760, 5758
267, 530, 2550, 5763, 5761
267, 530, 2550, 5766, 5764
267, 530, 2550, 5769, 5766
527, 530, 2550, 5773, 5769
527, 530, 2550, 5776, 5771
527, 530, 1000, 5779, 5774
527, 530, 1000, 5783, 5776
553, 510, 1000, 5788, 5779
553, 510, 1000, 5792, 5782
553, 510, 1000, 5795, 5784
519, 510, 1000, 5798, 5787
519, 510, 1000, 5802, 5789
515, 510, 1000, 5805, 5792
515, 510, 1000, 5809, 5796
515, 510, 1000, 5813, 5798
510, 510, 2550, 5816, 5802
510, 510, 2550, 5819, 5805
504, 490, 2550, 5823, 5808
504, 490, 2550, 5826, 5812
515, 490, 2550, 5830, 5816
515, 490, 2550, 5833, 5820
515, 490, 2550, 5836, 5823
506, 490, 2550, 5840, 5826
506, 490, 2550, 5843, 5830
506, 490, 2550, 5846, 5833
506, 490, 2550, 5850, 5837
506, 490, 2550, 5853, 5840
506, 490, 2550, 5857, 5843
506, 480, 2550, 5860, 5846
506, 480, 2550, 5863, 5849
506, 480, 2550, 5867, 5854
506, 480, 2550, 5870, 5857
506, 480, 2550, 5874, 5860
492, 480, 2550, 5878, 5864
492, 480, 2550, 5881, 5867
235, 480, 2550, 5885, 5870
235, 480, 840, 5888, 5874
235, 480, 840, 5891, 5877
483, 450, 840, 5895, 5881
483, 450, 840, 5898, 5884
483, 450, 840, 5901, 5887
483, 450, 840, 5905, 5890
483, 450, 840, 5908, 5893
469, 450, 840, 5911, 5896
469, 450, 840, 5914, 5899
464, 450, 840, 5918, 5903
464, 450, 840, 5922, 5907
460, 450, 820, 5926, 5910
460, 450, 820, 5929, 5914
460, 440, 820, 5934, 5919
456, 440, 820, 5937, 5922
456, 440, 820, 5941, 5926
452, 440, 820, 5944, 5930
452, 440, 820, 5947, 5933
452, 440, 820, 5951, 5937
452, 440, 820, 5954, 5940
452, 440, 820, 5958, 5944
448, 440, 810, 5961, 5947
448, 440, 810, 5965, 5950
443, 420, 810, 5968, 5954
443, 420, 810, 5971, 5957
443, 420, 810, 5974, 5960
428, 420, 810, 5979, 5965
428, 420, 810, 5982, 5968
376, 420, 810, 5985, 5971
376, 420, 810, 5988, 5974
376, 420, 810, 5991, 5977
433, 420, 790, 5995, 5981
433, 420, 790, 5998, 5984
425, 400, 790, 6002, 5988
425, 400, 790, 6006, 5992
425, 400, 790, 6008, 5995
425, 400, 790, 6013, 5999
425, 400, 790, 6017, 6004
425, 400, 790, 6020, 6007
425, 400, 790, 6023, 6010
425, 400, 790, 6026, 6012
425, 400, 790, 6031, 6017
425, 400, 780, 6034, 6020
401, 400, 780, 6037, 6023
401, 380, 780, 6040, 6026
217, 380, 780, 6045, 6030
217, 380, 780, 6048, 6034
217, 380, 780, 6052, 6038
399, 380, 780, 6056, 6041
399, 380, 780, 6059, 6044
392, 380, 780, 6063, 6048
392, 380, 780, 6066, 6051
391, 380, 760, 6070, 6055
391, 380, 760, 6073, 6058
391, 360, 760, 6079, 6064
383, 360, 760, 6082, 6066
383, 360, 760, 6085, 6070
385, 360, 760, 6090, 6074
385, 360, 760, 6093, 6077
376, 360, 760, 6096, 6080
376, 360, 760, 6098, 6083
376, 360, 760, 6102, 6087
372, 360, 740, 6106, 6090
372, 360, 740, 6109, 6094
374, 350, 740, 6112, 6097
374, 350, 740, 6115, 6100
374, 350, 740, 6118, 6104
370, 350, 740, 6123, 6108
370, 350, 740, 6127, 6112
324, 350, 740, 6130, 6115
324, 350, 740, 6133, 6118
357, 350, 740, 6137, 6121
357, 350, 250, 6140, 6125
357, 350, 250, 6144, 6128
353, 330, 250, 6147, 6132
353, 330, 250, 6150, 6135
349, 330, 250, 6153, 6138
349, 330, 250, 6156, 6141
349, 330, 250, 6160, 6146
349, 330, 250, 6164, 6148
349, 330, 250, 6167, 6152
340, 330, 250, 6170, 6154
340, 330, 250, 6174, 6158
338, 330, 730, 6177, 6162
338, 330, 730, 6181, 6165
338, 310, 730, 6184, 6168
334, 310, 730, 6188, 6172
334, 310, 730, 6191, 6175
334, 310, 730, 6194, 6178
330, 310, 730, 6198, 6182
330, 310, 730, 6201, 6185
326, 310, 730, 6204, 6188
326, 310, 730, 6207, 6191
321, 310, 700, 6211, 6194
321, 310, 700, 6214, 6198
321, 310, 700, 6218, 6201
321, 290, 700, 6224, 6207
321, 290, 700, 6227, 6210
321, 290, 700, 6230, 6214
321, 290, 700, 6235, 6218
320, 290, 700, 6238, 6222
320, 290, 700, 6241, 6225
322, 290, 700, 6244, 6228
322, 290, 220, 6248, 6231
322, 290, 220, 6251, 6235
304, 280, 220, 6256, 6239
304, 280, 220, 6259, 6242
304, 280, 220, 6262, 6246
304, 280, 220, 6265, 6249
304, 280, 220, 6269, 6253
296, 280, 220, 6273, 6256
296, 280, 220, 6276, 6259
289, 280, 220, 6279, 6262
289, 280, 220, 6282, 6266
288, 280, 700, 6286, 6270
288, 280, 700, 6289, 6274
280, 260, 700, 6293, 6278
280, 260, 700, 6296, 6281
280, 260, 700, 6298, 6284
280, 260, 700, 6302, 6287
280, 260, 700, 6307, 6292
273, 260, 700, 6310, 6295
273, 260, 700, 6313, 6297
271, 260, 700, 6316, 6300
271, 260, 630, 6319, 6302
271, 260, 630, 6323, 6304
271, 240, 630, 6326, 6306
271, 240, 630, 6329, 6308
271, 240, 630, 6332, 6309
271, 240, 630, 6335, 6310
271, 240, 630, 6339, 6312
271, 240, 630, 6343, 6314
271, 240, 630, 6346, 6314
271, 240, 630, 6350, 6316
255, 240, 620, 6353, 6316
255, 240, 620, 6356, 6317
259, 230, 620, 6360, 6317
259, 230, 620, 6366, 6318
251, 230, 620, 6369, 6318
251, 230, 620, 6372, 6318
251, 230, 620, 6376, 6318
263, 230, 620, 6380, 6318
263, 230, 620, 6383, 6318
263, 230, 620, 6387, 6317
263, 230, 600, 6390, 6316
257, 230, 600, 6393, 6315
257, 220, 600, 6398, 6314
259, 220, 600, 6401, 6312
259, 220, 600, 6404, 6311
259, 220, 600, 6408, 6310
259, 220, 600, 6411, 6308
259, 220, 600, 6415, 6306
267, 220, 600, 6418, 6305
267, 220, 600, 6422, 6304
288, 220, 580, 6426, 6301
288, 220, 580, 6429, 6300
321, 210, 580, 6433, 6297
321, 210, 580, 6436, 6294
321, 210, 580, 6439, 6292
326, 210, 580, 6442, 6290
326, 210, 580, 6446, 6287
326, 210, 580, 6449, 6284
326, 210, 580, 6453, 6281
326, 210, 580, 6456, 6278
326, 210, 580, 6459, 6276
326, 210, 580, 6462, 6274
326, 210, 580, 6466, 6271
326, 200, 580, 6470, 6269
326, 200, 580, 6473, 6267
326, 200, 580, 6476, 6266
326, 200, 580, 6479, 6265
326, 200, 580, 6483, 6264
326, 200, 580, 6486, 6263
326, 200, 580, 6490, 6262
653, 200, 580, 6493, 6262
653, 200, 580, 6496, 6261
653, 200, 580, 6499, 6261
644, 200, 580, 6503, 6261
644, 200, 580, 6509, 6261
641, 200, 580, 6512, 6261
641, 200, 580, 6515, 6261
641, 200, 580, 6519, 6261
624, 200, 580, 6523, 6261
618, 200, 580, 6527, 6262
618, 200, 580, 6530, 6262
618, 200, 590, 6534, 6263
617, 200, 590, 6537, 6264
617, 210, 590, 6541, 6265
617, 210, 590, 6544, 6266
616, 210, 590, 6547, 6267
616, 210, 590, 6550, 6269
616, 210, 590, 6553, 6270
609, 210, 590, 6556, 6272
609, 210, 590, 6560, 6274
605, 210, 590, 6564, 6277
605, 210, 590, 6567, 6279
603, 210, 600, 6570, 6281
603, 210, 600, 6574, 6284
603, 220, 600, 6578, 6286
598, 220, 600, 6581, 6289
598, 220, 600, 6584, 6292
597, 220, 600, 6588, 6295
597, 220, 600, 6591, 6298
597, 220, 600, 6594, 6301
597, 220, 600, 6600, 6307
597, 220, 600, 6603, 6311
590, 220, 950, 6606, 6314
590, 220, 950, 6610, 6318
581, 210, 950, 6614, 6322
581, 210, 950, 6618, 6326
581, 210, 950, 6621, 6329
580, 210, 950, 6624, 6332
580, 210, 950, 6628, 6336
580, 210, 950, 6630, 6339
326, 210, 950, 6634, 6342
326, 210, 950, 6638, 6346
573, 210, 930, 6641, 6350
573, 210, 930, 6644, 6352
573, 210, 930, 6648, 6356
303, 210, 930, 6652, 6361
563, 210, 930, 6657, 6365
563, 210, 930, 6661, 6369
563, 210, 930, 6664, 6372
559, 210, 930, 6667, 6375
559, 210, 930, 6671, 6378
563, 210, 930, 6674, 6382
563, 210, 930, 6678, 6386
563, 210, 930, 6680, 6389
546, 210, 930, 6684, 6393
546, 210, 930, 6687, 6396
437, 210, 930, 6691, 6399
437, 210, 930, 6694, 6402
437, 210, 930, 6697, 6406
437, 210, 930, 6700, 6409
534, 210, 930, 6703, 6412
534, 210, 930, 6708, 6417
336, 210, 930, 6711, 6420
336, 210, 530, 6714, 6423
534, 210, 530, 6718, 6427
534, 210, 530, 6722, 6430
534, 210, 530, 6725, 6434
534, 210, 530, 6728, 6437
534, 210, 530, 6732, 6441
534, 210, 530, 6735, 6444
525, 210, 530, 6738, 6447
525, 210, 530, 6741, 6450
523, 210, 530, 6746, 6454
523, 210, 510, 6749, 6458
519, 210, 510, 6753, 6461
519, 210, 510, 6756, 6465
519, 210, 510, 6759, 6468
515, 210, 510, 6768, 6476
511, 210, 510, 6772, 6481
511, 210, 510, 6778, 6487
511, 210, 510, 6783, 6492
498, 210, 490, 6786, 6495
498, 210, 490, 6791, 6499
498, 200, 490, 6794, 6502
498, 200, 490, 6800, 6508
490, 200, 490, 6805, 6513
490, 200, 490, 6808, 6516
483, 200, 490, 6812, 6520
483, 200, 490, 6816, 6524
483, 200, 490, 6820, 6528
483, 200, 470, 6825, 6533
483, 200, 470, 6829, 6537
481, 200, 470, 6832, 6540
481, 200, 470, 6835, 6544
474, 200, 470, 6840, 6548
474, 200, 470, 6843, 6551
474, 200, 470, 6847, 6555
474, 200, 470, 6853, 6560
474, 200, 470, 6856, 6565
474, 200, 450, 6861, 6569
474, 210, 450, 6866, 6573
474, 210, 450, 6869, 6576
474, 210, 450, 6872, 6580
455, 210, 450, 6877, 6585
455, 210, 450, 6880, 6588
460, 210, 450, 6886, 6594
460, 210, 450, 6891, 6600
447, 210, 430, 6895, 6603
447, 200, 430, 6900, 6608
447, 200, 430, 6903, 6612
447, 200, 430, 6907, 6616
447, 200, 430, 6911, 6619
447, 200, 430, 6914, 6622
447, 200, 430, 6918, 6626
447, 200, 430, 6922, 6630
439, 200, 430, 6927, 6636
435, 200, 410, 6931, 6639
435, 200, 410, 6934, 6642
435, 200, 410, 6939, 6647
420, 200, 410, 6945, 6653
420, 200, 410, 6950, 6658
420, 200, 410, 6954, 6662
420, 200, 410, 6957, 6665
420, 200, 410, 6960, 6668
412, 200, 390, 6966, 6674
412, 200, 390, 6970, 6678
412, 200, 390, 6976, 6684
412, 200, 390, 6981, 6689
412, 200, 390, 6986, 6694
412, 200, 390, 6989, 6697
412, 200, 390, 6993, 6701
412, 200, 390, 6998, 6706
393, 200, 370, 7003, 6711
393, 200, 370, 7009, 6717
393, 200, 370, 7014, 6722
393, 200, 370, 7017, 6726
389, 200, 370, 7021, 6729
392, 200, 370, 7027, 6735
392, 200, 370, 7030, 6738
372, 200, 370, 7035, 6744
372, 200, 350, 7040, 6749
326, 200, 350, 7044, 6752
326, 200, 350, 7047, 6755
326, 200, 350, 7050, 6758
326, 200, 350, 7053, 6761
326, 200, 350, 7056, 6764
326, 200, 350, 7060, 6768
326, 200, 350, 7063, 6772
326, 200, 350, 7066, 6775
326, 200, 350, 7069, 6778
326, 200, 330, 7073, 6782
357, 200, 330, 7078, 6786
357, 200, 330, 7081, 6790
349, 200, 330, 7086, 6794
349, 200, 330, 7089, 6798
349, 200, 330, 7092, 6801
349, 200, 330, 7096, 6805
345, 200, 330, 7099, 6808
349, 200, 330, 7102, 6811
349, 200, 330, 7106, 6814
349, 200, 310, 7110, 6819
336, 200, 310, 7113, 6822
336, 200, 310, 7117, 6826
340, 200, 310, 7120, 6829
340, 200, 310, 7124, 6832
340, 200, 310, 7126, 6835
328, 200, 310, 7131, 6840
328, 200, 310, 7134, 6842
330, 200, 310, 7138, 6846
330, 200, 310, 7140, 6848
326, 200, 300, 7148, 6856
326, 200, 300, 7152, 6860
326, 200, 300, 7156, 6864
326, 200, 300, 7159, 6867
326, 200, 300, 7162, 6870
326, 200, 300, 7165, 6873
326, 200, 300, 7168, 6876
326, 200, 300, 7171, 6880
326, 200, 300, 7174, 6882
326, 200, 300, 7178, 6886
308, 200, 280, 7182, 6890
308, 200, 280, 7186, 6894
304, 200, 280, 7189, 6897
304, 200, 280, 7192, 6900
304, 200, 280, 7196, 6903
296, 200, 280, 7199, 6907
296, 200, 280, 7202, 6910
296, 200, 280, 7206, 6914
289, 200, 280, 7209, 6917
289, 200, 280, 7212, 6920
289, 200, 280, 7216, 6923
289, 200, 260, 7219, 6926
288, 200, 260, 7225, 6930
288, 200, 260, 7229, 6934
288, 200, 260, 7233, 6936
288, 200, 260, 7236, 6939
288, 200, 260, 7239, 6941
288, 200, 260, 7243, 6943
288, 200, 260, 7246, 6945
278, 200, 260, 7249, 6946
278, 200, 260, 7252, 6948
267, 200, 240, 7256, 6950
267, 200, 240, 7261, 6951
271, 200, 240, 7264, 6952
271, 200, 240, 7267, 6953
271, 200, 240, 7270, 6953
263, 200, 240, 7273, 6954
263, 200, 240, 7276, 6954
257, 200, 240, 7280, 6955
257, 200, 240, 7283, 6955
263, 200, 240, 7287, 6955
263, 200, 240, 7291, 6955
251, 200, 240, 7295, 6955
251, 200, 240, 7298, 6955
251, 200, 240, 7302, 6955
251, 200, 240, 7305, 6954
251, 200, 240, 7308, 6954
251, 200, 240, 7311, 6953
251, 200, 240, 7315, 6952
247, 200, 240, 7318, 6950
247, 200, 240, 7321, 6949
247, 200, 250, 7325, 6947
249, 200, 250, 7328, 6946
249, 200, 250, 7332, 6943
242, 200, 250, 7336, 6942
242, 200, 250, 7339, 6940
247, 200, 250, 7342, 6938
247, 200, 250, 7346, 6936
247, 200, 250, 7349, 6935
247, 200, 250, 7352, 6932
247, 200, 250, 7356, 6930
251, 200, 250, 7360, 6928
251, 200, 270, 7362, 6925
251, 200, 270, 7366, 6921
251, 230, 270, 7371, 6915
251, 230, 270, 7377, 6910
251, 230, 270, 7380, 6907
251, 230, 270, 7383, 6903
257, 230, 270, 7386, 6900
263, 230, 270, 7390, 6896
263, 230, 270, 7393, 6892
280, 230, 820, 7398, 6887
280, 210, 820, 7402, 6882
326, 210, 820, 7405, 6878
326, 210, 820, 7408, 6875
326, 210, 820, 7411, 6872
321, 210, 820, 7414, 6868
321, 210, 820, 7418, 6864
326, 210, 820, 7422, 6861
326, 210, 820, 7426, 6858
326, 210, 820, 7429, 6855
326, 210, 830, 7433, 6852
326, 210, 830, 7437, 6850
326, 200, 830, 7441, 6847
326, 200, 830, 7445, 6845
326, 200, 830, 7448, 6843
326, 200, 830, 7451, 6842
326, 200, 830, 7454, 6840
326, 200, 830, 7458, 6838
326, 200, 830, 7461, 6837
326, 200, 830, 7464, 6836
326, 200, 2550, 7468, 6834
326, 200, 2550, 7471, 6834
326, 210, 2550, 7476, 6832
326, 210, 2550, 7481, 6832
326, 210, 2550, 7484, 6831
326, 210, 2550, 7487, 6831
326, 210, 2550, 7491, 6830
326, 210, 2550, 7493, 6830
800, 210, 2550, 7496, 6830
800, 210, 2550, 7500, 6830
804, 210, 2550, 7504, 6830
804, 210, 220, 7507, 6831
804, 210, 220, 7510, 6831
804, 210, 220, 7514, 6832
804, 210, 220, 7520, 6833
804, 210, 220, 7523, 6834
804, 210, 220, 7527, 6835
786, 210, 220, 7530, 6836
786, 210, 220, 7534, 6838
786, 210, 220, 7537, 6840
780, 210, 2550, 7541, 6842
780, 210, 2550, 7544, 6844
780, 210, 2550, 7548, 6846
780, 220, 2550, 7552, 6849
780, 220, 2550, 7556, 6851
780, 220, 2550, 7559, 6853
780, 220, 2550, 7562, 6855
780, 220, 2550, 7565, 6858
774, 220, 2550, 7568, 6860
774, 220, 2550, 7571, 6864
774, 220, 2550, 7575, 6867
774, 220, 2550, 7578, 6870
774, 220, 2550, 7581, 6873
774, 220, 2550, 7585, 6877
774, 220, 2550, 7589, 6881
774, 220, 2550, 7592, 6884
774, 220, 2550, 7595, 6888
774, 220, 2550, 7599, 6892
752, 220, 2550, 7602, 6895
752, 220, 2550, 7605, 6898
752, 220, 2550, 7608, 6901
752, 220, 2550, 7612, 6905
752, 220, 2550, 7615, 6908
752, 220, 2550, 7619, 6911
720, 220, 2550, 7623, 6915
720, 220, 2550, 7626, 6918
720, 220, 2550, 7629, 6921
720, 220, 2550, 7632, 6924
720, 220, 2550, 7636, 6928
720, 220, 2550, 7640, 6932
720, 220, 2550, 7642, 6935
720, 220, 2550, 7646, 6938
744, 220, 2550, 7650, 6942
744, 220, 2550, 7653, 6946
744, 220, 2550, 7656, 6949
744, 210, 2550, 7661, 6953
744, 210, 2550, 7665, 6958
744, 210, 2550, 7668, 6961
744, 210, 2550, 7673, 6965
744, 210, 2550, 7676, 6968
744, 210, 2550, 7679, 6971
448, 210, 2550, 7683, 6975
448, 210, 2550, 7686, 6978
448, 210, 2550, 7689, 6982
448, 210, 2550, 7693, 6986
448, 210, 2550, 7697, 6989
448, 210, 2550, 7700, 6992
448, 210, 2550, 7703, 6996
448, 210, 2550, 7706, 6999
448, 210, 2550, 7710, 7002
448, 210, 2550, 7713, 7005
554, 210, 2550, 7716, 7008
554, 210, 2550, 7720, 7012
554, 210, 2550, 7723, 7016
554, 210, 2550, 7726, 7019
554, 210, 2550, 7730, 7023
554, 210, 2550, 7734, 7026
554, 210, 2550, 7737, 7030
554, 210, 2550, 7741, 7034
554, 210, 2550, 7745, 7038
554, 210, 2550, 7748, 7040
693, 210, 2550, 7751, 7044
693, 210, 2550, 7754, 7047
693, 210, 2550, 7758, 7050
649, 210, 2550, 7761, 7054
649, 210, 2550, 7764, 7057
685, 210, 2550, 7769, 7062
685, 210, 2550, 7773, 7066
685, 210, 2550, 7776, 7069
685, 210, 2550, 7779, 7072
672, 210, 2550, 7782, 7075
672, 210, 2550, 7785, 7078
676, 210, 2550, 7788, 7081
676, 210, 2550, 7793, 7086
578, 210, 2550, 7796, 7089
578, 210, 2550, 7800, 7092
578, 210, 2550, 7803, 7096
666, 210, 2550, 7806, 7099
666, 210, 2550, 7812, 7105
666, 210, 2550, 7816, 7109
662, 210, 2550, 7819, 7112
654, 210, 2550, 7822, 7115
654, 210, 2550, 7825, 7118
654, 210, 2550, 7830, 7123
649, 210, 2550, 7833, 7126
649, 200, 2550, 7837, 7130
649, 200, 2550, 7841, 7134
649, 200, 2550, 7844, 7137
649, 200, 2550, 7848, 7140
639, 200, 2550, 7851, 7144
639, 200, 2550, 7855, 7148
639, 200, 2550, 7858, 7150
634, 200, 2550, 7861, 7153
634, 200, 2550, 7864, 7157
633, 200, 2550, 7868, 7160
633, 200, 2550, 7871, 7164
633, 210, 2550, 7874, 7167
633, 210, 2550, 7878, 7170
633, 210, 2550, 7880, 7174
624, 210, 2550, 7884, 7177
624, 210, 2550, 7887, 7180
624, 210, 2550, 7891, 7184
624, 210, 2550, 7894, 7187
624, 210, 2550, 7897, 7190
616, 210, 2550, 7902, 7194
616, 210, 2550, 7904, 7197
616, 200, 2550, 7908, 7200
617, 200, 2550, 7911, 7203
617, 200, 2550, 7915, 7207
617, 200, 2550, 7918, 7210
607, 200, 2550, 7922, 7214
607, 200, 2550, 7924, 7217
603, 200, 2550, 7928, 7220
603, 200, 2550, 7931, 7224
603, 200, 2550, 7934, 7226
595, 200, 2550, 7938, 7231
595, 200, 2550, 7941, 7234
227, 200, 2550, 7945, 7237
227, 200, 2550, 7948, 7240
609, 200, 2550, 7953, 7245
609, 200, 2550, 7958, 7250
582, 200, 2550, 7961, 7253
582, 200, 2550, 7964, 7256
582, 200, 2550, 7967, 7259
599, 200, 2550, 7971, 7262
599, 200, 2550, 7975, 7266
574, 200, 2550, 7979, 7270
574, 200, 2550, 7982, 7274
574, 200, 2550, 7986, 7278
483, 200, 2550, 7989, 7280
483, 200, 2550, 7992, 7284
483, 200, 2550, 7995, 7287
562, 200, 2550, 7999, 7291
562, 200, 2550, 8002, 7294
326, 200, 2550, 8006, 7297
326, 200, 2550, 8009, 7300
376, 200, 2550, 8013, 7304
376, 200, 2550, 8017, 7308
376, 200, 2550, 8020, 7312
553, 200, 2550, 8025, 7316
553, 200, 2550, 8028, 7320
553, 200, 2550, 8032, 7323
546, 200, 2550, 8035, 7326
546, 200, 2550, 8038, 7330
544, 200, 2550, 8041, 7332
544, 200, 2550, 8044, 7336
536, 200, 2550, 8049, 7340
536, 200, 2550, 8052, 7344
536, 200, 2550, 8055, 7347
532, 200, 2550, 8059, 7351
532, 200, 2550, 8062, 7354
532, 200, 2550, 8065, 7357
532, 200, 2550, 8069, 7361
532, 200, 2550, 8072, 7364
534, 200, 2550, 8075, 7367
534, 200, 2550, 8078, 7370
525, 200, 2550, 8083, 7374
525, 200, 2550, 8086, 7378
376, 200, 2550, 8090, 7382
376, 200, 2550, 8093, 7385
518, 200, 2550, 8099, 7392
518, 200, 2550, 8103, 7395
518, 200, 2550, 8106, 7399
510, 200, 2550, 8109, 7402
510, 200, 2550, 8112, 7405
510, 200, 2550, 8116, 7408
510, 200, 2550, 8120, 7412
510, 200, 2550, 8124, 7416
510, 200, 2550, 8127, 7419
510, 200, 2550, 8130, 7422
19, 200, 2550, 8133, 7426
19, 200, 2550, 8136, 7429
19, 200, 2550, 8141, 7433
19, 200, 2550, 8144, 7436
19, 200, 2550, 8147, 7439
19, 200, 2550, 8150, 7442
19, 200, 2550, 8154, 7445
19, 200, 2550, 8157, 7448
19, 200, 2550, 8160, 7450
483, 200, 2550, 8164, 7453
483, 200, 2550, 8167, 7456
479, 200, 2550, 8170, 7458
479, 200, 2550, 8174, 7460
479, 200, 2550, 8177, 7462
473, 200, 2550, 8181, 7464
473, 200, 2550, 8184, 7466
473, 200, 2550, 8187, 7468
481, 200, 2550, 8191, 7471
481, 200, 2550, 8194, 7474
481, 200, 2550, 8198, 7477
481, 200, 2550, 8201, 7481
481, 200, 2550, 8204, 7484
481, 200, 2550, 8208, 7487
481, 200, 2550, 8211, 7491
481, 200, 2550, 8214, 7494
481, 200, 2550, 8217, 7498
481, 200, 2550, 8220, 7501
481, 200, 2550, 8224, 7504
454, 200, 2550, 8227, 7508
454, 200, 2550, 8231, 7512
454, 200, 2550, 8234, 7515
454, 200, 2550, 8238, 7518
454, 200, 2550, 8243, 7524
454, 200, 2550, 8246, 7527
454, 200, 2550, 8250, 7530
446, 200, 2550, 8253, 7533
446, 200, 2550, 8256, 7536
446, 200, 2550, 8259, 7540
446, 200, 2550, 8263, 7543
446, 200, 2550, 8266, 7546
437, 210, 2550, 8270, 7550
437, 210, 2550, 8273, 7553
437, 210, 2550, 8276, 7556
437, 210, 2550, 8279, 7560
437, 210, 2550, 8283, 7563
437, 210, 2550, 8286, 7566
437, 210, 2550, 8289, 7570
437, 210, 2550, 8292, 7572
437, 210, 2550, 8295, 7576
420, 210, 2550, 8299, 7579
420, 210, 2550, 8302, 7582
416, 200, 2550, 8306, 7586
416, 200, 2550, 8310, 7590
412, 200, 2550, 8314, 7594
412, 200, 2550, 8318, 7598
412, 200, 2550, 8321, 7600
408, 200, 2550, 8325, 7604
408, 200, 2550, 8328, 7608
408, 200, 2550, 8331, 7611
408, 200, 2550, 8335, 7614
408, 200, 2550, 8338, 7618
410, 200, 2550, 8342, 7622
410, 200, 2550, 8345, 7624
410, 200, 2550, 8348, 7628
410, 200, 2550, 8351, 7631
410, 200, 2550, 8355, 7634
410, 200, 2550, 8358, 7638
410, 200, 2550, 8362, 7641
410, 200, 2550, 8365, 7644
410, 200, 2550, 8368, 7647
384, 200, 2550, 8371, 7650
384, 200, 2550, 8374, 7654
383, 210, 2550, 8379, 7658
383, 210, 2550, 8382, 7661
376, 210, 2550, 8388, 7668
376, 210, 2550, 8391, 7671
374, 210, 2550, 8395, 7674
374, 210, 2550, 8398, 7678
374, 210, 2550, 8402, 7681
365, 210, 2550, 8405, 7685
365, 210, 2550, 8408, 7688
357, 210, 2550, 8413, 7693
357, 210, 2550, 8416, 7696
357, 210, 2550, 8420, 7699
376, 210, 2550, 8422, 7702
376, 210, 2550, 8426, 7706
357, 210, 2550, 8429, 7709
357, 210, 2550, 8433, 7712
357, 210, 2550, 8436, 7716
357, 210, 2550, 8439, 7719
357, 210, 2550, 8443, 7722
355, 210, 2550, 8446, 7726
355, 210, 2550, 8450, 7730
348, 210, 2550, 8453, 7734
348, 210, 2550, 8456, 7737
348, 210, 2550, 8460, 7740
347, 210, 2550, 8463, 7743
347, 210, 2550, 8466, 7746
334, 210, 2550, 8470, 7751
334, 210, 2550, 8474, 7754
330, 210, 2550, 8477, 7758
330, 210, 2550, 8480, 7761
330, 210, 2550, 8484, 7764
326, 210, 2550, 8487, 7768
326, 210, 2550, 8490, 7770
326, 210, 2550, 8494, 7774
321, 210, 2550, 8497, 7778
321, 210, 2550, 8500, 7781
328, 210, 2550, 8504, 7785
328, 210, 2550, 8508, 7788
328, 210, 2550, 8511, 7792
328, 210, 2550, 8514, 7795
328, 210, 2550, 8518, 7798
321, 210, 2550, 8521, 7802
321, 210, 2550, 8525, 7806
321, 210, 2550, 8528, 7809
321, 210, 2550, 8533, 7814
321, 210, 2550, 8537, 7817
321, 210, 2550, 8540, 7820
321, 210, 2550, 8544, 7825
321, 210, 2550, 8548, 7828
297, 210, 2550, 8552, 7832
297, 210, 2550, 8555, 7835
297, 210, 2550, 8558, 7838
297, 210, 2550, 8562, 7842
297, 210, 2550, 8566, 7845
298, 210, 2550, 8569, 7848
298, 210, 2550, 8573, 7852
288, 210, 2550, 8576, 7855
288, 210, 2550, 8580, 7858
290, 210, 2550, 8584, 7861
290, 210, 2550, 8587, 7863
273, 210, 2550, 8590, 7865
273, 210, 2550, 8597, 7869
273, 210, 2550, 8600, 7871
273, 210, 2550, 8603, 7872
273, 210, 2550, 8607, 7874
273, 210, 2550, 8611, 7875
271, 210, 2550, 8614, 7876
271, 210, 2550, 8618, 7877
267, 210, 2550, 8621, 7878
267, 210, 2550, 8625, 7878
267, 210, 2550, 8628, 7879
271, 210, 2550, 8631, 7879
271, 210, 2550, 8635, 7879
265, 210, 2550, 8638, 7879
265, 210, 2550, 8641, 7879
265, 210, 2550, 8644, 7879
265, 210, 2550, 8648, 7879
265, 210, 2550, 8651, 7878
271, 210, 2550, 8655, 7878
271, 210, 2550, 8658, 7877
267, 210, 2550, 8663, 7876
267, 280, 2550, 8666, 7875
267, 280, 2550, 8669, 7874
267, 280, 2550, 8672, 7873
267, 280, 2550, 8677, 7870
273, 280, 2550, 8682, 7868
273, 280, 2550, 8686, 7867
280, 280, 2550, 8689, 7865
280, 280, 2550, 8692, 7863
294, 280, 2550, 8696, 7861
294, 240, 2550, 8699, 7860
321, 240, 2550, 8702, 7858
321, 240, 2550, 8705, 7855
321, 240, 2550, 8709, 7852
326, 240, 2550, 8712, 7849
326, 240, 2550, 8715, 7846
326, 240, 2550, 8719, 7843
326, 240, 2550, 8723, 7840
561, 240, 2550, 8727, 7836
561, 240, 2550, 8730, 7834
561, 240, 2550, 8734, 7832
598, 220, 2550, 8737, 7830
598, 220, 2550, 8741, 7828
598, 220, 2550, 8744, 7827
607, 220, 2550, 8748, 7826
607, 220, 2550, 8751, 7824
633, 220, 2550, 8754, 7823
633, 220, 2550, 8757, 7822
633, 220, 2550, 8760, 7821
633, 220, 2550, 8764, 7820
633, 220, 2550, 8767, 7820
633, 220, 2550, 8770, 7820
633, 220, 2550, 8773, 7820
633, 220, 2550, 8776, 7819
633, 220, 2550, 8780, 7820
633, 220, 2550, 8783, 7820
633, 220, 2550, 8786, 7820
633, 220, 2550, 8790, 7820
633, 220, 2550, 8793, 7820
633, 220, 2550, 8796, 7820
633, 220, 2550, 8800, 7821
2550, 220, 2550, 8804, 7822
2550, 220, 2550, 8807, 7823
2550, 220, 2550, 8810, 7824
1984, 220, 2550, 8814, 7826
1984, 220, 2550, 8817, 7828
1984, 220, 2550, 8822, 7830
1984, 220, 2550, 8824, 7831
2550, 220, 2550, 8829, 7834
2550, 220, 2550, 8832, 7836
2550, 220, 2550, 8836, 7838
2275, 220, 2550, 8840, 7840
2275, 230, 2550, 8843, 7843
2275, 230, 2550, 8846, 7845
2275, 230, 2550, 8849, 7847
2275, 230, 2550, 8852, 7850
2275, 230, 2550, 8856, 7854
2275, 230, 2550, 8859, 7856
2275, 230, 2550, 8862, 7860
2275, 230, 2550, 8866, 7863
2275, 230, 2550, 8869, 7866
2275, 230, 2550, 8873, 7871
2550, 230, 2550, 8876, 7874
2550, 260, 2550, 8880, 7878
856, 260, 2550, 8883, 7882
856, 260, 2550, 8888, 7886
856, 260, 2550, 8891, 7890
856, 260, 2550, 8895, 7893
2550, 260, 2550, 8898, 7896
2550, 260, 2550, 8903, 7900
2550, 260, 2550, 8906, 7904
2550, 260, 2550, 8911, 7908
2550, 260, 2550, 8914, 7912
2550, 480, 2550, 8918, 7915
812, 480, 2550, 8924, 7921
812, 480, 2550, 8930, 7926
812, 480, 2550, 8933, 7930
2550, 480, 2550, 8938, 7935
2550, 480, 2550, 8941, 7938
2550, 480, 2550, 8948, 7945
2550, 490, 2550, 8951, 7948
2550, 490, 2550, 8955, 7952
1925, 490, 2550, 8959, 7956
1925, 490, 2550, 8965, 7962
1925, 490, 2550, 8968, 7965
2550, 490, 2550, 8972, 7969
2550, 490, 2550, 8975, 7973
2550, 490, 2550, 8979, 7977
2211, 490, 2550, 8985, 7982
2211, 480, 2550, 8988, 7986
2211, 480, 2550, 8991, 7989
1372, 480, 2550, 8995, 7993
1372, 480, 2550, 8998, 7996
1372, 480, 2550, 9003, 8000
1372, 480, 2550, 9008, 8004
2550, 480, 2550, 9012, 8008
2550, 480, 2550, 9017, 8014
2116, 480, 2550, 9021, 8018
2116, 490, 2550, 9025, 8022
2116, 490, 2550, 9028, 8025
2116, 490, 2550, 9033, 8030
2116, 490, 2550, 9036, 8034
2116, 490, 2550, 9041, 8038
2116, 490, 2550, 9044, 8042
2116, 490, 2550, 9048, 8045
2116, 490, 2550, 9052, 8049
1557, 490, 2550, 9055, 8052
1557, 490, 2550, 9060, 8057
1557, 490, 2550, 9062, 8060
2550, 490, 2550, 9068, 8066
2550, 490, 2550, 9071, 8069
2550, 490, 2550, 9076, 8073
2550, 490, 2550, 9079, 8077
2550, 490, 2550, 9084, 8081
2550, 490, 2550, 9087, 8084
2550, 490, 2550, 9092, 8089
2550, 2550, 2550, 9097, 8095
2550, 2550, 2550, 9101, 8098
2550, 2550, 2550, 9104, 8101
2550, 2550, 2550, 9110, 8107
2550, 2550, 2550, 9115, 8112
2550, 2550, 2550, 9122, 8119
2550, 2550, 2550, 9127, 8124
907, 480, 2550, 9132, 8130
907, 480, 2550, 9135, 8133
1472, 480, 2550, 9140, 8138
1472, 480, 2550, 9144, 8142
1472, 480, 2550, 9147, 8145
2550, 480, 2550, 9152, 8150
2550, 480, 2550, 9159, 8156
2550, 480, 2550, 9162, 8160
2249, 480, 2550, 9166, 8163
2249, 2550, 2550, 9171, 8169
1428, 2550, 2550, 9176, 8173
1428, 2550, 2550, 9179, 8176
1428, 2550, 2550, 9183, 8181
1428, 2550, 2550, 9187, 8185
2550, 2550, 2550, 9192, 8190
2550, 2550, 2550, 9200, 8198
2183, 2550, 2550, 9203, 8202
2183, 2550, 2550, 9206, 8204
2183, 2550, 2550, 9209, 8208
2550, 2550, 2550, 9213, 8211
2550, 2550, 2550, 9216, 8214
2550, 2550, 2550, 9219, 8217
2550, 2550, 2550, 9223, 8221
2550, 2550, 2550, 9226, 8224
2550, 2550, 2550, 9230, 8227
2550, 2550, 2550, 9233, 8231
863, 2550, 2550, 9237, 8234
863, 2550, 2550, 9240, 8238
863, 2550, 2550, 9244, 8241
863, 2550, 2550, 9246, 8244
2550, 2550, 2550, 9250, 8247
2550, 2550, 2550, 9254, 8252
2550, 2550, 2550, 9259, 8257
2550, 2550, 2550, 9263, 8260
2550, 2550, 2550, 9266, 8264
2550, 2550, 2550, 9270, 8268
871, 2550, 2550, 9273, 8271
871, 720, 2550, 9277, 8275
871, 720, 2550, 9281, 8278
1438, 720, 2550, 9284, 8281
1438, 720, 2550, 9288, 8285
1438, 720, 2550, 9292, 8289
2550, 720, 2550, 9295, 8292
2550, 720, 2550, 9299, 8295
2550, 720, 2550, 9302, 8298
2550, 720, 2550, 9306, 8302
2192, 720, 2550, 9309, 8306
2192, 700, 2550, 9312, 8309
2192, 700, 2550, 9316, 8312
1376, 700, 2550, 9319, 8316
1376, 700, 2550, 9322, 8318
1376, 700, 2550, 9325, 8322
1376, 700, 2550, 9328, 8325
2550, 700, 2550, 9331, 8328
2550, 700, 2550, 9335, 8332
2550, 700, 2550, 9338, 8335
2550, 700, 2550, 9342, 8339
2132, 700, 2550, 9346, 8342
2132, 700, 2550, 9349, 8346
2132, 700, 2550, 9352, 8349
1498, 700, 2550, 9356, 8352
1498, 700, 2550, 9359, 8356
1498, 700, 2550, 9362, 8358
1498, 700, 2550, 9364, 8361
2550, 700, 2550, 9368, 8365
2550, 700, 2550, 9371, 8368
2550, 700, 2550, 9376, 8373
2245, 700, 2550, 9380, 8376
2245, 700, 2550, 9383, 8380
2245, 710, 2550, 9386, 8383
1443, 710, 2550, 9390, 8387
1443, 710, 2550, 9393, 8390
1443, 710, 2550, 9397, 8395
1443, 710, 2550, 9401, 8398
2550, 710, 2550, 9404, 8402
2550, 710, 2550, 9408, 8405
2550, 710, 2550, 9411, 8409
2175, 710, 2550, 9416, 8414
2175, 710, 2550, 9419, 8417
2175, 700, 2550, 9422, 8420
1345, 700, 2550, 9426, 8424
1345, 700, 2550, 9429, 8427
1345, 700, 2550, 9432, 8430
1345, 700, 2550, 9435, 8433
2550, 700, 2550, 9439, 8436
2550, 700, 2550, 9442, 8440
2550, 700, 2550, 9445, 8442
2550, 700, 2550, 9450, 8448
2305, 700, 2550, 9453, 8451
2305, 720, 2550, 9456, 8454
2305, 720, 2550, 9459, 8457
1503, 720, 2550, 9464, 8462
1503, 720, 2550, 9467, 8464
1503, 720, 2550, 9471, 8468
1503, 720, 2550, 9474, 8472
2550, 720, 2550, 9477, 8474
2550, 720, 2550, 9480, 8478
2550, 720, 2550, 9485, 8482
2550, 720, 2550, 9490, 8487
2550, 2550, 2550, 9493, 8490
2550, 2550, 2550, 9496, 8493
757, 2550, 2550, 9500, 8496
757, 2550, 2550, 9502, 8500
757, 2550, 2550, 9505, 8502
757, 2550, 2550, 9509, 8506
2550, 2550, 2550, 9512, 8509
2550, 2550, 2550, 9516, 8513
2550, 2550, 2550, 9519, 8516
2550, 2550, 2550, 9523, 8521
2201, 2550, 2550, 9527, 8525
2201, 2550, 2550, 9530, 8528
1379, 2550, 2550, 9534, 8532
1379, 2550, 2550, 9537, 8535
1379, 2550, 2550, 9543, 8540
1379, 2550, 2550, 9546, 8544
2550, 2550, 2550, 9549, 8546
2550, 2550, 2550, 9553, 8550
2550, 2550, 2550, 9556, 8554
2120, 2550, 2550, 9560, 8557
2120, 2550, 2550, 9563, 8561
2120, 2550, 2550, 9566, 8564
2120, 2550, 2550, 9570, 8568
2550, 2550, 2550, 9573, 8571
2550, 2550, 2550, 9576, 8574
2550, 2550, 2550, 9579, 8578
2550, 2550, 2550, 9583, 8581
2550, 2550, 2550, 9586, 8584
2550, 2550, 2550, 9590, 8588
2550, 2550, 2550, 9594, 8592
886, 2550, 2550, 9598, 8596
886, 2550, 2550, 9601, 8599
886, 2550, 2550, 9604, 8602
886, 2550, 2550, 9608, 8606
2550, 2550, 2550, 9611, 8608
2550, 2550, 2550, 9614, 8612
2550, 2550, 2550, 9617, 8615
2550, 2550, 2550, 9621, 8618
2550, 2550, 2550, 9624, 8621
2550, 2550, 2550, 9629, 8626
827, 2550, 2550, 9632, 8630
827, 2550, 2550, 9636, 8634
827, 2550, 2550, 9639, 8636
1405, 2550, 2550, 9643, 8640
1405, 2550, 2550, 9646, 8644
1405, 2550, 2550, 9650, 8647
1405, 2550, 2550, 9653, 8650
2550, 2550, 2550, 9656, 8653
2550, 2550, 2550, 9659, 8656
2550, 2550, 2550, 9662, 8660
2550, 2550, 2550, 9666, 8664
2108, 2550, 2550, 9670, 8667
2108, 2550, 2550, 9673, 8671
2108, 2550, 2550, 9676, 8674
2108, 2550, 2550, 9679, 8677
2550, 2550, 2550, 9683, 8680
2550, 2550, 2550, 9688, 8684
1242, 2550, 2550, 9691, 8688
1242, 2550, 2550, 9694, 8690
1242, 2550, 2550, 9697, 8694
1242, 2550, 2550, 9702, 8698
2132, 2550, 2550, 9705, 8702
2132, 2550, 2550, 9709, 8706
2132, 2550, 2550, 9712, 8709
2132, 2550, 2550, 9715, 8712
2132, 2550, 2550, 9718, 8716
2132, 2550, 2550, 9722, 8719
2132, 2550, 2550, 9725, 8722
2132, 2550, 2550, 9728, 8725
2132, 2550, 2550, 9731, 8728
2132, 2550, 2550, 9735, 8732
2550, 2550, 2550, 9738, 8736
2550, 2550, 2550, 9742, 8740
2550, 2550, 2550, 9746, 8743
2550, 2550, 2550, 9749, 8746
2550, 2550, 2550, 9753, 8750
2550, 2550, 2550, 9757, 8754
2550, 2550, 2550, 9760, 8758
2550, 2550, 2550, 9763, 8760
2550, 2550, 2550, 9766, 8764
2550, 2550, 2550, 9770, 8767
1198, 2550, 2550, 9774, 8770
1198, 2550, 2550, 9776, 8774
1198, 2550, 2550, 9781, 8778
1198, 2550, 2550, 9784, 8781
1198, 2550, 2550, 9787, 8784
1198, 2550, 2550, 9790, 8787
1198, 2550, 2550, 9795, 8792
1198, 2550, 2550, 9798, 8795
1198, 2550, 2550, 9801, 8798
2007, 2550, 2550, 9804, 8802
2007, 2550, 2550, 9808, 8805
2007, 2550, 2550, 9811, 8808
1472, 2550, 2550, 9815, 8812
1472, 2550, 2550, 9818, 8816
1472, 2550, 2550, 9822, 8819
1472, 2550, 2550, 9825, 8822
2550, 2550, 2550, 9828, 8826
2550, 2550, 2550, 9834, 8832
2550, 2550, 2550, 9837, 8834
2005, 2550, 2550, 9840, 8838
2005, 2550, 2550, 9844, 8841
2005, 2550, 2550, 9848, 8846
1603, 2550, 2550, 9852, 8850
1603, 2550, 2550, 9856, 8853
1603, 2550, 2550, 9859, 8856
1603, 2550, 2550, 9862, 8859
2028, 2550, 2550, 9865, 8863
2028, 2550, 2550, 9869, 8866
2028, 2550, 2550, 9872, 8869
1993, 2550, 2550, 9875, 8872
1993, 2550, 2550, 9878, 8876
1993, 2550, 2550, 9882, 8879
788, 2550, 2550, 9885, 8883
788, 2550, 2550, 9890, 8887
788, 2550, 2550, 9892, 8890
788, 2550, 2550, 9896, 8893
2550, 2550, 2550, 9898, 8896
2550, 2550, 2550, 9903, 8900
2550, 2550, 2550, 9905, 8903
1974, 2550, 2550, 9909, 8906
1974, 2550, 2550, 9912, 8910
1974, 2550, 2550, 9915, 8913
1107, 2550, 2550, 9919, 8916
1107, 2550, 2550, 9922, 8920
1107, 2550, 2550, 9926, 8924
1937, 2550, 2550, 9930, 8927
1937, 2550, 2550, 9932, 8930
1937, 2550, 2550, 9935, 8933
1937, 2550, 2550, 9939, 8937
1948, 2550, 2550, 9942, 8940
1948, 2550, 2550, 9945, 8943
1948, 2550, 2550, 9948, 8946
1101, 2550, 2550, 9952, 8950
1101, 2550, 2550, 9955, 8953
1101, 2550, 2550, 9959, 8957
1101, 2550, 2550, 9962, 8960
1101, 2550, 2550, 9966, 8963
1101, 2550, 2550, 9968, 8966
1101, 2550, 2550, 9973, 8972
1101, 2550, 2550, 9978, 8975
1101, 2550, 2550, 9981, 8978
1113, 2550, 2550, 9984, 8982
1113, 2550, 2550, 9988, 8985
1113, 2550, 2550, 9991, 8988
1113, 2550, 2550, 9996, 8993
1113, 2550, 2550, 10000, 8997
1113, 2550, 2550, 10003, 9000
1113, 2550, 2550, 10006, 9003
1113, 2550, 2550, 10009, 9007
1113, 2550, 2550, 10013, 9010
1090, 2550, 2550, 10016, 9014
1090, 2550, 2550, 10019, 9016
1090, 2550, 2550, 10023, 9020
1920, 2550, 2550, 10026, 9023
1920, 2550, 2550, 10029, 9026
1920, 2550, 2550, 10034, 9031
1920, 2550, 2550, 10037, 9035
1920, 2550, 2550, 10041, 9038
1920, 2550, 2550, 10044, 9041
1920, 2550, 2550, 10047, 9044
1920, 2550, 2550, 10051, 9048
1920, 2550, 2550, 10054, 9050
1920, 2550, 2550, 10057, 9054
1898, 2550, 2550, 10060, 9058
1898, 2550, 2550, 10063, 9060
1898, 2550, 2550, 10068, 9065
1671, 2550, 2550, 10073, 9070
1671, 2550, 2550, 10076, 9073
1671, 2550, 2550, 10079, 9076
1671, 2550, 2550, 10082, 9080
1902, 2550, 2550, 10086, 9083
1902, 2550, 2550, 10089, 9086
1054, 2550, 2550, 10092, 9090
1054, 2550, 2550, 10095, 9093
1054, 2550, 2550, 10099, 9096
1054, 2550, 2550, 10102, 9100
2550, 2550, 2550, 10106, 9104
2550, 2550, 2550, 10110, 9107
2550, 2550, 2550, 10113, 9110
2550, 2550, 2550, 10117, 9114
1867, 2550, 2550, 10121, 9118
1867, 2550, 2550, 10125, 9122
1858, 2550, 2550, 10128, 9125
1858, 2550, 2550, 10133, 9130
1858, 2550, 2550, 10136, 9133
1023, 2550, 2550, 10140, 9137
1023, 2550, 2550, 10143, 9140
1023, 2550, 2550, 10147, 9144
992, 2550, 2550, 10150, 9147
992, 2550, 2550, 10153, 9151
992, 2550, 2550, 10156, 9154
1047, 2550, 2550, 10159, 9157
1047, 2550, 2550, 10163, 9160
1047, 2550, 2550, 10166, 9164
1862, 2550, 2550, 10169, 9167
1862, 2550, 2550, 10172, 9170
1862, 2550, 2550, 10177, 9174
750, 2550, 2550, 10181, 9178
750, 2550, 2550, 10184, 9182
750, 2550, 2550, 10187, 9185
750, 2550, 2550, 10190, 9188
1850, 2550, 2550, 10193, 9191
1850, 2550, 2550, 10197, 9194
998, 2550, 2550, 10201, 9199
998, 2550, 2550, 10204, 9202
998, 2550, 2550, 10207, 9205
998, 2550, 2550, 10211, 9208
998, 2550, 2550, 10215, 9212
998, 2550, 2550, 10218, 9215
998, 2550, 2550, 10221, 9218
998, 2550, 2550, 10224, 9222
998, 2550, 2550, 10228, 9225
998, 2550, 2550, 10231, 9228
998, 2550, 2550, 10234, 9232
998, 2550, 2550, 10238, 9234
1002, 2550, 2550, 10241, 9238
1002, 2550, 2550, 10244, 9241
1002, 2550, 2550, 10247, 9244
800, 2550, 2550, 10251, 9248
800, 2550, 2550, 10254, 9252
800, 2550, 2550, 10258, 9255
800, 2550, 2550, 10261, 9258
1839, 2550, 2550, 10266, 9263
1839, 2550, 2550, 10269, 9266
1817, 2550, 2550, 10272, 9270
1817, 2550, 2550, 10277, 9274
1817, 2550, 2550, 10280, 9277
971, 2550, 2550, 10284, 9281
971, 2550, 2550, 10286, 9284
971, 2550, 2550, 10290, 9288
971, 2550, 2550, 10294, 9291
2550, 2550, 2550, 10297, 9295
2550, 2550, 2550, 10300, 9298
2550, 2550, 2550, 10303, 9301
998, 2550, 2550, 10307, 9305
998, 2550, 2550, 10311, 9309
974, 2550, 2550, 10314, 9312
974, 2550, 2550, 10318, 9316
974, 2550, 2550, 10321, 9319
974, 2550, 2550, 10325, 9322
974, 2550, 2550, 10329, 9326
974, 2550, 2550, 10332, 9330
974, 2550, 2550, 10335, 9332
974, 2550, 2550, 10339, 9336
974, 2550, 2550, 10342, 9339
974, 2550, 2550, 10347, 9344
1783, 2550, 2550, 10350, 9347
1783, 2550, 2550, 10353, 9350
1783, 2550, 2550, 10356, 9354
1632, 2550, 2550, 10360, 9357
1632, 2550, 2550, 10366, 9363
1632, 2550, 2550, 10369, 9366
1632, 2550, 2550, 10372, 9370
1783, 2550, 2550, 10376, 9373
925, 2550, 2550, 10379, 9376
925, 2550, 2550, 10383, 9380
925, 2550, 2550, 10386, 9384
925, 2550, 2550, 10390, 9387
925, 2550, 2550, 10393, 9390
925, 2550, 2550, 10396, 9393
925, 2550, 2550, 10400, 9397
925, 2550, 2550, 10403, 9400
925, 2550, 2550, 10407, 9404
914, 2550, 2550, 10411, 9408
914, 2550, 2550, 10415, 9412
914, 2550, 2550, 10418, 9416
893, 2550, 2550, 10422, 9419
893, 2550, 2550, 10425, 9422
893, 2550, 2550, 10429, 9426
1468, 2550, 2550, 10432, 9428
1468, 2550, 2550, 10435, 9432
864, 2550, 2550, 10439, 9436
864, 2550, 2550, 10442, 9439
864, 2550, 2550, 10445, 9442
877, 2550, 2550, 10448, 9445
877, 2550, 2550, 10451, 9448
877, 2550, 2550, 10455, 9452
1438, 2550, 2550, 10459, 9456
1438, 2550, 2550, 10462, 9459
1438, 2550, 2550, 10465, 9462
1438, 2550, 2550, 10469, 9466
1746, 2550, 2550, 10473, 9470
1746, 2550, 2550, 10477, 9474
1746, 2550, 2550, 10480, 9477
861, 2550, 2550, 10483, 9480
861, 2550, 2550, 10486, 9483
845, 2550, 2550, 10490, 9487
845, 2550, 2550, 10493, 9490
845, 2550, 2550, 10497, 9494
901, 2550, 2550, 10500, 9497
901, 2550, 2550, 10503, 9500
901, 2550, 2550, 10506, 9503
943, 2550, 2550, 10510, 9508
943, 2550, 2550, 10513, 9511
943, 2550, 2550, 10517, 9514
879, 2550, 2550, 10520, 9517
879, 2550, 2550, 10523, 9520
879, 2550, 2550, 10527, 9524
826, 2550, 2550, 10531, 9528
826, 2550, 2550, 10534, 9531
872, 2550, 2550, 10538, 9535
872, 2550, 2550, 10541, 9538
872, 2550, 2550, 10544, 9541
841, 2550, 2550, 10548, 9544
841, 2550, 2550, 10553, 9550
818, 2550, 2550, 10556, 9554
818, 2550, 2550, 10560, 9556
818, 2550, 2550, 10563, 9561
825, 2550, 2550, 10567, 9564
825, 2550, 2550, 10570, 9567
818, 2550, 2550, 10573, 9570
818, 2550, 2550, 10576, 9574
818, 2550, 2550, 10580, 9577
818, 2550, 2550, 10584, 9581
818, 2550, 2550, 10587, 9584
818, 2550, 2550, 10589, 9587
856, 2550, 2550, 10592, 9590
856, 2550, 2550, 10596, 9593
856, 2550, 2550, 10599, 9597
804, 2550, 2550, 10603, 9600
804, 2550, 2550, 10606, 9604
804, 2550, 2550, 10610, 9607
804, 2550, 2550, 10613, 9610
804, 2550, 2550, 10617, 9615
804, 2550, 2550, 10622, 9620
804, 2550, 2550, 10625, 9623
804, 2550, 2550, 10628, 9626
804, 2550, 2550, 10631, 9629
778, 2550, 2550, 10635, 9632
778, 2550, 2550, 10638, 9636
778, 2550, 2550, 10643, 9640
778, 2550, 2550, 10646, 9644
778, 2550, 2550, 10649, 9647
786, 2550, 2550, 10652, 9650
786, 2550, 2550, 10656, 9654
786, 2550, 2550, 10659, 9658
863, 2550, 2550, 10662, 9661
863, 2550, 2550, 10666, 9664
770, 2550, 2550, 10669, 9667
770, 2550, 2550, 10672, 9671
770, 2550, 2550, 10676, 9674
757, 2550, 2550, 10680, 9678
757, 2550, 2550, 10682, 9680
757, 2550, 2550, 10686, 9684
1658, 2550, 2550, 10689, 9686
1658, 2550, 2550, 10693, 9690
1658, 2550, 2550, 10698, 9696
782, 2550, 2550, 10701, 9698
782, 2550, 2550, 10705, 9703
754, 2550, 2550, 10709, 9706
754, 2550, 2550, 10713, 9710
754, 2550, 2550, 10716, 9714
754, 2550, 2550, 10719, 9716
2550, 2550, 2550, 10722, 9720
2550, 2550, 2550, 10725, 9722
2550, 2550, 2550, 10731, 9728
2550, 2550, 2550, 10734, 9731
2550, 2550, 2550, 10737, 9734
2550, 2550, 2550, 10740, 9737
2550, 2550, 2550, 10747, 9744
2550, 2550, 2550, 10750, 9748
2550, 2550, 2550, 10753, 9751
2550, 2550, 2550, 10756, 9754
2550, 2550, 2550, 10760, 9757
2550, 2550, 2550, 10763, 9760
2550, 2550, 2550, 10767, 9764
2550, 2550, 2550, 10770, 9768
2550, 2550, 2550, 10773, 9770
2550, 2550, 2550, 10776, 9773
2550, 2550, 2550, 10779, 9776
2550, 2550, 2550, 10782, 9780
2550, 2550, 2550, 10786, 9783
2550, 2550, 2550, 10790, 9787
2550, 2550, 2550, 10793, 9790
2550, 2550, 2550, 10796, 9793
2550, 2550, 2550, 10799, 9796
2550, 2550, 2550, 10803, 9800
2550, 2550, 2550, 10806, 9803
2550, 2550, 2550, 10809, 9806
2550, 2550, 2550, 10812, 9809
2550, 2550, 2550, 10816, 9813
2550, 2550, 2550, 10819, 9816
2550, 2550, 2550, 10823, 9820
2550, 2550, 2550, 10826, 9823
2550, 2550, 2550, 10829, 9826
2550, 2550, 2550, 10832, 9830
2550, 2550, 2550, 10835, 9833
2550, 2550, 2550, 10841, 9838
532, 2550, 2550, 10845, 9842
532, 2550, 2550, 10848, 9845
730, 2550, 2550, 10852, 9849
730, 2550, 2550, 10855, 9852
730, 2550, 2550, 10859, 9856
730, 2550, 2550, 10862, 9860
730, 2550, 2550, 10866, 9863
730, 2550, 2550, 10869, 9866
730, 2550, 2550, 10872, 9869
730, 2550, 2550, 10877, 9874
730, 2550, 2550, 10880, 9878
730, 2550, 2550, 10883, 9880
730, 2550, 2550, 10886, 9884
730, 2550, 2550, 10890, 9887
730, 2550, 2550, 10893, 9890
730, 2550, 2550, 10897, 9894
730, 2550, 2550, 10900, 9897
730, 2550, 2550, 10903, 9900
730, 2550, 2550, 10907, 9904
730, 2550, 2550, 10911, 9908
730, 2550, 2550, 10915, 9912
730, 2550, 2550, 10918, 9915
730, 2550, 2550, 10921, 9918
730, 2550, 2550, 10925, 9922
730, 2550, 2550, 10928, 9925
328, 2550, 2550, 10932, 9929
328, 2550, 2550, 10935, 9933
328, 2550, 2550, 10939, 9936
328, 2550, 2550, 10942, 9939
328, 2550, 2550, 10945, 9942
328, 2550, 2550, 10948, 9946
328, 2550, 2550, 10953, 9950
328, 2550, 2550, 10956, 9953
328, 2550, 2550, 10959, 9956
328, 2550, 2550, 10962, 9960
328, 2550, 2550, 10966, 9963
328, 2550, 2550, 10969, 9966
328, 2550, 2550, 10972, 9970
328, 2550, 2550, 10976, 9974
328, 2550, 2550, 10979, 9976
328, 2550, 2550, 10982, 9980
328, 2550, 2550, 10988, 9986
328, 2550, 2550, 10991, 9989
328, 2550, 2550, 10994, 9992
328, 2550, 2550, 11000, 9998
321, 2550, 2550, 11004, 10002
321, 2550, 2550, 11008, 10005
321, 2550, 2550, 11010, 10008
321, 2550, 2550, 11014, 10011
321, 2550, 2550, 11017, 10015
321, 2550, 2550, 11020, 10018
321, 2550, 2550, 11024, 10022
321, 2550, 2550, 11028, 10025
321, 2550, 2550, 11031, 10028
321, 2550, 2550, 11035, 10032
321, 2550, 2550, 11038, 10036
321, 2550, 2550, 11042, 10040
321, 2550, 2550, 11045, 10042
321, 2550, 2550, 11048, 10046
321, 2550, 2550, 11051, 10049
321, 2550, 2550, 11054, 10052
321, 2550, 2550, 11057, 10055
321, 2550, 2550, 11061, 10059
321, 2550, 2550, 11064, 10062
321, 2550, 2550, 11068, 10065
321, 2550, 2550, 11071, 10068
614, 2550, 2550, 11074, 10072
614, 2550, 2550, 11078, 10075
614, 2550, 2550, 11082, 10079
614, 2550, 2550, 11085, 10082
614, 2550, 2550, 11088, 10085
614, 2550, 2550, 11091, 10088
614, 2550, 2550, 11095, 10092
614, 2550, 2550, 11099, 10096
614, 2550, 2550, 11102, 10099
590, 2550, 2550, 11105, 10102
590, 2550, 2550, 11108, 10105
590, 2550, 2550, 11112, 10109
590, 2550, 2550, 11115, 10112
590, 2550, 2550, 11118, 10115
590, 2550, 2550, 11122, 10118
590, 2550, 2550, 11125, 10122
590, 2550, 2550, 11128, 10125
555, 2550, 2550, 11134, 10131
555, 2550, 2550, 11137, 10134
555, 2550, 2550, 11141, 10138
561, 2550, 2550, 11144, 10142
561, 2550, 2550, 11148, 10145
561, 2550, 2550, 11151, 10148
561, 2550, 2550, 11154, 10151
561, 2550, 2550, 11158, 10154
561, 2550, 2550, 11161, 10158
561, 2550, 2550, 11164, 10161
561, 2550, 2550, 11168, 10164
561, 2550, 2550, 11171, 10168
553, 2550, 2550, 11175, 10171
553, 2550, 2550, 11178, 10174
546, 2550, 2550, 11182, 10178
546, 2550, 2550, 11185, 10182
546, 2550, 2550, 11188, 10185
544, 2550, 2550, 11192, 10188
544, 2550, 2550, 11195, 10192
544, 2550, 2550, 11199, 10195
532, 2550, 2550, 11202, 10198
536, 2550, 2550, 11208, 10204
536, 2550, 2550, 11211, 10207
536, 2550, 2550, 11214, 10211
527, 2550, 2550, 11217, 10214
527, 2550, 2550, 11221, 10218
544, 2550, 2550, 11225, 10222
544, 2550, 2550, 11228, 10225
544, 2550, 2550, 11231, 10228
544, 2550, 2550, 11234, 10232
519, 2550, 2550, 11238, 10235
519, 2550, 2550, 11241, 10238
519, 2550, 2550, 11245, 10242
519, 2550, 2550, 11248, 10246
519, 2550, 2550, 11252, 10249
519, 2550, 2550, 11255, 10253
519, 2550, 2550, 11258, 10256
519, 2550, 2550, 11261, 10259
519, 2550, 2550, 11264, 10262
519, 2550, 2550, 11268, 10266
519, 2550, 2550, 11271, 10268
519, 2550, 2550, 11274, 10272
555, 2550, 2550, 11279, 10277
555, 2550, 2550, 11283, 10280
555, 2550, 2550, 11286, 10284
340, 2550, 2550, 11291, 10288
340, 2550, 2550, 11294, 10291
340, 2550, 2550, 11297, 10294
340, 2550, 2550, 11300, 10298
340, 2550, 2550, 11304, 10302
340, 2550, 2550, 11307, 10304
340, 2550, 2550, 11310, 10308
340, 2550, 2550, 11315, 10312
483, 2550, 2550, 11319, 10316
483, 2550, 2550, 11322, 10319
326, 2550, 2550, 11326, 10323
326, 2550, 2550, 11329, 10326
483, 2550, 2550, 11332, 10330
483, 2550, 2550, 11336, 10334
483, 2550, 2550, 11339, 10337
462, 2550, 2550, 11342, 10340
462, 2550, 2550, 11345, 10344
455, 2550, 2550, 11350, 10347
455, 2550, 2550, 11353, 10351
452, 2550, 2550, 11358, 10355
452, 2550, 2550, 11361, 10358
452, 2550, 2550, 11364, 10362
443, 2550, 2550, 11367, 10365
443, 2550, 2550, 11370, 10368
448, 2550, 2550, 11374, 10372
448, 2550, 2550, 11377, 10375
448, 2550, 2550, 11380, 10378
428, 2550, 2550, 11383, 10381
428, 2550, 2550, 11387, 10385
448, 2550, 2550, 11391, 10388
448, 2550, 2550, 11394, 10392
448, 2550, 2550, 11398, 10396
399, 2550, 2550, 11401, 10399
399, 2550, 2550, 11404, 10402
429, 2550, 2550, 11408, 10406
429, 2550, 2550, 11411, 10410
429, 2550, 2550, 11414, 10412
420, 2550, 2550, 11418, 10416
425, 2550, 2550, 11423, 10422
425, 2550, 2550, 11427, 10425
425, 2550, 2550, 11430, 10428
425, 2550, 2550, 11434, 10432
425, 2550, 2550, 11437, 10435
425, 2550, 2550, 11441, 10439
425, 2550, 2550, 11444, 10442
425, 2550, 2550, 11448, 10446
425, 2550, 2550, 11451, 10449
425, 2550, 2550, 11455, 10452
425, 2550, 2550, 11458, 10455
416, 2550, 2550, 11462, 10459
416, 2550, 2550, 11465, 10463
416, 2550, 2550, 11468, 10466
433, 2550, 2550, 11473, 10470
433, 2550, 2550, 11476, 10473
433, 2550, 2550, 11479, 10476
433, 2550, 2550, 11483, 10480
433, 2550, 2550, 11486, 10484
433, 2550, 2550, 11489, 10486
433, 2550, 2550, 11492, 10489
397, 2550, 2550, 11496, 10494
397, 2550, 2550, 11501, 10498
326, 2550, 2550, 11504, 10501
326, 2550, 2550, 11508, 10504
326, 2550, 2550, 11511, 10507
376, 2550, 2550, 11514, 10510
376, 2550, 2550, 11517, 10513
374, 2550, 2550, 11520, 10517
374, 2550, 2550, 11523, 10520
374, 2550, 2550, 11527, 10524
385, 2550, 2550, 11531, 10528
385, 2550, 2550, 11535, 10532
365, 2550, 2550, 11539, 10536
365, 2550, 2550, 11542, 10539
364, 2550, 2550, 11546, 10542
364, 2550, 2550, 11549, 10546
364, 2550, 2550, 11552, 10549
357, 2550, 2550, 11556, 10554
357, 2550, 2550, 11560, 10556
357, 2550, 2550, 11563, 10560
357, 2550, 2550, 11567, 10565
348, 2550, 2550, 11572, 10570
348, 2550, 2550, 11576, 10574
340, 2550, 2550, 11580, 10578
340, 2550, 2550, 11583, 10580
340, 2550, 2550, 11586, 10584
365, 2550, 2550, 11589, 10587
365, 2550, 2550, 11594, 10591
370, 2550, 2550, 11597, 10594
370, 2550, 2550, 11600, 10598
370, 2550, 2550, 11603, 10601
370, 2550, 2550, 11607, 10604
370, 2550, 2550, 11611, 10608
326, 2550, 2550, 11614, 10611
326, 2550, 2550, 11618, 10615
329, 2550, 2550, 11621, 10618
329, 2550, 2550, 11624, 10621
329, 2550, 2550, 11627, 10624
328, 2550, 2550, 11631, 10628
328, 2550, 2550, 11634, 10631
328, 2550, 2550, 11637, 10634
328, 2550, 2550, 11640, 10638
328, 2550, 2550, 11644, 10642
321, 2550, 2550, 11648, 10646
321, 2550, 2550, 11651, 10648
321, 2550, 2550, 11655, 10652
321, 2550, 2550, 11658, 10655
321, 2550, 2550, 11661, 10658
321, 2550, 2550, 11664, 10662
321, 2550, 2550, 11668, 10665
326, 2550, 2550, 11671, 10668
326, 2550, 2550, 11674, 10671
326, 2550, 2550, 11677, 10674
326, 2550, 2550, 11682, 10679
326, 2550, 2550, 11686, 10683
326, 2550, 2550, 11689, 10686
326, 2550, 2550, 11692, 10690
326, 2550, 2550, 11696, 10693
326, 2550, 2550, 11698, 10696
326, 2550, 2550, 11702, 10699
322, 2550, 2550, 11705, 10702
322, 2550, 2550, 11710, 10708
321, 2550, 2550, 11714, 10711
321, 2550, 2550, 11718, 10716
321, 2550, 2550, 11722, 10720
321, 2550, 2550, 11725, 10723
321, 2550, 2550, 11728, 10726
321, 2550, 2550, 11731, 10729
321, 2550, 2550, 11734, 10732
321, 2550, 2550, 11737, 10735
321, 2550, 2550, 11742, 10740
321, 2550, 2550, 11745, 10743
321, 2550, 2550, 11748, 10746
267, 2550, 2550, 11752, 10750
267, 2550, 2550, 11755, 10753
259, 2550, 2550, 11760, 10758
259, 2550, 2550, 11763, 10761
263, 2550, 2550, 11766, 10764
263, 2550, 2550, 11769, 10768
263, 2550, 2550, 11772, 10771
255, 2550, 2550, 11775, 10774
255, 2550, 2550, 11777, 10778
255, 2550, 2550, 11780, 10781
255, 2550, 2550, 11783, 10786
243, 2550, 2550, 11786, 10790
243, 80, 2550, 11788, 10794
243, 80, 2550, 11790, 10798
243, 80, 2550, 11792, 10801
235, 80, 2550, 11793, 10804
235, 80, 2550, 11795, 10807
234, 80, 2550, 11797, 10812
234, 80, 2550, 11798, 10814
234, 80, 2550, 11800, 10816
235, 80, 2550, 11802, 10819
235, 80, 2550, 11805, 10822
227, 80, 2550, 11808, 10825
227, 80, 2550, 11810, 10826
227, 80, 2550, 11813, 10828
227, 80, 2550, 11816, 10830
227, 80, 2550, 11820, 10832
229, 80, 2550, 11823, 10833
229, 80, 2550, 11828, 10835
220, 80, 2550, 11832, 10836
225, 80, 2550, 11836, 10838
225, 80, 2550, 11839, 10839
221, 220, 2550, 11843, 10840
221, 220, 2550, 11847, 10840
221, 220, 2550, 11850, 10841
212, 220, 2550, 11853, 10842
212, 220, 2550, 11856, 10842
221, 220, 2550, 11860, 10842
221, 220, 2550, 11863, 10842
221, 220, 2550, 11867, 10842
219, 220, 2550, 11870, 10841
219, 220, 2550, 11875, 10840
225, 220, 2550, 11878, 10840
225, 70, 2550, 11882, 10839
211, 70, 2550, 11885, 10838
211, 70, 2550, 11888, 10837
198, 70, 2550, 11891, 10836
198, 70, 2550, 11894, 10835
198, 70, 2550, 11898, 10834
205, 70, 2550, 11901, 10832
205, 70, 2550, 11904, 10831
211, 70, 2550, 11908, 10829
211, 70, 2550, 11912, 10827
203, 210, 2550, 11916, 10824
203, 210, 2550, 11919, 10823
204, 210, 2550, 11922, 10820
204, 210, 2550, 11926, 10818
204, 210, 2550, 11929, 10816
259, 210, 2550, 11932, 10813
259, 210, 2550, 11935, 10810
326, 210, 2550, 11939, 10806
326, 210, 2550, 11942, 10803
326, 210, 2550, 11946, 10799
326, 210, 2550, 11949, 10795
326, 210, 2550, 11953, 10791
326, 210, 2550, 11956, 10788
326, 210, 2550, 11960, 10785
326, 210, 2550, 11963, 10782
326, 210, 2550, 11966, 10779
326, 210, 2550, 11970, 10776
326, 210, 2550, 11976, 10772
326, 210, 2550, 11979, 10769
326, 210, 2550, 11983, 10767
1052, 210, 2550, 11986, 10766
1052, 210, 2550, 11990, 10764
1052, 210, 2550, 11993, 10763
1052, 210, 2550, 11996, 10762
1052, 210, 2550, 12000, 10761
1052, 210, 2550, 12003, 10760
1052, 210, 2550, 12006, 10759
1052, 210, 2550, 12009, 10758
1052, 210, 2550, 12012, 10758
1052, 210, 2550, 12016, 10758
1052, 210, 2550, 12019, 10757
1052, 200, 2550, 12024, 10757
1052, 200, 2550, 12027, 10757
1052, 200, 2550, 12030, 10757
1052, 200, 2550, 12034, 10757
1052, 200, 2550, 12037, 10757
1052, 200, 2550, 12040, 10758
1080, 200, 2550, 12043, 10758
1080, 200, 2550, 12047, 10758
1066, 200, 2550, 12050, 10759
1066, 200, 2550, 12053, 10760
1066, 200, 2550, 12059, 10762
1066, 200, 2550, 12063, 10763
1066, 200, 2550, 12066, 10764
1066, 200, 2550, 12069, 10766
1066, 200, 2550, 12072, 10768
1066, 200, 2550, 12075, 10770
1066, 200, 2550, 12078, 10772
978, 200, 2550, 12082, 10774
978, 200, 2550, 12086, 10776
978, 200, 1060, 12089, 10778
1550, 200, 1060, 12092, 10780
1550, 2550, 1060, 12097, 10784
1550, 2550, 1060, 12100, 10786
1550, 2550, 1060, 12103, 10789
2550, 2550, 1060, 12107, 10792
2550, 2550, 1060, 12110, 10796
2550, 2550, 1060, 12113, 10799
2550, 2550, 1060, 12118, 10804
2550, 2550, 1060, 12122, 10808
2550, 2550, 1070, 12125, 10812
2550, 2550, 1070, 12129, 10816
2550, 2550, 1070, 12133, 10820
2550, 2550, 1070, 12136, 10824
2550, 2550, 1070, 12140, 10827
2550, 2550, 1070, 12143, 10830
2550, 2550, 1070, 12146, 10834
2550, 2550, 1070, 12149, 10837
2550, 2550, 1070, 12152, 10840
2550, 2550, 1070, 12156, 10844
2550, 2550, 1040, 12160, 10847
2550, 2550, 1040, 12163, 10850
2550, 2550, 1040, 12167, 10854
2550, 970, 1040, 12170, 10857
2550, 970, 1040, 12174, 10860
765, 970, 1040, 12177, 10863
765, 970, 1040, 12180, 10866
765, 970, 1040, 12183, 10869
1105, 970, 1040, 12186, 10872
1105, 970, 1040, 12190, 10876
1099, 970, 1040, 12193, 10880
1099, 970, 2550, 12201, 10887
1507, 210, 2550, 12206, 10892
1507, 210, 2550, 12210, 10896
1507, 210, 2550, 12213, 10899
1512, 210, 2550, 12217, 10903
1512, 210, 2550, 12220, 10906
1512, 210, 2550, 12224, 10910
1497, 210, 2550, 12228, 10914
1497, 210, 2550, 12231, 10918
1497, 210, 2550, 12234, 10921
1486, 210, 2550, 12240, 10926
1486, 210, 2550, 12243, 10930
1486, 210, 2550, 12247, 10934
1486, 210, 2550, 12250, 10937
1486, 210, 2550, 12254, 10940
1486, 210, 2550, 12257, 10944
1486, 210, 2550, 12263, 10950
1486, 210, 2550, 12267, 10954
1482, 210, 2550, 12270, 10957
1482, 920, 2550, 12274, 10961
1482, 920, 2550, 12278, 10965
1474, 920, 2550, 12281, 10969
1474, 920, 2550, 12285, 10972
1474, 920, 2550, 12288, 10976
1456, 920, 2550, 12292, 10979
1456, 920, 2550, 12295, 10982
1456, 920, 2550, 12298, 10986
1145, 920, 2550, 12304, 10991
1145, 920, 2550, 12307, 10995
953, 910, 2550, 12312, 10999
953, 910, 2550, 12315, 11002
986, 910, 2550, 12319, 11006
986, 910, 2550, 12323, 11010
986, 910, 2550, 12326, 11013
964, 910, 2550, 12331, 11018
964, 910, 2550, 12334, 11021
903, 910, 2550, 12338, 11025
903, 910, 2550, 12342, 11029
903, 910, 2550, 12346, 11032
1426, 890, 2550, 12351, 11038
1426, 890, 2550, 12355, 11042
1418, 890, 2550, 12359, 11046
1418, 890, 2550, 12362, 11049
1418, 890, 2550, 12366, 11052
1405, 890, 2550, 12369, 11056
1405, 890, 2550, 12372, 11059
1405, 890, 2550, 12376, 11063
857, 890, 2550, 12380, 11066
857, 880, 2550, 12383, 11070
857, 880, 2550, 12387, 11074
1037, 880, 2550, 12390, 11077
1037, 880, 2550, 12394, 11080
1037, 880, 2550, 12397, 11083
1062, 880, 2550, 12400, 11086
1062, 880, 2550, 12403, 11090
1115, 880, 2550, 12407, 11095
1115, 880, 2550, 12413, 11100
1115, 880, 2550, 12416, 11103
909, 860, 2550, 12420, 11106
909, 860, 2550, 12423, 11110
937, 860, 2550, 12427, 11114
937, 860, 2550, 12430, 11117
937, 860, 2550, 12433, 11120
937, 860, 2550, 12436, 11123
1388, 860, 2550, 12440, 11126
1388, 860, 2550, 12442, 11129
1388, 860, 2550, 12446, 11132
1388, 860, 2550, 12449, 11136
454, 860, 2550, 12453, 11139
454, 840, 2550, 12456, 11143
454, 840, 2550, 12460, 11146
454, 840, 2550, 12463, 11150
454, 840, 2550, 12466, 11153
454, 840, 2550, 12469, 11156
454, 840, 2550, 12473, 11160
454, 840, 2550, 12475, 11162
1372, 840, 2550, 12478, 11166
1372, 840, 2550, 12482, 11169
1372, 840, 2550, 12486, 11173
1372, 840, 2550, 12489, 11177
1372, 830, 2550, 12493, 11180
1372, 830, 2550, 12497, 11184
1372, 830, 2550, 12500, 11187
1372, 830, 2550, 12504, 11192
1372, 830, 2550, 12508, 11195
1344, 830, 2550, 12511, 11198
1344, 830, 2550, 12514, 11201
1344, 830, 2550, 12517, 11204
1344, 830, 2550, 12524, 11211
326, 820, 2550, 12528, 11214
326, 820, 2550, 12532, 11218
571, 820, 2550, 12535, 11222
571, 820, 2550, 12538, 11225
571, 820, 2550, 12542, 11228
571, 820, 2550, 12545, 11232
571, 820, 2550, 12548, 11234
571, 820, 2550, 12552, 11239
963, 820, 2550, 12557, 11244
963, 820, 2550, 12560, 11247
963, 800, 2550, 12564, 11250
1325, 800, 2550, 12568, 11254
1325, 800, 2550, 12571, 11257
1325, 800, 2550, 12574, 11260
1325, 800, 2550, 12578, 11264
1015, 800, 2550, 12581, 11267
1015, 800, 2550, 12584, 11270
992, 800, 2550, 12587, 11273
992, 800, 2550, 12590, 11277
992, 800, 2550, 12594, 11280
992, 800, 2550, 12597, 11284
992, 780, 2550, 12600, 11287
992, 780, 2550, 12604, 11291
992, 780, 2550, 12607, 11294
992, 780, 2550, 12611, 11298
992, 780, 2550, 12615, 11301
1313, 780, 2550, 12618, 11304
1313, 780, 2550, 12622, 11308
1313, 780, 2550, 12625, 11312
1313, 780, 900, 12628, 11315
1313, 780, 900, 12632, 11319
1313, 770, 900, 12636, 11322
1313, 770, 900, 12639, 11326
1313, 770, 900, 12643, 11330
1313, 770, 900, 12646, 11333
1313, 770, 900, 12650, 11336
1313, 770, 900, 12653, 11340
1313, 770, 900, 12656, 11343
1313, 770, 900, 12659, 11346
1313, 770, 900, 12662, 11350
1313, 770, 870, 12665, 11352
456, 750, 870, 12670, 11357
456, 750, 870, 12673, 11360
456, 750, 870, 12677, 11364
644, 750, 870, 12680, 11367
644, 750, 870, 12684, 11370
644, 750, 870, 12687, 11374
644, 750, 870, 12690, 11377
644, 750, 870, 12693, 11382
644, 750, 870, 12699, 11386
644, 750, 860, 12702, 11389
567, 740, 860, 12706, 11393
567, 740, 860, 12710, 11396
567, 740, 860, 12713, 11400
561, 740, 860, 12716, 11403
561, 740, 860, 12719, 11406
561, 740, 860, 12724, 11410
561, 740, 860, 12727, 11413
561, 740, 860, 12730, 11416
561, 740, 860, 12733, 11420
561, 740, 720, 12736, 11423
561, 740, 720, 12739, 11426
509, 730, 720, 12744, 11431
509, 730, 720, 12747, 11434
506, 730, 720, 12750, 11437
506, 730, 720, 12754, 11441
506, 730, 720, 12757, 11444
506, 730, 720, 12761, 11448
506, 730, 720, 12764, 11451
506, 730, 720, 12767, 11454
506, 730, 720, 12770, 11458
506, 730, 700, 12776, 11464
626, 710, 700, 12780, 11468
626, 710, 700, 12784, 11470
626, 710, 700, 12787, 11474
626, 710, 700, 12790, 11477
626, 710, 700, 12793, 11480
626, 710, 700, 12797, 11484
778, 710, 700, 12800, 11487
778, 710, 700, 12803, 11490
778, 710, 700, 12806, 11493
784, 710, 680, 12810, 11496
784, 710, 680, 12813, 11500
784, 690, 680, 12817, 11504
1202, 690, 680, 12820, 11507
1202, 690, 680, 12823, 11510
1202, 690, 680, 12826, 11513
1202, 690, 680, 12829, 11516
1182, 690, 680, 12833, 11520
1182, 690, 680, 12836, 11523
1130, 690, 680, 12841, 11528
1130, 690, 670, 12845, 11531
1130, 690, 670, 12848, 11535
1130, 680, 670, 12853, 11540
518, 680, 670, 12856, 11543
518, 680, 670, 12860, 11547
518, 680, 670, 12863, 11550
518, 680, 670, 12867, 11554
518, 680, 670, 12870, 11557
518, 680, 670, 12874, 11560
518, 680, 670, 12877, 11564
518, 680, 650, 12881, 11568
518, 680, 650, 12884, 11571
518, 660, 650, 12888, 11575
518, 660, 650, 12892, 11578
518, 660, 650, 12895, 11581
518, 660, 650, 12900, 11586
518, 660, 650, 12903, 11589
518, 660, 650, 12906, 11593
518, 660, 650, 12909, 11596
518, 660, 650, 12912, 11599
518, 660, 640, 12917, 11603
518, 660, 640, 12920, 11606
743, 650, 640, 12923, 11609
743, 650, 640, 12927, 11613
500, 650, 640, 12930, 11616
500, 650, 640, 12934, 11620
500, 650, 640, 12938, 11624
500, 650, 640, 12941, 11627
500, 650, 640, 12944, 11630
500, 650, 640, 12947, 11633
500, 650, 640, 12951, 11637
500, 650, 630, 12954, 11640
500, 650, 630, 12957, 11644
500, 640, 630, 12962, 11648
500, 640, 630, 12964, 11650
500, 640, 630, 12967, 11654
500, 640, 630, 12971, 11658
500, 640, 630, 12974, 11661
500, 640, 630, 12978, 11664
500, 640, 630, 12981, 11668
500, 640, 630, 12986, 11673
500, 640, 600, 12989, 11676
500, 640, 600, 12993, 11680
321, 620, 600, 12997, 11684
321, 620, 600, 13000, 11687
340, 620, 600, 13004, 11690
340, 620, 600, 13007, 11694
340, 620, 600, 13010, 11698
340, 620, 600, 13014, 11700
340, 620, 600, 13017, 11704
340, 620, 600, 13020, 11707
340, 620, 590, 13024, 11711
340, 620, 590, 13027, 11714
744, 610, 590, 13030, 11718
744, 610, 590, 13034, 11721
443, 610, 590, 13037, 11724
443, 610, 590, 13040, 11727
443, 610, 590, 13044, 11730
443, 610, 590, 13048, 11734
443, 610, 590, 13051, 11737
443, 610, 590, 13054, 11741
443, 610, 590, 13058, 11744
443, 610, 570, 13061, 11748
443, 610, 570, 13064, 11751
443, 590, 570, 13067, 11754
443, 590, 570, 13072, 11758
443, 590, 570, 13075, 11762
443, 590, 570, 13078, 11765
443, 590, 570, 13082, 11769
443, 590, 570, 13085, 11772
443, 590, 570, 13088, 11775
443, 590, 570, 13091, 11778
443, 590, 570, 13096, 11783
443, 590, 560, 13099, 11786
443, 580, 560, 13102, 11789
443, 580, 560, 13105, 11792
443, 580, 560, 13109, 11796
443, 580, 560, 13112, 11799
443, 580, 560, 13116, 11802
443, 580, 560, 13119, 11806
443, 580, 560, 13122, 11809
443, 580, 560, 13126, 11813
443, 580, 560, 13131, 11818
443, 580, 550, 13134, 11820
443, 580, 550, 13137, 11824
443, 570, 550, 13140, 11827
443, 570, 550, 13145, 11831
443, 570, 550, 13148, 11834
443, 570, 550, 13151, 11838
443, 570, 550, 13155, 11842
443, 570, 550, 13158, 11845
443, 570, 550, 13161, 11848
443, 570, 550, 13165, 11852
443, 570, 540, 13168, 11855
443, 570, 540, 13171, 11858
443, 550, 540, 13175, 11862
443, 550, 540, 13177, 11864
689, 550, 540, 13182, 11869
689, 550, 540, 13185, 11872
689, 550, 540, 13190, 11877
689, 550, 540, 13193, 11880
689, 550, 540, 13196, 11883
689, 550, 540, 13200, 11888
689, 550, 530, 13204, 11891
689, 550, 530, 13207, 11894
689, 540, 530, 13211, 11898
689, 540, 530, 13214, 11901
689, 540, 530, 13218, 11905
689, 540, 530, 13221, 11908
689, 540, 530, 13224, 11911
689, 540, 530, 13228, 11914
689, 540, 530, 13231, 11918
689, 540, 530, 13234, 11921
689, 540, 530, 13238, 11925
689, 540, 520, 13242, 11928
689, 540, 520, 13245, 11931
689, 520, 520, 13248, 11934
689, 520, 520, 13251, 11938
689, 520, 520, 13255, 11941
689, 520, 520, 13258, 11944
689, 520, 520, 13261, 11947
689, 520, 520, 13265, 11951
689, 520, 520, 13268, 11954
689, 520, 520, 13271, 11957
689, 520, 510, 13277, 11963
689, 520, 510, 13280, 11966
689, 510, 510, 13283, 11969
689, 510, 510, 13286, 11972
689, 510, 510, 13289, 11975
689, 510, 510, 13292, 11979
689, 510, 510, 13296, 11982
689, 510, 510, 13301, 11987
689, 510, 510, 13303, 11989
689, 510, 510, 13306, 11992
689, 510, 510, 13311, 11996
689, 510, 500, 13314, 12000
658, 510, 500, 13318, 12004
658, 480, 500, 13321, 12006
658, 480, 500, 13324, 12010
658, 480, 500, 13327, 12013
658, 480, 500, 13330, 12016
658, 480, 500, 13334, 12020
658, 480, 500, 13337, 12024
658, 480, 500, 13340, 12026
326, 480, 500, 13343, 12030
326, 480, 490, 13347, 12034
326, 480, 490, 13350, 12037
607, 480, 490, 13354, 12040
607, 480, 490, 13357, 12043
607, 480, 490, 13360, 12047
595, 480, 490, 13363, 12050
595, 480, 490, 13366, 12054
595, 480, 490, 13371, 12058
595, 480, 490, 13374, 12061
595, 480, 490, 13377, 12064
595, 480, 490, 13381, 12068
595, 480, 480, 13385, 12072
595, 480, 480, 13388, 12075
595, 470, 480, 13392, 12079
595, 470, 480, 13395, 12082
595, 470, 480, 13398, 12086
595, 470, 480, 13402, 12089
595, 470, 480, 13405, 12092
595, 470, 480, 13409, 12096
595, 470, 480, 13412, 12098
595, 470, 480, 13415, 12101
595, 470, 470, 13422, 12108
527, 470, 470, 13425, 12111
527, 460, 470, 13428, 12115
527, 460, 470, 13431, 12118
517, 460, 470, 13434, 12121
517, 460, 470, 13438, 12125
517, 460, 470, 13441, 12128
517, 460, 470, 13445, 12132
517, 460, 470, 13448, 12135
517, 460, 470, 13451, 12138
517, 460, 470, 13454, 12141
517, 460, 450, 13458, 12145
517, 460, 450, 13461, 12148
517, 430, 450, 13464, 12152
517, 430, 450, 13467, 12155
517, 430, 450, 13470, 12158
517, 430, 450, 13474, 12162
517, 430, 450, 13478, 12164
517, 430, 450, 13482, 12169
517, 430, 450, 13486, 12172
517, 430, 450, 13489, 12175
517, 430, 440, 13492, 12179
517, 430, 440, 13496, 12182
523, 430, 440, 13500, 12186
523, 430, 440, 13503, 12190
553, 430, 440, 13506, 12193
553, 430, 440, 13509, 12196
553, 430, 440, 13513, 12200
553, 430, 440, 13517, 12204
553, 430, 440, 13520, 12207
553, 430, 440, 13523, 12209
553, 430, 440, 13526, 12213
553, 430, 430, 13530, 12216
553, 430, 430, 13533, 12220
553, 420, 430, 13536, 12223
553, 420, 430, 13539, 12226
553, 420, 430, 13542, 12229
553, 420, 430, 13545, 12232
553, 420, 430, 13549, 12236
536, 420, 430, 13553, 12240
536, 420, 430, 13556, 12243
427, 420, 430, 13559, 12246
427, 420, 420, 13565, 12252
479, 420, 420, 13569, 12256
479, 400, 420, 13572, 12259
498, 400, 420, 13580, 12266
498, 400, 420, 13583, 12270
491, 400, 420, 13590, 12276
491, 400, 420, 13594, 12281
491, 400, 420, 13598, 12284
491, 400, 410, 13602, 12289
491, 400, 410, 13606, 12292
491, 390, 410, 13609, 12296
748, 390, 410, 13613, 12299
748, 390, 410, 13616, 12302
748, 390, 410, 13622, 12308
748, 390, 410, 13625, 12312
748, 390, 410, 13629, 12316
748, 390, 410, 13633, 12319
748, 390, 400, 13636, 12322
748, 390, 400, 13640, 12326
748, 380, 400, 13644, 12330
748, 380, 400, 13647, 12333
748, 380, 400, 13650, 12338
748, 380, 400, 13655, 12341
481, 380, 400, 13660, 12346
481, 380, 400, 13665, 12350
474, 380, 400, 13670, 12356
474, 380, 380, 13673, 12359
471, 380, 380, 13677, 12363
471, 360, 380, 13683, 12369
429, 360, 380, 13686, 12372
429, 360, 380, 13689, 12376
429, 360, 380, 13693, 12380
429, 360, 380, 13697, 12384
429, 360, 380, 13700, 12388
429, 360, 380, 13706, 12393
469, 360, 370, 13709, 12397
469, 350, 370, 13714, 12402
479, 350, 370, 13719, 12406
479, 350, 370, 13722, 12409
479, 350, 370, 13726, 12412
452, 350, 370, 13731, 12417
452, 350, 370, 13734, 12420
435, 350, 370, 13737, 12424
455, 350, 360, 13745, 12431
455, 350, 360, 13748, 12435
455, 340, 360, 13752, 12439
455, 340, 360, 13756, 12442
455, 340, 360, 13759, 12446
455, 340, 360, 13767, 12453
428, 340, 360, 13774, 12460
428, 340, 360, 13777, 12464
397, 340, 350, 13782, 12469
397, 320, 350, 13787, 12473
397, 320, 350, 13792, 12478
397, 320, 350, 13796, 12482
397, 320, 350, 13799, 12486
397, 320, 350, 13805, 12492
397, 320, 350, 13809, 12496
397, 320, 350, 13813, 12500
397, 320, 330, 13817, 12504
397, 320, 330, 13820, 12507
397, 310, 330, 13825, 12512
385, 310, 330, 13828, 12515
385, 310, 330, 13832, 12518
376, 310, 330, 13836, 12523
376, 310, 330, 13841, 12528
439, 310, 330, 13845, 12531
376, 310, 320, 13852, 12539
376, 310, 320, 13856, 12542
392, 290, 320, 13860, 12547
392, 290, 320, 13864, 12551
392, 290, 320, 13867, 12554
370, 290, 320, 13870, 12557
370, 290, 320, 13873, 12560
370, 290, 320, 13877, 12564
370, 290, 320, 13881, 12568
370, 290, 320, 13883, 12571
370, 290, 320, 13887, 12574
370, 290, 310, 13890, 12577
370, 290, 310, 13893, 12580
370, 280, 310, 13896, 12584
376, 280, 310, 13900, 12587
376, 280, 310, 13903, 12590
376, 280, 310, 13906, 12593
376, 280, 310, 13909, 12596
376, 280, 310, 13914, 12600
376, 280, 310, 13917, 12604
376, 280, 310, 13921, 12608
376, 280, 300, 13924, 12611
376, 280, 300, 13927, 12614
582, 260, 300, 13931, 12618
582, 260, 300, 13935, 12622
582, 260, 300, 13938, 12626
582, 260, 300, 13942, 12629
582, 260, 300, 13945, 12632
582, 260, 300, 13949, 12636
582, 260, 300, 13952, 12639
582, 260, 300, 13956, 12643
582, 260, 290, 13959, 12646
582, 260, 290, 13962, 12649
345, 260, 290, 13966, 12653
345, 240, 290, 13969, 12656
321, 240, 290, 13973, 12660
321, 240, 290, 13976, 12662
321, 240, 290, 13979, 12666
321, 240, 290, 13982, 12668
326, 240, 290, 13985, 12672
361, 240, 290, 13990, 12676
361, 240, 290, 13993, 12679
380, 240, 280, 13999, 12685
380, 230, 280, 14002, 12688
380, 230, 280, 14006, 12692
705, 230, 280, 14009, 12695
705, 230, 280, 14012, 12698
365, 230, 280, 14015, 12701
365, 230, 280, 14018, 12704
365, 230, 280, 14022, 12709
326, 230, 280, 14026, 12712
326, 230, 280, 14030, 12716
321, 230, 260, 14033, 12720
321, 230, 260, 14036, 12723
625, 220, 260, 14040, 12726
625, 220, 260, 14043, 12730
625, 220, 260, 14046, 12733
607, 220, 260, 14050, 12736
607, 220, 260, 14054, 12740
607, 220, 260, 14057, 12743
607, 220, 260, 14061, 12747
607, 220, 260, 14065, 12752
607, 220, 250, 14069, 12755
607, 220, 250, 14072, 12758
607, 220, 250, 14076, 12762
321, 220, 250, 14080, 12766
321, 220, 250, 14083, 12769
321, 220, 250, 14086, 12772
345, 220, 250, 14089, 12776
345, 220, 250, 14093, 12779
599, 220, 250, 14096, 12782
599, 220, 250, 14100, 12786
469, 220, 240, 14104, 12790
469, 220, 240, 14107, 12793
469, 210, 240, 14110, 12797
364, 210, 240, 14113, 12800
364, 210, 240, 14117, 12803
364, 210, 240, 14120, 12806
326, 210, 240, 14123, 12810
326, 210, 240, 14126, 12813
321, 210, 240, 14129, 12816
321, 210, 240, 14132, 12819
321, 210, 240, 14136, 12824
328, 210, 230, 14142, 12829
328, 210, 230, 14145, 12832
328, 200, 230, 14148, 12835
30, 200, 230, 14152, 12840
30, 200, 230, 14156, 12843
30, 200, 230, 14159, 12846
30, 200, 230, 14162, 12849
30, 200, 230, 14165, 12852
30, 200, 230, 14168, 12855
30, 200, 230, 14172, 12858
30, 200, 220, 14176, 12861
30, 200, 220, 14179, 12864
326, 200, 220, 14183, 12867
326, 200, 220, 14186, 12869
460, 200, 220, 14190, 12872
460, 200, 220, 14193, 12874
460, 200, 220, 14196, 12876
326, 200, 220, 14199, 12878
326, 200, 220, 14202, 12880
321, 200, 220, 14205, 12882
321, 200, 220, 14209, 12886
326, 200, 220, 14213, 12889
326, 200, 220, 14216, 12892
326, 200, 220, 14219, 12895
321, 200, 220, 14223, 12898
321, 200, 220, 14227, 12902
326, 200, 220, 14230, 12906
326, 200, 220, 14233, 12908
326, 200, 220, 14236, 12912
326, 200, 220, 14240, 12916
326, 200, 220, 14243, 12919
321, 200, 210, 14248, 12924
321, 200, 210, 14251, 12926
321, 200, 210, 14254, 12930
321, 200, 210, 14257, 12933
321, 200, 210, 14261, 12936
321, 200, 210, 14264, 12940
321, 200, 210, 14267, 12942
321, 200, 210, 14270, 12946
321, 200, 210, 14273, 12949
321, 200, 210, 14276, 12952
321, 200, 210, 14279, 12955
321, 200, 210, 14285, 12961
321, 200, 210, 14288, 12964
326, 190, 210, 14292, 12968
326, 190, 210, 14296, 12972
326, 190, 210, 14300, 12975
326, 190, 210, 14303, 12978
326, 190, 210, 14306, 12982
326, 190, 210, 14310, 12985
326, 190, 210, 14313, 12988
326, 190, 210, 14317, 12991
326, 190, 220, 14324, 12996
273, 160, 220, 14328, 12999
273, 160, 220, 14331, 13000
473, 160, 220, 14334, 13003
473, 160, 220, 14338, 13005
473, 160, 220, 14341, 13006
326, 160, 220, 14345, 13008
326, 160, 220, 14347, 13009
326, 160, 220, 14350, 13010
326, 160, 350, 14355, 13012
326, 160, 350, 14359, 13013
326, 140, 350, 14362, 13014
326, 140, 350, 14365, 13014
326, 140, 350, 14368, 13014
326, 140, 350, 14373, 13015
326, 140, 350, 14376, 13015
257, 140, 350, 14379, 13016
257, 140, 350, 14382, 13016
326, 140, 350, 14386, 13015
326, 140, 350, 14389, 13015
236, 140, 220, 14394, 13014
236, 150, 220, 14397, 13014
236, 150, 220, 14400, 13014
220, 150, 220, 14404, 13012
220, 150, 220, 14407, 13012
229, 150, 220, 14411, 13010
229, 150, 220, 14415, 13009
213, 150, 220, 14418, 13008
213, 150, 220, 14421, 13006
213, 150, 220, 14424, 13004
211, 150, 210, 14431, 13001
211, 200, 210, 14435, 12999
211, 200, 210, 14438, 12997
211, 200, 210, 14441, 12995
211, 200, 210, 14444, 12993
211, 200, 210, 14448, 12991
211, 200, 210, 14451, 12988
211, 200, 210, 14454, 12986
211, 200, 210, 14458, 12982
211, 200, 210, 14461, 12979
211, 200, 220, 14465, 12974
211, 200, 220, 14469, 12970
184, 350, 220, 14472, 12966
184, 350, 220, 14476, 12963
184, 350, 220, 14479, 12960
184, 350, 220, 14483, 12956
184, 350, 220, 14486, 12951
184, 350, 220, 14490, 12948
184, 350, 220, 14492, 12946
184, 350, 220, 14495, 12943
184, 350, 2550, 14498, 12940
184, 350, 2550, 14501, 12937
184, 370, 2550, 14504, 12934
184, 370, 2550, 14506, 12931
184, 370, 2550, 14508, 12929
184, 370, 2550, 14510, 12927
184, 370, 2550, 14512, 12925
184, 370, 2550, 14515, 12922
185, 370, 2550, 14517, 12920
185, 370, 2550, 14520, 12918
185, 370, 2550, 14523, 12914
185, 370, 2550, 14527, 12911
181, 390, 2550, 14531, 12907
181, 390, 2550, 14534, 12904
67, 390, 2550, 14537, 12900
67, 390, 2550, 14541, 12896
67, 390, 2550, 14545, 12892
189, 390, 2550, 14548, 12888
189, 390, 2550, 14552, 12885
189, 390, 2550, 14555, 12882
189, 390, 2550, 14558, 12878
189, 390, 2550, 14569, 12868
189, 450, 2550, 14572, 12865
189, 450, 2550, 14575, 12862
195, 450, 2550, 14578, 12858
195, 450, 2550, 14581, 12855
195, 450, 2550, 14584, 12852
205, 450, 2550, 14588, 12849
205, 450, 2550, 14591, 12846
205, 450, 2550, 14594, 12843
205, 450, 2550, 14598, 12840
205, 450, 2550, 14601, 12836
225, 210, 2550, 14605, 12832
225, 210, 2550, 14608, 12829
219, 210, 2550, 14611, 12826
219, 210, 2550, 14614, 12823
219, 210, 2550, 14618, 12819
326, 210, 2550, 14622, 12815
326, 210, 2550, 14625, 12812
321, 210, 2550, 14628, 12809
321, 210, 2550, 14631, 12805
321, 210, 2550, 14634, 12802
321, 200, 2550, 14640, 12797
321, 200, 2550, 14643, 12794
321, 200, 2550, 14647, 12791
321, 200, 2550, 14650, 12789
321, 200, 2550, 14653, 12787
321, 200, 2550, 14656, 12784
321, 200, 2550, 14661, 12782
321, 200, 2550, 14664, 12780
321, 200, 2550, 14667, 12778
321, 200, 2550, 14671, 12776
598, 200, 2550, 14675, 12775
598, 220, 2550, 14678, 12773
598, 220, 2550, 14682, 12772
598, 220, 2550, 14685, 12771
598, 220, 2550, 14688, 12770
598, 220, 2550, 14691, 12769
598, 220, 2550, 14694, 12769
598, 220, 2550, 14698, 12768
598, 220, 2550, 14700, 12768
598, 220, 2550, 14704, 12768
598, 220, 2550, 14709, 12768
598, 220, 2550, 14714, 12768
598, 220, 2550, 14718, 12768
598, 220, 2550, 14721, 12768
598, 220, 2550, 14724, 12768
598, 220, 2550, 14727, 12769
598, 220, 2550, 14731, 12770
598, 220, 2550, 14735, 12770
598, 220, 2550, 14737, 12771
598, 220, 2550, 14742, 12772
598, 220, 2550, 14745, 12774
490, 2550, 2550, 14749, 12775
490, 2550, 2550, 14752, 12777
490, 2550, 2550, 14756, 12779
490, 2550, 2550, 14758, 12780
490, 2550, 2550, 14762, 12782
490, 2550, 2550, 14765, 12784
490, 2550, 2550, 14768, 12787
490, 2550, 2550, 14771, 12789
490, 2550, 2550, 14775, 12791
490, 2550, 2550, 14778, 12794
490, 2550, 2550, 14781, 12796
490, 2550, 2550, 14786, 12800
490, 2550, 2550, 14790, 12804
1593, 2550, 2550, 14793, 12806
1593, 2550, 2550, 14797, 12810
1593, 2550, 2550, 14800, 12813
1593, 2550, 2550, 14803, 12817
1593, 2550, 2550, 14807, 12821
679, 2550, 2550, 14810, 12824
679, 2550, 2550, 14813, 12828
679, 2550, 2550, 14816, 12831
679, 2550, 2550, 14820, 12835
679, 2550, 2550, 14824, 12839
679, 2550, 2550, 14827, 12842
679, 2550, 2550, 14830, 12845
2282, 2550, 2550, 14834, 12848
2282, 2550, 2550, 14837, 12852
2282, 2550, 2550, 14840, 12855
2314, 2550, 2550, 14844, 12859
2314, 2550, 2550, 14848, 12862
2314, 2550, 2550, 14852, 12867
2314, 2550, 2550, 14856, 12871
2314, 2550, 2550, 14860, 12874
2314, 2550, 2550, 14863, 12878
2314, 2550, 2550, 14866, 12881
2314, 2550, 2550, 14870, 12884
2314, 2550, 2550, 14872, 12887
2314, 2550, 2550, 14877, 12892
2314, 2550, 2550, 14880, 12895
2314, 2550, 2550, 14883, 12898
2314, 2550, 2550, 14887, 12901
2314, 2550, 2550, 14890, 12904
2314, 2550, 2550, 14894, 12908
1443, 2550, 2550, 14897, 12912
1443, 2550, 2550, 14901, 12915
1443, 2550, 2550, 14904, 12918
1443, 2550, 2550, 14908, 12922
2249, 2550, 2550, 14911, 12924
2249, 2550, 2550, 14914, 12928
894, 2550, 2550, 14917, 12931
894, 2550, 2550, 14921, 12934
894, 2550, 2550, 14924, 12938
1430, 2550, 2550, 14928, 12942
1430, 2550, 2550, 14933, 12947
1430, 2550, 2550, 14937, 12951
2257, 2550, 2550, 14940, 12954
2257, 2550, 2550, 14943, 12957
2257, 2550, 2550, 14946, 12960
2257, 2550, 2550, 14949, 12964
2257, 2550, 2550, 14952, 12966
2257, 2550, 2550, 14956, 12970
2257, 2550, 2550, 14959, 12974
2257, 2550, 2550, 14963, 12978
2257, 2550, 2550, 14966, 12981
2257, 2550, 2550, 14970, 12984
1672, 2550, 2550, 14974, 12989
1672, 2550, 2550, 14977, 12992
1672, 2550, 2550, 14981, 12996
1672, 2550, 2550, 14984, 12999
1672, 2550, 2550, 14987, 13002
1672, 2550, 2550, 14990, 13006
1672, 2550, 2550, 14994, 13009
810, 2550, 2550, 15000, 13014
810, 2550, 2550, 15003, 13018
804, 2550, 2550, 15007, 13022
804, 2550, 2550, 15010, 13025
804, 2550, 2550, 15014, 13028
804, 2550, 2550, 15017, 13031
817, 2550, 2550, 15020, 13034
817, 2550, 2550, 15023, 13038
796, 2550, 2550, 15027, 13041
796, 2550, 2550, 15031, 13044
766, 2550, 2550, 15034, 13048
766, 2550, 2550, 15038, 13052
766, 2550, 2550, 15041, 13055
766, 2550, 2550, 15044, 13058
766, 2550, 2550, 15048, 13062
766, 2550, 2550, 15051, 13065
766, 2550, 2550, 15054, 13068
766, 2550, 2550, 15057, 13071
766, 2550, 2550, 15060, 13074
766, 2550, 2550, 15064, 13078
778, 2550, 2550, 15068, 13082
778, 2550, 2550, 15071, 13086
788, 2550, 2550, 15075, 13090
788, 2550, 2550, 15078, 13093
788, 2550, 2550, 15082, 13096
750, 2550, 2550, 15085, 13100
750, 2550, 2550, 15088, 13102
750, 2550, 2550, 15092, 13106
754, 2550, 2550, 15096, 13110
754, 2550, 2550, 15099, 13113
764, 2550, 2550, 15103, 13117
764, 2550, 2550, 15106, 13120
764, 2550, 2550, 15110, 13124
757, 2550, 2550, 15113, 13128
757, 2550, 2550, 15116, 13131
757, 2550, 2550, 15120, 13134
757, 2550, 2550, 15123, 13137
757, 2550, 2550, 15126, 13140
757, 2550, 2550, 15129, 13144
757, 2550, 2550, 15132, 13147
757, 2550, 2550, 15136, 13150
757, 2550, 2550, 15140, 13155
757, 2550, 2550, 15145, 13160
757, 2550, 2550, 15148, 13164
757, 2550, 2550, 15152, 13166
757, 2550, 2550, 15156, 13170
757, 2550, 2550, 15158, 13173
757, 2550, 2550, 15162, 13176
757, 2550, 2550, 15165, 13180
757, 2550, 2550, 15168, 13182
757, 2550, 2550, 15171, 13186
757, 2550, 2550, 15175, 13190
757, 2550, 2550, 15178, 13192
757, 2550, 2550, 15182, 13196
757, 2550, 2550, 15185, 13200
757, 2550, 2550, 15188, 13203
757, 2550, 2550, 15192, 13206
757, 2550, 2550, 15196, 13210
757, 2550, 2550, 15199, 13214
740, 2550, 2550, 15202, 13217
740, 2550, 2550, 15205, 13220
740, 2550, 2550, 15208, 13224
740, 2550, 2550, 15212, 13227
740, 2550, 2550, 15216, 13231
740, 210, 2550, 15219, 13234
740, 210, 2550, 15223, 13238
740, 210, 2550, 15227, 13241
740, 210, 2550, 15230, 13245
740, 210, 2550, 15233, 13248
740, 210, 2550, 15236, 13251
376, 210, 2550, 15240, 13255
376, 210, 2550, 15244, 13258
376, 210, 2550, 15247, 13262
736, 210, 2550, 15251, 13266
736, 220, 2550, 15254, 13269
736, 220, 2550, 15257, 13272
736, 220, 2550, 15261, 13276
736, 220, 2550, 15266, 13280
736, 220, 2550, 15268, 13283
736, 220, 2550, 15272, 13286
736, 220, 2550, 15274, 13289
677, 220, 2550, 15278, 13292
677, 220, 2550, 15281, 13295
677, 220, 2550, 15286, 13300
677, 210, 2550, 15290, 13304
677, 210, 2550, 15293, 13307
677, 210, 2550, 15296, 13311
677, 210, 2550, 15300, 13314
677, 210, 2550, 15303, 13318
713, 210, 2550, 15306, 13321
713, 210, 2550, 15309, 13324
713, 210, 2550, 15313, 13327
713, 210, 2550, 15316, 13330
713, 210, 2550, 15320, 13334
713, 210, 2550, 15323, 13338
713, 2550, 2550, 15326, 13341
713, 2550, 2550, 15329, 13344
713, 2550, 2550, 15333, 13348
713, 2550, 2550, 15336, 13351
713, 2550, 2550, 15340, 13354
713, 2550, 2550, 15343, 13358
713, 2550, 2550, 15346, 13361
713, 2550, 2550, 15349, 13364
713, 2550, 2550, 15352, 13367
713, 2550, 2550, 15355, 13370
670, 2550, 2550, 15360, 13375
670, 210, 2550, 15363, 13378
439, 210, 2550, 15367, 13382
439, 210, 2550, 15370, 13385
439, 210, 2550, 15374, 13388
439, 210, 2550, 15377, 13392
439, 210, 2550, 15380, 13395
439, 210, 2550, 15384, 13398
439, 210, 2550, 15387, 13401
439, 210, 2550, 15391, 13404
439, 210, 2550, 15394, 13408
439, 210, 2550, 15399, 13412
439, 210, 2550, 15402, 13415
439, 210, 2550, 15406, 13419
439, 210, 2550, 15409, 13422
439, 210, 2550, 15412, 13426
439, 210, 2550, 15415, 13429
439, 210, 2550, 15418, 13432
439, 210, 2550, 15421, 13436
439, 210, 2550, 15424, 13440
439, 210, 2550, 15428, 13445
326, 200, 2550, 15434, 13449
326, 200, 2550, 15437, 13452
326, 200, 2550, 15441, 13456
326, 200, 2550, 15444, 13459
326, 200, 2550, 15448, 13462
326, 200, 2550, 15451, 13466
326, 200, 2550, 15454, 13468
677, 200, 2550, 15457, 13472
677, 200, 2550, 15461, 13475
677, 200, 2550, 15464, 13478
677, 200, 2550, 15468, 13482
677, 210, 2550, 15471, 13485
677, 210, 2550, 15474, 13488
677, 210, 2550, 15478, 13492
677, 210, 2550, 15481, 13496
677, 210, 2550, 15486, 13500
677, 210, 2550, 15489, 13503
677, 210, 2550, 15492, 13506
677, 210, 2550, 15495, 13508
677, 210, 2550, 15498, 13512
677, 210, 2550, 15501, 13515
677, 200, 2550, 15505, 13519
677, 200, 2550, 15508, 13522
677, 200, 2550, 15511, 13526
677, 200, 2550, 15516, 13531
677, 200, 2550, 15520, 13534
677, 200, 2550, 15524, 13538
677, 200, 2550, 15526, 13541
698, 200, 2550, 15530, 13544
698, 200, 2550, 15533, 13548
698, 200, 2550, 15536, 13551
698, 200, 2550, 15540, 13554
698, 200, 2550, 15543, 13558
698, 200, 2550, 15546, 13561
698, 200, 2550, 15549, 13564
698, 200, 2550, 15553, 13568
698, 200, 2550, 15556, 13571
698, 200, 2550, 15560, 13574
698, 200, 2550, 15563, 13578
563, 200, 2550, 15566, 13581
563, 200, 2550, 15570, 13585
563, 200, 2550, 15575, 13590
563, 210, 2550, 15579, 13594
563, 210, 2550, 15582, 13597
563, 210, 2550, 15585, 13600
563, 210, 2550, 15589, 13604
563, 210, 2550, 15592, 13607
563, 210, 2550, 15596, 13610
563, 210, 2550, 15598, 13614
563, 210, 2550, 15602, 13617
563, 210, 2550, 15605, 13620
563, 210, 2550, 15608, 13623
563, 210, 2550, 15612, 13627
649, 200, 2550, 15615, 13630
649, 200, 2550, 15619, 13634
649, 200, 2550, 15622, 13636
649, 200, 2550, 15626, 13640
649, 200, 2550, 15629, 13643
649, 200, 2550, 15632, 13646
649, 200, 2550, 15635, 13650
649, 200, 2550, 15638, 13653
649, 200, 2550, 15642, 13656
649, 200, 2550, 15645, 13659
649, 200, 2550, 15648, 13663
649, 320, 2550, 15652, 13666
649, 320, 2550, 15655, 13670
649, 320, 2550, 15658, 13673
649, 320, 2550, 15662, 13676
649, 320, 2550, 15665, 13680
649, 320, 2550, 15669, 13684
649, 320, 2550, 15672, 13687
649, 320, 2550, 15676, 13690
649, 320, 2550, 15679, 13694
649, 320, 2550, 15682, 13697
649, 290, 2550, 15686, 13701
527, 290, 2550, 15690, 13704
527, 290, 2550, 15693, 13708
527, 290, 2550, 15696, 13711
527, 290, 2550, 15699, 13714
527, 290, 2550, 15703, 13717
527, 290, 2550, 15706, 13720
527, 290, 2550, 15709, 13723
527, 290, 2550, 15712, 13726
527, 290, 2550, 15715, 13730
527, 310, 2550, 15720, 13735
527, 310, 2550, 15725, 13740
527, 310, 2550, 15728, 13743
2550, 310, 2550, 15732, 13747
2550, 310, 2550, 15736, 13750
2550, 310, 2550, 15739, 13754
2550, 310, 2550, 15742, 13757
2550, 310, 2550, 15746, 13760
2550, 310, 2550, 15750, 13764
2550, 310, 2550, 15753, 13767
2550, 310, 2550, 15756, 13770
2550, 310, 2550, 15760, 13774
2550, 310, 2550, 15763, 13777
2550, 310, 2550, 15766, 13780
561, 310, 2550, 15770, 13784
561, 310, 2550, 15774, 13788
561, 310, 2550, 15777, 13791
561, 310, 2550, 15780, 13794
561, 310, 2550, 15783, 13798
561, 310, 2550, 15788, 13802
561, 310, 2550, 15791, 13805
561, 290, 2550, 15794, 13808
561, 290, 2550, 15798, 13812
561, 290, 2550, 15800, 13815
561, 290, 2550, 15804, 13819
561, 290, 2550, 15809, 13824
561, 290, 2550, 15812, 13827
561, 290, 2550, 15820, 13834
561, 290, 2550, 15825, 13840
561, 300, 2550, 15829, 13844
561, 300, 2550, 15832, 13847
561, 300, 2550, 15837, 13853
561, 300, 2550, 15841, 13856
561, 300, 2550, 15844, 13859
1862, 300, 2550, 15849, 13863
1862, 300, 2550, 15854, 13868
1862, 300, 2550, 15858, 13872
2550, 300, 2550, 15863, 13878
2550, 280, 2550, 15868, 13883
1708, 280, 2550, 15874, 13888
1708, 280, 2550, 15878, 13892
1708, 280, 2550, 15882, 13896
1708, 280, 2550, 15885, 13899
1708, 280, 2550, 15888, 13902
1708, 280, 2550, 15891, 13906
1708, 280, 2550, 15896, 13910
1480, 280, 2550, 15899, 13914
1480, 280, 2550, 15903, 13917
1480, 280, 2550, 15906, 13920
1480, 280, 2550, 15909, 13924
2550, 280, 2550, 15913, 13927
2550, 280, 2550, 15916, 13931
2550, 280, 2550, 15920, 13934
2550, 280, 2550, 15923, 13938
1821, 280, 2550, 15926, 13941
1821, 280, 2550, 15930, 13944
1821, 280, 2550, 15933, 13948
1740, 290, 2550, 15937, 13952
1740, 290, 2550, 15940, 13954
1740, 290, 2550, 15943, 13958
1779, 290, 2550, 15947, 13961
1779, 290, 2550, 15950, 13964
1779, 290, 2550, 15954, 13968
1779, 290, 2550, 15957, 13972
1761, 290, 2550, 15960, 13975
1761, 290, 2550, 15964, 13978
1761, 290, 2550, 15967, 13982
1290, 290, 2550, 15970, 13985
1290, 350, 2550, 15974, 13989
1290, 350, 2550, 15977, 13992
1512, 350, 2550, 15980, 13995
1512, 350, 2550, 15984, 13998
1512, 350, 2550, 15987, 14002
1770, 350, 2550, 15991, 14006
1770, 350, 2550, 15994, 14008
1770, 350, 2550, 15997, 14012
1668, 350, 2550, 16001, 14016
1668, 350, 2550, 16004, 14019
1668, 350, 2550, 16008, 14022
1752, 340, 2550, 16013, 14028
1752, 340, 2550, 16016, 14031
1752, 340, 2550, 16020, 14034
1752, 340, 2550, 16023, 14037
1740, 340, 2550, 16027, 14042
1740, 340, 2550, 16030, 14044
1007, 340, 2550, 16033, 14048
1007, 340, 2550, 16037, 14051
1007, 340, 2550, 16040, 14054
1408, 340, 2550, 16043, 14058
1408, 320, 2550, 16046, 14061
1408, 320, 2550, 16049, 14064
1408, 320, 2550, 16053, 14068
1760, 320, 2550, 16056, 14072
1760, 320, 2550, 16060, 14076
1726, 320, 2550, 16066, 14080
1726, 320, 2550, 16069, 14083
1726, 320, 2550, 16073, 14087
1726, 320, 2550, 16076, 14090
1726, 320, 2550, 16079, 14094
1726, 290, 2550, 16082, 14097
1726, 290, 2550, 16086, 14100
1726, 290, 2550, 16089, 14104
1726, 290, 2550, 16092, 14107
1726, 290, 2550, 16096, 14110
1627, 290, 2550, 16099, 14114
1627, 290, 2550, 16102, 14117
1627, 290, 2550, 16105, 14120
1717, 290, 2550, 16109, 14124
1717, 290, 2550, 16116, 14130
1202, 290, 2550, 16120, 14133
1202, 290, 2550, 16123, 14136
1202, 290, 2550, 16126, 14140
1202, 290, 2550, 16130, 14143
1202, 290, 2550, 16132, 14146
1694, 290, 2550, 16136, 14150
1694, 290, 2550, 16140, 14153
1282, 290, 2550, 16143, 14157
1282, 290, 2550, 16147, 14161
1282, 290, 2550, 16150, 14164
1746, 300, 2550, 16155, 14169
1746, 300, 2550, 16158, 14172
1746, 300, 2550, 16161, 14176
1688, 300, 2550, 16165, 14179
1688, 300, 2550, 16168, 14182
1688, 300, 2550, 16171, 14186
1670, 300, 2550, 16175, 14189
1670, 300, 2550, 16178, 14192
1670, 300, 2550, 16182, 14196
1486, 300, 2550, 16186, 14200
1486, 290, 2550, 16189, 14203
1486, 290, 2550, 16192, 14206
1517, 290, 2550, 16195, 14209
1517, 290, 2550, 16198, 14212
1517, 290, 2550, 16202, 14216
1517, 290, 2550, 16205, 14219
1664, 290, 2550, 16208, 14222
1664, 290, 2550, 16212, 14226
1664, 290, 2550, 16215, 14229
1657, 290, 2550, 16219, 14234
1657, 290, 2550, 16223, 14237
1334, 290, 2550, 16226, 14241
1334, 290, 2550, 16229, 14244
1334, 290, 2550, 16233, 14247
1334, 290, 2550, 16236, 14250
1106, 290, 2550, 16240, 14254
1106, 290, 2550, 16243, 14257
1106, 290, 2550, 16247, 14261
1619, 290, 2550, 16250, 14264
1619, 290, 2550, 16253, 14268
1619, 290, 2550, 16257, 14271
1619, 290, 2550, 16260, 14274
1619, 270, 2550, 16263, 14277
1619, 270, 2550, 16266, 14280
1619, 270, 2550, 16269, 14284
1619, 270, 2550, 16272, 14287
1619, 270, 2550, 16276, 14290
1623, 270, 2550, 16280, 14294
1623, 270, 2550, 16283, 14298
1623, 270, 2550, 16286, 14300
1623, 270, 2550, 16290, 14304
2550, 270, 2550, 16294, 14308
2550, 270, 2550, 16297, 14312
1619, 270, 2550, 16302, 14316
1619, 270, 2550, 16305, 14320
1619, 270, 2550, 16308, 14323
1619, 270, 2550, 16313, 14327
1597, 270, 2550, 16316, 14330
1597, 270, 2550, 16320, 14334
1597, 270, 2550, 16323, 14337
1654, 270, 2550, 16326, 14341
1654, 270, 2550, 16330, 14344
1654, 270, 2550, 16333, 14348
1601, 270, 2550, 16337, 14351
1601, 270, 2550, 16339, 14354
1601, 270, 2550, 16343, 14357
1624, 270, 2550, 16346, 14360
1624, 270, 2550, 16350, 14364
1624, 270, 2550, 16354, 14368
1601, 270, 2550, 16357, 14372
1601, 270, 2550, 16361, 14378
1601, 270, 2550, 16367, 14382
1589, 260, 2550, 16370, 14385
1589, 260, 2550, 16374, 14388
1589, 260, 2550, 16377, 14392
1541, 260, 2550, 16380, 14395
1541, 260, 2550, 16384, 14398
1541, 260, 2550, 16387, 14402
1575, 260, 2550, 16390, 14405
1575, 260, 2550, 16394, 14409
968, 260, 2550, 16398, 14412
968, 260, 2550, 16401, 14415
968, 260, 2550, 16405, 14420
968, 260, 2550, 16409, 14423
968, 260, 2550, 16412, 14426
968, 260, 2550, 16414, 14429
968, 260, 2550, 16418, 14432
968, 260, 2550, 16422, 14436
968, 260, 2550, 16424, 14439
1550, 260, 2550, 16428, 14443
1550, 260, 2550, 16431, 14446
1550, 260, 2550, 16435, 14449
1550, 260, 2550, 16438, 14453
1565, 240, 2550, 16444, 14459
1565, 240, 2550, 16447, 14462
1539, 240, 2550, 16450, 14465
1539, 240, 2550, 16454, 14468
1539, 240, 2550, 16457, 14472
1536, 240, 2550, 16461, 14475
1536, 240, 2550, 16464, 14478
1536, 240, 2550, 16468, 14482
1543, 240, 2550, 16471, 14485
1543, 240, 2550, 16474, 14488
1543, 250, 2550, 16478, 14492
1543, 250, 2550, 16482, 14495
1529, 250, 2550, 16485, 14498
1529, 250, 2550, 16488, 14501
1529, 250, 2550, 16491, 14504
1521, 250, 2550, 16494, 14508
1521, 250, 2550, 16497, 14511
1521, 250, 2550, 16501, 14514
1372, 250, 2550, 16505, 14519
1372, 250, 2550, 16508, 14522
1372, 250, 2550, 16511, 14526
1503, 270, 2550, 16515, 14530
1503, 270, 2550, 16518, 14532
1503, 270, 2550, 16521, 14536
1503, 270, 2550, 16524, 14539
1519, 270, 2550, 16528, 14543
1519, 270, 2550, 16532, 14546
1519, 270, 2550, 16536, 14550
1519, 270, 2550, 16539, 14553
1519, 270, 2550, 16543, 14558
1442, 270, 2550, 16547, 14561
1442, 260, 2550, 16551, 14564
1442, 260, 2550, 16554, 14568
1442, 260, 2550, 16557, 14571
1442, 260, 2550, 16560, 14574
1442, 260, 2550, 16563, 14578
1442, 260, 2550, 16566, 14580
1442, 260, 2550, 16569, 14584
1442, 260, 2550, 16572, 14587
812, 260, 2550, 16577, 14591
812, 260, 2550, 16580, 14594
812, 260, 2550, 16583, 14598
1344, 240, 2550, 16589, 14604
1344, 240, 2550, 16592, 14607
1344, 240, 2550, 16596, 14610
1351, 240, 2550, 16599, 14614
1351, 240, 2550, 16602, 14617
1351, 240, 2550, 16606, 14620
1334, 240, 2550, 16609, 14624
1334, 240, 2550, 16613, 14628
812, 240, 2550, 16616, 14630
812, 240, 2550, 16620, 14634
812, 230, 2550, 16623, 14637
812, 230, 2550, 16626, 14640
812, 230, 2550, 16630, 14644
812, 230, 2550, 16633, 14647
812, 230, 2550, 16636, 14650
812, 230, 2550, 16640, 14654
812, 230, 2550, 16644, 14658
812, 230, 2550, 16648, 14662
812, 230, 2550, 16652, 14666
812, 230, 2550, 16655, 14670
812, 240, 2550, 16658, 14673
812, 240, 2550, 16662, 14676
812, 240, 2550, 16665, 14680
1430, 240, 2550, 16668, 14683
1430, 240, 2550, 16671, 14686
1430, 240, 2550, 16674, 14689
1432, 240, 2550, 16677, 14692
1432, 240, 2550, 16681, 14696
1432, 240, 2550, 16686, 14701
1444, 240, 2550, 16689, 14704
1444, 240, 2550, 16692, 14707
1444, 220, 2550, 16696, 14710
1421, 220, 2550, 16699, 14714
1421, 220, 2550, 16702, 14717
1421, 220, 2550, 16706, 14720
1421, 220, 2550, 16709, 14723
1438, 220, 2550, 16712, 14726
1438, 220, 2550, 16715, 14729
1438, 220, 2550, 16718, 14732
1438, 220, 2550, 16722, 14736
1438, 220, 2550, 16726, 14740
1438, 230, 2550, 16729, 14743
1438, 230, 2550, 16735, 14749
1438, 230, 2550, 16738, 14752
1438, 230, 2550, 16741, 14756
1438, 230, 2550, 16745, 14759
1438, 230, 2550, 16748, 14762
1438, 230, 2550, 16751, 14766
1438, 230, 2550, 16754, 14770
982, 230, 2550, 16758, 14773
982, 230, 2550, 16762, 14777
982, 230, 2550, 16766, 14780
982, 230, 2550, 16769, 14784
982, 230, 2550, 16772, 14787
982, 230, 2550, 16775, 14790
982, 230, 2550, 16778, 14793
982, 230, 2550, 16781, 14796
1381, 230, 2550, 16785, 14800
1381, 230, 2550, 16788, 14802
1381, 230, 2550, 16791, 14806
1381, 230, 2550, 16795, 14810
1381, 230, 2550, 16799, 14814
1381, 220, 2550, 16802, 14817
1381, 220, 2550, 16806, 14820
1381, 220, 2550, 16809, 14824
1381, 220, 2550, 16812, 14826
1381, 220, 2550, 16816, 14830
1385, 220, 2550, 16819, 14833
1385, 220, 2550, 16822, 14836
1385, 220, 2550, 16825, 14839
1385, 220, 2550, 16829, 14842
1385, 220, 2550, 16833, 14846
1385, 220, 2550, 16836, 14850
1385, 220, 2550, 16839, 14853
1385, 220, 2550, 16842, 14856
1385, 220, 2550, 16846, 14860
1385, 220, 2550, 16849, 14863
1385, 220, 2550, 16853, 14866
1385, 220, 2550, 16856, 14870
1385, 220, 2550, 16859, 14873
1385, 220, 2550, 16862, 14876
937, 220, 2550, 16867, 14881
937, 220, 2550, 16870, 14884
937, 230, 2550, 16874, 14888
937, 230, 2550, 16878, 14892
937, 230, 2550, 16882, 14896
937, 230, 2550, 16885, 14899
937, 230, 2550, 16888, 14902
937, 230, 2550, 16891, 14905
937, 230, 2550, 16894, 14908
1275, 230, 2550, 16897, 14912
1275, 230, 2550, 16902, 14916
1210, 230, 2550, 16905, 14920
1210, 230, 2550, 16909, 14923
1210, 230, 2550, 16912, 14926
925, 230, 2550, 16915, 14929
925, 230, 2550, 16919, 14933
925, 230, 2550, 16922, 14936
1318, 230, 2550, 16926, 14940
1318, 230, 2550, 16929, 14943
1318, 230, 2550, 16932, 14946
1218, 230, 2550, 16937, 14952
1218, 230, 2550, 16941, 14955
1218, 230, 2550, 16945, 14960
1218, 230, 2550, 16948, 14962
1218, 230, 2550, 16951, 14966
1218, 230, 2550, 16954, 14969
1218, 230, 2550, 16957, 14972
1218, 230, 2550, 16960, 14975
1194, 230, 2550, 16964, 14978
1194, 230, 2550, 16967, 14981
1194, 230, 2550, 16970, 14984
1297, 230, 2550, 16975, 14989
1297, 230, 2550, 16979, 14993
1297, 260, 2550, 16982, 14996
1297, 260, 2550, 16985, 15000
1297, 260, 2550, 16988, 15003
1297, 260, 2550, 16992, 15006
1297, 260, 2550, 16995, 15009
1297, 260, 2550, 16998, 15012
1297, 260, 2550, 17001, 15016
1179, 260, 2550, 17004, 15019
1179, 260, 2550, 17008, 15022
1179, 260, 2550, 17012, 15026
1076, 260, 2550, 17015, 15030
1076, 2550, 2550, 17019, 15034
1206, 2550, 2550, 17024, 15039
1206, 2550, 2550, 17028, 15042
1206, 2550, 2550, 17030, 15045
1262, 2550, 2550, 17035, 15050
1262, 2550, 2550, 17038, 15052
1262, 2550, 2550, 17041, 15056
1253, 2550, 2550, 17044, 15059
1253, 2550, 2550, 17048, 15063
1253, 2550, 2550, 17052, 15067
1253, 2550, 2550, 17055, 15070
1253, 2550, 2550, 17058, 15073
1253, 2550, 2550, 17062, 15076
1253, 2550, 2550, 17065, 15080
1253, 2550, 2550, 17068, 15083
1171, 2550, 2550, 17072, 15086
1171, 2550, 2550, 17075, 15089
1171, 2550, 2550, 17077, 15092
1162, 2550, 2550, 17081, 15096
1162, 2550, 2550, 17085, 15100
1162, 2550, 2550, 17089, 15104
1162, 2550, 2550, 17092, 15106
1162, 2550, 2550, 17095, 15110
1162, 2550, 2550, 17098, 15112
1162, 2550, 2550, 17102, 15116
1162, 2550, 2550, 17105, 15119
1162, 2550, 2550, 17109, 15123
1135, 2550, 2550, 17112, 15126
1135, 2550, 2550, 17115, 15129
1135, 2550, 2550, 17119, 15133
1147, 2550, 2550, 17122, 15136
1147, 2550, 2550, 17126, 15140
1131, 2550, 2550, 17129, 15144
1131, 2550, 2550, 17132, 15147
1131, 2550, 2550, 17135, 15150
1131, 2550, 2550, 17139, 15154
1179, 2550, 2550, 17142, 15157
1179, 2550, 2550, 17145, 15160
1179, 2550, 2550, 17148, 15164
1162, 2550, 2550, 17152, 15167
1162, 2550, 2550, 17155, 15170
1162, 2550, 2550, 17158, 15174
1162, 2550, 2550, 17162, 15178
1162, 2550, 2550, 17169, 15184
1162, 2550, 2550, 17172, 15187
1162, 2550, 2550, 17176, 15190
1191, 2550, 2550, 17179, 15194
1191, 2550, 2550, 17182, 15197
1191, 2550, 2550, 17185, 15200
1198, 2550, 2550, 17188, 15203
1198, 2550, 2550, 17192, 15206
1198, 2550, 2550, 17196, 15210
1198, 2550, 2550, 17200, 15213
1198, 2550, 2550, 17203, 15216
1198, 2550, 2550, 17206, 15219
1198, 2550, 2550, 17209, 15222
1198, 2550, 2550, 17212, 15226
1198, 2550, 2550, 17217, 15231
1145, 2550, 2550, 17220, 15234
1145, 2550, 2550, 17223, 15237
1145, 2550, 2550, 17227, 15241
1113, 2550, 2550, 17230, 15245
1113, 2550, 2550, 17235, 15249
1074, 2550, 2550, 17238, 15252
1074, 2550, 2550, 17241, 15256
1074, 2550, 2550, 17244, 15259
1074, 2550, 2550, 17249, 15263
1181, 2550, 2550, 17252, 15267
1181, 2550, 2550, 17255, 15270
1093, 2550, 2550, 17259, 15273
1093, 2550, 2550, 17262, 15277
1093, 2550, 2550, 17265, 15280
923, 2550, 2550, 17269, 15284
923, 2550, 2550, 17273, 15287
923, 2550, 2550, 17276, 15290
1173, 2550, 2550, 17279, 15294
1173, 2550, 2550, 17282, 15296
1173, 2550, 2550, 17286, 15300
1154, 2550, 2550, 17289, 15302
1154, 2550, 2550, 17292, 15306
1154, 2550, 2550, 17295, 15309
1160, 2550, 2550, 17299, 15312
1160, 2550, 2550, 17302, 15316
886, 2550, 2550, 17306, 15320
886, 2550, 2550, 17312, 15326
886, 2550, 2550, 17315, 15330
1155, 2550, 2550, 17318, 15333
1155, 2550, 2550, 17322, 15337
1138, 2550, 2550, 17325, 15340
1138, 2550, 2550, 17328, 15343
1138, 2550, 2550, 17332, 15346
1129, 2550, 2550, 17335, 15350
1129, 2550, 2550, 17339, 15353
1129, 2550, 2550, 17342, 15357
1138, 2550, 2550, 17346, 15361
1138, 2550, 2550, 17350, 15364
1138, 2550, 2550, 17353, 15367
1138, 2550, 2550, 17356, 15370
1119, 2550, 2550, 17360, 15374
1119, 2550, 2550, 17363, 15377
1119, 2550, 2550, 17366, 15380
1119, 2550, 2550, 17369, 15384
1119, 2550, 2550, 17372, 15387
933, 2550, 2550, 17376, 15391
933, 2550, 2550, 17380, 15394
933, 2550, 2550, 17383, 15397
933, 2550, 2550, 17386, 15400
933, 2550, 2550, 17389, 15404
933, 2550, 2550, 17392, 15406
933, 2550, 2550, 17396, 15410
933, 2550, 2550, 17399, 15414
933, 2550, 2550, 17402, 15417
933, 2550, 2550, 17405, 15420
933, 2550, 2550, 17409, 15423
933, 2550, 2550, 17412, 15427
933, 480, 2550, 17416, 15430
933, 480, 2550, 17419, 15434
764, 480, 2550, 17422, 15437
764, 480, 2550, 17426, 15440
764, 480, 2550, 17428, 15443
1097, 480, 2550, 17432, 15446
1097, 480, 2550, 17435, 15450
1097, 480, 2550, 17438, 15453
1028, 480, 2550, 17442, 15456
1028, 480, 2550, 17445, 15460
1101, 470, 2550, 17449, 15464
1101, 470, 2550, 17453, 15468
1101, 470, 2550, 17458, 15472
1080, 470, 2550, 17461, 15476
1080, 470, 2550, 17464, 15479
1080, 470, 2550, 17468, 15483
1068, 470, 2550, 17472, 15486
1068, 470, 2550, 17475, 15490
863, 470, 2550, 17478, 15493
863, 470, 2550, 17482, 15496
863, 470, 2550, 17485, 15500
1066, 470, 2550, 17489, 15504
1066, 470, 2550, 17493, 15507
1066, 470, 2550, 17496, 15510
1066, 470, 2550, 17499, 15514
1066, 470, 2550, 17503, 15518
1066, 470, 2550, 17506, 15521
1066, 470, 2550, 17509, 15524
1066, 470, 2550, 17512, 15527
1066, 470, 1160, 17516, 15531
1066, 470, 1160, 17520, 15535
1066, 470, 1160, 17523, 15538
786, 470, 1160, 17528, 15543
786, 470, 1160, 17532, 15546
786, 470, 1160, 17535, 15549
1044, 470, 1160, 17538, 15552
1044, 470, 1160, 17542, 15556
1037, 470, 1160, 17545, 15559
1037, 470, 1160, 17548, 15562
1037, 470, 1140, 17551, 15566
1032, 470, 1140, 17556, 15570
1032, 460, 1140, 17559, 15573
780, 460, 1140, 17563, 15577
780, 460, 1140, 17566, 15580
780, 460, 1140, 17569, 15584
780, 460, 1140, 17573, 15588
1032, 460, 1140, 17576, 15590
1032, 460, 1140, 17580, 15594
1032, 460, 1140, 17584, 15598
1032, 460, 1130, 17587, 15601
1032, 460, 1130, 17590, 15604
1032, 470, 1130, 17594, 15608
1032, 470, 1130, 17597, 15611
1032, 470, 1130, 17602, 15616
1032, 470, 1130, 17606, 15620
1032, 470, 1130, 17609, 15624
1032, 470, 1130, 17612, 15627
1032, 470, 1130, 17616, 15631
1032, 470, 1130, 17620, 15634
1032, 470, 1110, 17623, 15638
1032, 470, 1110, 17626, 15641
1032, 460, 1110, 17630, 15644
1032, 460, 1110, 17633, 15648
1032, 460, 1110, 17637, 15651
1032, 460, 1110, 17640, 15654
1032, 460, 1110, 17643, 15657
1032, 460, 1110, 17646, 15660
1032, 460, 1110, 17649, 15663
1032, 460, 1110, 17653, 15667
990, 460, 1110, 17656, 15670
990, 460, 1100, 17659, 15674
804, 460, 1100, 17663, 15677
804, 460, 1100, 17666, 15681
804, 460, 1100, 17670, 15684
1008, 460, 1100, 17673, 15688
1008, 460, 1100, 17677, 15691
1008, 460, 1100, 17680, 15694
978, 460, 1100, 17683, 15697
978, 460, 1100, 17686, 15700
978, 460, 1100, 17689, 15704
817, 460, 1090, 17693, 15707
817, 460, 1090, 17696, 15710
817, 460, 1090, 17700, 15714
964, 460, 1090, 17703, 15718
964, 460, 1090, 17706, 15720
964, 460, 1090, 17710, 15724
964, 460, 1090, 17714, 15728
964, 460, 1090, 17718, 15732
964, 460, 1090, 17721, 15735
964, 460, 1090, 17724, 15738
964, 460, 1090, 17727, 15742
964, 460, 1070, 17730, 15745
964, 460, 1070, 17734, 15748
964, 450, 1070, 17737, 15752
964, 450, 1070, 17740, 15755
964, 450, 1070, 17746, 15760
947, 450, 1070, 17750, 15764
947, 450, 1070, 17753, 15768
947, 450, 1070, 17756, 15771
947, 450, 1070, 17759, 15774
947, 450, 1070, 17762, 15778
947, 450, 1050, 17767, 15782
947, 450, 1050, 17770, 15784
986, 450, 1050, 17773, 15788
986, 450, 1050, 17777, 15792
986, 450, 1050, 17779, 15794
923, 450, 1050, 17784, 15799
923, 450, 1050, 17787, 15802
923, 450, 1050, 17790, 15804
856, 450, 1050, 17794, 15808
856, 450, 1050, 17797, 15812
856, 450, 1050, 17801, 15816
929, 450, 1060, 17804, 15819
929, 450, 1060, 17808, 15823
925, 450, 1060, 17811, 15826
925, 450, 1060, 17814, 15829
925, 450, 1060, 17818, 15833
917, 450, 1060, 17822, 15837
917, 450, 1060, 17826, 15840
917, 450, 1060, 17828, 15843
913, 450, 1060, 17832, 15846
913, 450, 1060, 17836, 15850
901, 450, 1040, 17840, 15854
901, 450, 1040, 17843, 15858
901, 450, 1040, 17846, 15861
901, 450, 1040, 17850, 15864
901, 450, 1040, 17852, 15867
901, 450, 1040, 17856, 15871
901, 450, 1040, 17860, 15874
901, 450, 1040, 17863, 15878
901, 450, 1040, 17866, 15881
894, 450, 1040, 17869, 15884
894, 450, 2550, 17873, 15888
883, 450, 2550, 17876, 15891
883, 450, 2550, 17880, 15895
883, 440, 2550, 17883, 15898
886, 440, 2550, 17887, 15902
886, 440, 2550, 17893, 15908
886, 440, 2550, 17896, 15911
883, 440, 2550, 17900, 15914
883, 440, 2550, 17903, 15918
883, 440, 2550, 17906, 15920
883, 440, 2550, 17910, 15924
883, 440, 2550, 17917, 15931
883, 440, 2550, 17920, 15934
886, 440, 2550, 17923, 15937
886, 440, 2550, 17926, 15940
886, 440, 2550, 17931, 15945
871, 440, 2550, 17934, 15948
871, 440, 2550, 17937, 15951
871, 440, 2550, 17940, 15954
856, 440, 2550, 17943, 15958
856, 440, 2550, 17948, 15962
895, 440, 2550, 17952, 15966
895, 440, 2550, 17955, 15969
895, 440, 2550, 17958, 15972
895, 440, 2550, 17961, 15975
895, 440, 2550, 17966, 15980
895, 440, 2550, 17969, 15983
895, 440, 2550, 17972, 15986
895, 440, 2550, 17976, 15990
895, 440, 2550, 17978, 15993
895, 440, 2550, 17982, 15996
895, 440, 2550, 17985, 16000
895, 430, 2550, 17989, 16003
895, 430, 2550, 17992, 16007
895, 430, 2550, 17995, 16009
895, 430, 2550, 17998, 16012
895, 430, 2550, 18002, 16016
895, 430, 2550, 18006, 16020
895, 430, 2550, 18009, 16023
895, 430, 2550, 18012, 16026
895, 430, 2550, 18015, 16030
895, 430, 960, 18018, 16033
895, 430, 960, 18022, 16036
895, 440, 960, 18026, 16041
895, 440, 960, 18029, 16044
895, 440, 960, 18034, 16048
895, 440, 960, 18038, 16052
895, 440, 960, 18041, 16056
895, 440, 960, 18044, 16059
895, 440, 960, 18048, 16062
895, 440, 960, 18051, 16066
895, 440, 940, 18054, 16069
895, 440, 940, 18058, 16072
895, 430, 940, 18061, 16076
895, 430, 940, 18065, 16079
895, 430, 940, 18067, 16082
895, 430, 940, 18070, 16085
895, 430, 940, 18075, 16090
895, 430, 940, 18078, 16092
895, 430, 940, 18082, 16096
895, 430, 940, 18085, 16100
895, 430, 940, 18088, 16103
895, 430, 920, 18092, 16106
895, 430, 920, 18095, 16110
895, 430, 920, 18098, 16113
895, 430, 920, 18102, 16116
895, 430, 920, 18105, 16120
895, 430, 920, 18109, 16124
895, 430, 920, 18113, 16128
895, 430, 920, 18117, 16132
895, 430, 920, 18120, 16135
895, 430, 920, 18123, 16138
895, 430, 910, 18127, 16142
895, 430, 910, 18131, 16146
895, 440, 910, 18134, 16149
895, 440, 910, 18137, 16152
772, 440, 910, 18141, 16155
772, 440, 910, 18144, 16158
772, 440, 910, 18148, 16162
772, 440, 910, 18151, 16166
772, 440, 910, 18154, 16169
772, 440, 910, 18157, 16172
772, 440, 910, 18160, 16175
772, 440, 900, 18166, 16180
772, 430, 900, 18170, 16185
772, 430, 900, 18173, 16188
710, 430, 900, 18178, 16192
710, 430, 900, 18182, 16196
710, 430, 900, 18186, 16200
710, 430, 900, 18189, 16204
710, 430, 900, 18192, 16207
710, 430, 900, 18196, 16210
710, 430, 880, 18199, 16214
742, 430, 880, 18203, 16218
742, 420, 880, 18207, 16221
742, 420, 880, 18210, 16224
644, 420, 880, 18213, 16228
644, 420, 880, 18216, 16231
644, 420, 880, 18220, 16234
736, 420, 880, 18223, 16238
736, 420, 880, 18227, 16241
639, 420, 880, 18230, 16245
639, 420, 880, 18233, 16248
639, 420, 880, 18236, 16251
722, 420, 880, 18241, 16255
722, 420, 880, 18243, 16258
726, 420, 880, 18247, 16262
726, 420, 880, 18250, 16265
726, 420, 880, 18253, 16268
718, 420, 880, 18258, 16272
718, 420, 880, 18261, 16275
697, 420, 880, 18264, 16278
697, 420, 880, 18267, 16282
697, 420, 860, 18270, 16285
704, 420, 860, 18275, 16290
704, 420, 860, 18279, 16293
704, 420, 860, 18282, 16297
726, 420, 860, 18285, 16300
726, 420, 860, 18288, 16303
726, 420, 860, 18292, 16306
704, 420, 860, 18296, 16310
704, 420, 860, 18299, 16313
670, 420, 860, 18302, 16317
670, 420, 860, 18306, 16320
670, 420, 860, 18308, 16323
680, 420, 860, 18312, 16328
680, 420, 860, 18316, 16330
672, 420, 860, 18319, 16334
672, 420, 860, 18324, 16338
672, 420, 860, 18327, 16342
679, 420, 860, 18332, 16346
679, 420, 860, 18335, 16349
616, 420, 860, 18338, 16353
616, 420, 840, 18342, 16356
616, 420, 840, 18345, 16359
662, 420, 840, 18348, 16362
662, 410, 840, 18352, 16366
662, 410, 840, 18355, 16369
662, 410, 840, 18358, 16372
662, 410, 840, 18362, 16376
658, 410, 840, 18366, 16380
658, 410, 840, 18369, 16384
653, 410, 840, 18373, 16387
653, 410, 840, 18376, 16390
653, 410, 830, 18379, 16394
644, 410, 830, 18384, 16398
644, 420, 830, 18387, 16402
644, 420, 830, 18390, 16405
644, 420, 830, 18393, 16408
644, 420, 830, 18397, 16411
644, 420, 830, 18400, 16414
639, 420, 830, 18404, 16418
634, 420, 830, 18408, 16422
634, 420, 830, 18411, 16425
634, 420, 820, 18415, 16429
626, 420, 820, 18418, 16432
626, 410, 820, 18422, 16436
622, 410, 820, 18425, 16440
622, 410, 820, 18428, 16443
622, 410, 820, 18432, 16446
622, 410, 820, 18435, 16450
622, 410, 820, 18438, 16452
622, 410, 820, 18442, 16457
614, 410, 820, 18445, 16460
614, 410, 820, 18449, 16463
618, 410, 810, 18452, 16466
618, 410, 810, 18456, 16470
618, 410, 810, 18459, 16473
609, 410, 810, 18463, 16477
605, 410, 810, 18468, 16482
605, 410, 810, 18472, 16486
605, 410, 810, 18474, 16489
609, 410, 810, 18478, 16492
609, 410, 810, 18482, 16496
609, 410, 810, 18485, 16499
597, 410, 800, 18488, 16502
597, 410, 800, 18493, 16508
590, 410, 800, 18496, 16510
590, 410, 800, 18499, 16514
590, 410, 800, 18502, 16517
581, 410, 800, 18506, 16520
581, 410, 800, 18509, 16524
481, 410, 800, 18512, 16527
481, 410, 800, 18516, 16531
481, 410, 800, 18519, 16534
408, 410, 800, 18524, 16538
408, 410, 800, 18527, 16542
321, 410, 800, 18530, 16545
321, 410, 800, 18534, 16548
591, 410, 800, 18537, 16552
591, 410, 800, 18540, 16555
591, 410, 800, 18543, 16558
563, 410, 800, 18546, 16561
563, 410, 800, 18550, 16565
563, 410, 800, 18554, 16569
567, 410, 810, 18558, 16572
567, 410, 810, 18561, 16575
555, 400, 810, 18564, 16579
555, 400, 810, 18568, 16582
555, 400, 810, 18571, 16586
418, 400, 810, 18574, 16589
418, 400, 810, 18577, 16592
418, 400, 810, 18580, 16595
546, 400, 810, 18583, 16598
546, 400, 810, 18587, 16602
536, 400, 810, 18591, 16606
536, 400, 2550, 18594, 16609
289, 400, 2550, 18597, 16612
289, 400, 2550, 18602, 16616
536, 400, 2550, 18605, 16620
536, 400, 2550, 18608, 16624
536, 400, 2550, 18613, 16627
536, 400, 2550, 18616, 16630
527, 400, 2550, 18619, 16633
536, 400, 2550, 18624, 16638
536, 400, 2550, 18628, 16641
523, 400, 760, 18631, 16645
523, 400, 760, 18635, 16648
523, 400, 760, 18638, 16652
523, 400, 760, 18642, 16655
523, 400, 760, 18645, 16659
523, 400, 760, 18648, 16662
510, 400, 760, 18652, 16666
510, 400, 760, 18655, 16669
446, 400, 760, 18660, 16673
446, 400, 760, 18664, 16678
504, 400, 750, 18667, 16681
504, 400, 750, 18670, 16684
504, 400, 750, 18674, 16688
504, 400, 750, 18677, 16691
504, 400, 750, 18681, 16695
500, 400, 750, 18684, 16698
500, 400, 750, 18688, 16701
500, 400, 750, 18691, 16704
500, 400, 750, 18693, 16707
500, 400, 750, 18697, 16710
500, 400, 740, 18701, 16715
500, 400, 740, 18704, 16718
500, 400, 740, 18708, 16721
500, 400, 740, 18711, 16724
483, 400, 740, 18714, 16727
483, 400, 740, 18717, 16731
483, 400, 740, 18721, 16735
483, 400, 740, 18725, 16738
473, 400, 740, 18728, 16742
473, 400, 740, 18731, 16744
473, 400, 740, 18736, 16749
473, 400, 480, 18739, 16752
469, 400, 480, 18742, 16756
469, 400, 480, 18746, 16759
464, 400, 480, 18749, 16762
464, 400, 480, 18752, 16766
460, 400, 480, 18757, 16771
460, 400, 480, 18760, 16774
460, 400, 480, 18763, 16777
361, 400, 480, 18767, 16780
361, 400, 480, 18772, 16785
452, 400, 460, 18775, 16789
452, 400, 460, 18778, 16792
456, 400, 460, 18782, 16796
456, 400, 460, 18785, 16799
456, 400, 460, 18788, 16802
448, 400, 460, 18792, 16806
448, 400, 460, 18796, 16809
265, 400, 460, 18798, 16812
265, 400, 460, 18802, 16815
265, 400, 460, 18805, 16818
447, 400, 440, 18809, 16823
447, 400, 440, 18812, 16826
427, 400, 440, 18817, 16830
427, 400, 440, 18820, 16833
425, 400, 440, 18823, 16836
425, 400, 440, 18826, 16838
425, 400, 440, 18830, 16842
425, 400, 440, 18832, 16845
420, 400, 440, 18836, 16848
416, 400, 440, 18839, 16852
416, 400, 440, 18842, 16855
416, 400, 410, 18847, 16859
408, 400, 410, 18850, 16862
408, 390, 410, 18853, 16866
408, 390, 410, 18857, 16869
408, 390, 410, 18860, 16872
408, 390, 410, 18863, 16875
404, 390, 410, 18866, 16879
404, 390, 410, 18870, 16882
399, 390, 410, 18873, 16885
399, 390, 410, 18876, 16888
399, 390, 410, 18879, 16892
392, 390, 400, 18884, 16896
392, 390, 400, 18887, 16900
392, 390, 400, 18890, 16903
392, 390, 400, 18894, 16906
392, 390, 400, 18897, 16909
383, 390, 400, 18902, 16914
383, 390, 400, 18906, 16918
383, 390, 400, 18908, 16921
383, 390, 400, 18912, 16924
181, 390, 400, 18916, 16929
181, 390, 380, 18920, 16932
181, 390, 380, 18924, 16936
181, 390, 380, 18927, 16939
181, 390, 380, 18930, 16942
181, 390, 380, 18933, 16945
181, 390, 380, 18936, 16948
181, 390, 380, 18939, 16952
366, 390, 380, 18942, 16956
366, 390, 380, 18945, 16959
357, 390, 380, 18948, 16964
355, 390, 360, 18952, 16969
355, 360, 360, 18955, 16973
355, 360, 360, 18958, 16977
348, 360, 360, 18961, 16980
348, 360, 360, 18963, 16982
348, 360, 360, 18966, 16986
347, 360, 360, 18970, 16989
347, 360, 360, 18973, 16992
345, 360, 360, 18976, 16995
345, 360, 360, 18979, 16998
340, 360, 330, 18984, 17002
340, 360, 330, 18987, 17006
340, 360, 330, 18991, 17010
336, 360, 330, 18995, 17013
336, 360, 330, 18998, 17016
329, 360, 330, 19001, 17020
329, 360, 330, 19005, 17024
329, 360, 330, 19008, 17027
329, 360, 330, 19012, 17030
329, 360, 330, 19014, 17033
321, 360, 330, 19018, 17037
321, 360, 320, 19023, 17042
321, 400, 320, 19027, 17046
321, 400, 320, 19030, 17049
120, 400, 320, 19033, 17052
120, 400, 320, 19038, 17057
120, 400, 320, 19042, 17061
120, 400, 320, 19045, 17064
303, 400, 320, 19048, 17068
303, 400, 320, 19051, 17070
303, 400, 300, 19054, 17074
297, 400, 300, 19057, 17078
297, 320, 300, 19060, 17082
296, 320, 300, 19063, 17085
296, 320, 300, 19066, 17088
296, 320, 300, 19068, 17091
289, 320, 300, 19071, 17094
289, 320, 300, 19074, 17098
289, 320, 300, 19076, 17101
289, 320, 300, 19079, 17104
289, 320, 300, 19081, 17107
290, 320, 280, 19084, 17112
290, 380, 280, 19087, 17116
286, 380, 280, 19088, 17119
286, 380, 280, 19090, 17122
273, 380, 280, 19091, 17125
273, 380, 280, 19092, 17128
273, 380, 280, 19094, 17132
273, 380, 280, 19095, 17136
273, 380, 280, 19096, 17138
76, 380, 280, 19096, 17142
76, 380, 250, 19097, 17145
76, 380, 250, 19098, 17149
76, 380, 250, 19098, 17153
273, 380, 250, 19098, 17156
273, 380, 250, 19098, 17159
273, 380, 250, 19098, 17162
271, 380, 250, 19098, 17166
271, 380, 250, 19098, 17169
269, 380, 250, 19097, 17173
269, 380, 250, 19097, 17176
267, 380, 250, 19096, 17180
267, 380, 240, 19095, 17183
322, 360, 240, 19094, 17188
322, 360, 240, 19093, 17190
322, 360, 240, 19092, 17194
271, 360, 240, 19090, 17197
271, 360, 240, 19088, 17203
265, 360, 240, 19087, 17207
265, 360, 240, 19086, 17210
326, 360, 240, 19085, 17214
326, 360, 220, 19083, 17218
273, 360, 220, 19082, 17222
273, 340, 220, 19080, 17226
273, 340, 220, 19078, 17230
273, 340, 220, 19077, 17233
288, 340, 220, 19074, 17237
288, 340, 220, 19073, 17240
288, 340, 220, 19070, 17243
326, 340, 220, 19068, 17247
326, 340, 220, 19066, 17250
321, 340, 210, 19064, 17254
321, 340, 210, 19061, 17258
326, 330, 210, 19058, 17262
326, 330, 210, 19056, 17265
326, 330, 210, 19054, 17268
326, 330, 210, 19052, 17271
326, 330, 210, 19050, 17274
326, 330, 210, 19048, 17278
326, 330, 210, 19047, 17282
326, 330, 210, 19046, 17285
326, 330, 210, 19044, 17288
490, 330, 210, 19044, 17292
490, 330, 210, 19043, 17295
490, 330, 210, 19042, 17299
504, 330, 210, 19042, 17303
504, 330, 210, 19041, 17306
504, 330, 210, 19041, 17309
504, 330, 210, 19041, 17312
509, 330, 210, 19041, 17316
448, 330, 210, 19041, 17319
448, 330, 210, 19042, 17322
433, 330, 210, 19042, 17326
433, 330, 210, 19042, 17328
433, 330, 210, 19043, 17332
460, 330, 210, 19044, 17336
460, 330, 210, 19045, 17339
412, 330, 210, 19046, 17344
412, 330, 210, 19048, 17347
397, 330, 210, 19050, 17350
397, 330, 210, 19051, 17354
399, 330, 210, 19053, 17357
399, 330, 210, 19055, 17360
399, 330, 210, 19057, 17364
326, 320, 210, 19060, 17368
326, 320, 210, 19062, 17372
399, 320, 210, 19065, 17376
399, 320, 210, 19068, 17379
399, 320, 210, 19070, 17382
376, 320, 210, 19073, 17386
376, 320, 210, 19076, 17390
357, 320, 210, 19080, 17393
357, 320, 210, 19083, 17397
380, 320, 210, 19086, 17400
380, 310, 210, 19091, 17405
357, 310, 210, 19095, 17409
357, 310, 210, 19099, 17413
357, 310, 210, 19102, 17416
357, 310, 210, 19105, 17419
370, 310, 210, 19109, 17422
370, 310, 210, 19112, 17426
380, 310, 210, 19116, 17429
380, 310, 210, 19119, 17433
365, 310, 210, 19123, 17436
365, 310, 210, 19126, 17440
362, 300, 210, 19130, 17444
362, 300, 210, 19133, 17447
362, 300, 210, 19136, 17450
353, 300, 210, 19140, 17453
353, 300, 210, 19142, 17456
355, 300, 210, 19146, 17459
355, 300, 210, 19149, 17462
355, 300, 210, 19152, 17466
349, 300, 210, 19157, 17470
349, 300, 210, 19160, 17473
349, 290, 210, 19164, 17477
349, 290, 210, 19168, 17481
121, 290, 210, 19171, 17484
121, 290, 210, 19174, 17488
121, 290, 210, 19180, 17493
121, 290, 210, 19183, 17496
121, 290, 210, 19187, 17500
121, 290, 210, 19190, 17503
2550, 290, 200, 19193, 17506
2550, 290, 200, 19195, 17510
2550, 270, 200, 19198, 17514
2550, 270, 200, 19201, 17518
2550, 270, 200, 19203, 17521
321, 270, 200, 19206, 17524
321, 270, 200, 19208, 17528
321, 270, 200, 19211, 17530
326, 270, 200, 19214, 17534
326, 270, 200, 19217, 17538
321, 270, 200, 19221, 17541
321, 270, 200, 19224, 17544
321, 270, 200, 19227, 17548
338, 270, 200, 19232, 17552
338, 270, 200, 19236, 17556
326, 270, 200, 19239, 17559
326, 270, 200, 19242, 17562
321, 270, 200, 19246, 17565
321, 270, 200, 19249, 17568
321, 270, 200, 19252, 17572
321, 270, 200, 19256, 17576
321, 270, 200, 19260, 17580
321, 270, 200, 19263, 17583
321, 250, 200, 19267, 17586
321, 250, 200, 19270, 17590
321, 250, 200, 19274, 17593
340, 250, 200, 19277, 17597
340, 250, 200, 19280, 17600
340, 250, 200, 19283, 17603
397, 250, 200, 19286, 17606
397, 250, 200, 19289, 17609
328, 250, 200, 19293, 17614
328, 250, 200, 19296, 17616
328, 250, 200, 19300, 17620
328, 240, 200, 19303, 17622
328, 240, 200, 19308, 17628
328, 240, 200, 19310, 17630
328, 240, 200, 19316, 17636
328, 240, 200, 19320, 17640
328, 240, 200, 19323, 17643
328, 240, 200, 19326, 17646
303, 240, 190, 19330, 17650
303, 240, 190, 19333, 17654
303, 220, 190, 19337, 17657
298, 220, 190, 19340, 17660
298, 220, 190, 19344, 17664
288, 220, 190, 19348, 17668
288, 220, 190, 19350, 17671
288, 220, 190, 19353, 17674
298, 220, 190, 19356, 17677
298, 220, 190, 19358, 17680
286, 220, 190, 19361, 17684
286, 220, 180, 19363, 17688
273, 220, 180, 19365, 17691
273, 210, 180, 19367, 17694
273, 210, 180, 19369, 17698
273, 210, 180, 19371, 17702
273, 210, 180, 19372, 17705
273, 210, 180, 19374, 17708
273, 210, 180, 19375, 17711
273, 210, 180, 19375, 17714
273, 210, 180, 19376, 17717
273, 210, 170, 19377, 17720
251, 210, 170, 19378, 17726
251, 210, 170, 19378, 17729
249, 210, 170, 19378, 17732
249, 210, 170, 19378, 17736
247, 210, 170, 19378, 17739
247, 210, 170, 19378, 17742
249, 210, 170, 19377, 17746
249, 210, 170, 19377, 17749
249, 210, 170, 19376, 17753
247, 210, 200, 19375, 17757
247, 210, 200, 19375, 17760
243, 210, 200, 19374, 17764
243, 210, 200, 19372, 17767
235, 210, 200, 19371, 17772
235, 210, 200, 19370, 17775
237, 210, 200, 19368, 17780
237, 210, 200, 19366, 17783
237, 210, 200, 19365, 17786
237, 210, 200, 19363, 17789
237, 210, 210, 19360, 17794
237, 210, 210, 19358, 17798
237, 210, 210, 19355, 17801
255, 210, 210, 19352, 17804
255, 210, 210, 19349, 17808
241, 210, 210, 19345, 17811
241, 210, 210, 19342, 17814
241, 210, 210, 19339, 17818
227, 210, 210, 19334, 17822
227, 210, 210, 19331, 17826
220, 210, 220, 19326, 17830
220, 210, 220, 19323, 17833
220, 230, 220, 19319, 17836
220, 230, 220, 19316, 17839
220, 230, 220, 19312, 17843
220, 230, 220, 19308, 17847
220, 230, 220, 19305, 17850
225, 230, 220, 19302, 17853
225, 230, 220, 19298, 17856
220, 230, 220, 19296, 17860
220, 230, 220, 19292, 17864
233, 230, 220, 19288, 17867
233, 230, 220, 19285, 17870
235, 970, 220, 19281, 17874
235, 970, 220, 19278, 17877
235, 970, 220, 19274, 17881
235, 970, 220, 19270, 17885
235, 970, 220, 19268, 17888
243, 970, 220, 19264, 17892
243, 970, 220, 19261, 17894
322, 970, 220, 19258, 17898
322, 970, 210, 19254, 17902
322, 970, 210, 19251, 17905
259, 950, 210, 19248, 17909
259, 950, 210, 19244, 17912
278, 950, 210, 19241, 17915
278, 950, 210, 19238, 17919
321, 950, 210, 19232, 17925
321, 950, 210, 19229, 17928
326, 950, 210, 19226, 17931
326, 950, 210, 19223, 17934
326, 950, 210, 19219, 17938
326, 950, 210, 19216, 17941
326, 940, 210, 19213, 17944
321, 940, 210, 19210, 17948
321, 940, 210, 19208, 17951
321, 940, 210, 19205, 17955
321, 940, 210, 19202, 17958
321, 940, 210, 19200, 17962
321, 940, 210, 19199, 17965
1008, 940, 210, 19197, 17968
1008, 940, 210, 19194, 17974
985, 940, 210, 19192, 17978
985, 960, 210, 19190, 17981
985, 960, 210, 19189, 17984
985, 960, 210, 19188, 17987
985, 960, 210, 19188, 17990
985, 960, 210, 19187, 17994
985, 960, 210, 19186, 17997
985, 960, 210, 19186, 18000
985, 960, 210, 19186, 18004
985, 960, 210, 19186, 18008
985, 960, 210, 19186, 18011
985, 430, 210, 19186, 18015
985, 430, 210, 19186, 18018
985, 430, 210, 19186, 18021
985, 430, 210, 19186, 18024
985, 430, 210, 19187, 18029
985, 430, 210, 19188, 18033
985, 430, 210, 19188, 18036
985, 430, 210, 19189, 18039
784, 430, 210, 19190, 18043
784, 430, 220, 19191, 18046
947, 430, 220, 19193, 18050
947, 310, 220, 19195, 18054
947, 310, 220, 19196, 18057
947, 310, 220, 19198, 18060
947, 310, 220, 19200, 18064
947, 310, 220, 19204, 18068
947, 310, 220, 19206, 18072
947, 310, 220, 19209, 18075
933, 310, 220, 19212, 18078
933, 310, 230, 19214, 18082
939, 310, 230, 19218, 18086
939, 2550, 230, 19221, 18089
939, 2550, 230, 19224, 18092
937, 2550, 230, 19226, 18096
937, 2550, 230, 19230, 18100
937, 2550, 230, 19234, 18103
937, 2550, 230, 19237, 18106
937, 2550, 230, 19241, 18110
937, 2550, 230, 19245, 18113
937, 2550, 220, 19248, 18117
937, 2550, 220, 19252, 18120
792, 2550, 220, 19256, 18124
792, 2550, 220, 19259, 18127
792, 2550, 220, 19262, 18130
826, 2550, 220, 19265, 18133
826, 2550, 220, 19270, 18138
826, 2550, 220, 19275, 18142
826, 2550, 220, 19278, 18146
826, 2550, 220, 19281, 18149
826, 2550, 230, 19284, 18153
826, 2550, 230, 19287, 18156
826, 2550, 230, 19291, 18160
826, 740, 230, 19294, 18163
826, 740, 230, 19297, 18166
736, 740, 230, 19300, 18169
736, 740, 230, 19304, 18173
736, 740, 230, 19307, 18176
506, 740, 230, 19310, 18180
506, 740, 230, 19313, 18183
506, 740, 230, 19317, 18186
506, 740, 220, 19320, 18190
506, 740, 220, 19323, 18193
506, 2550, 220, 19328, 18198
506, 2550, 220, 19331, 18201
506, 2550, 220, 19334, 18204
506, 2550, 220, 19337, 18206
506, 2550, 220, 19342, 18212
506, 2550, 220, 19346, 18216
506, 2550, 220, 19350, 18219
506, 2550, 220, 19353, 18222
506, 2550, 220, 19356, 18226
506, 2550, 220, 19360, 18228
506, 290, 220, 19364, 18232
506, 290, 220, 19367, 18236
506, 290, 220, 19370, 18238
506, 290, 220, 19373, 18242
506, 290, 220, 19377, 18245
506, 290, 220, 19380, 18249
506, 290, 220, 19384, 18252
506, 290, 220, 19387, 18256
506, 290, 220, 19390, 18259
506, 290, 220, 19393, 18262
506, 290, 220, 19396, 18266
506, 290, 220, 19400, 18269
506, 290, 220, 19404, 18272
685, 290, 220, 19407, 18276
685, 290, 220, 19410, 18280
685, 290, 220, 19414, 18283
500, 290, 220, 19418, 18287
500, 290, 220, 19422, 18290
500, 290, 220, 19425, 18294
500, 290, 220, 19429, 18298
500, 290, 220, 19432, 18301
758, 2550, 220, 19435, 18305
758, 2550, 220, 19439, 18308
758, 2550, 220, 19442, 18311
758, 2550, 220, 19445, 18314
758, 2550, 220, 19448, 18317
689, 2550, 220, 19452, 18321
689, 2550, 220, 19455, 18324
689, 2550, 220, 19458, 18327
674, 2550, 220, 19462, 18331
674, 2550, 220, 19465, 18334
674, 2550, 220, 19469, 18338
674, 2550, 220, 19472, 18341
674, 2550, 220, 19476, 18344
674, 2550, 220, 19479, 18348
674, 2550, 220, 19482, 18351
674, 2550, 220, 19487, 18355
551, 2550, 220, 19491, 18360
551, 2550, 220, 19494, 18363
670, 2550, 220, 19498, 18367
670, 2550, 220, 19501, 18370
670, 2550, 220, 19505, 18374
670, 2550, 220, 19509, 18378
670, 2550, 220, 19512, 18381
670, 2550, 220, 19516, 18384
670, 2550, 220, 19519, 18388
670, 2550, 220, 19522, 18391
666, 2550, 220, 19526, 18395
666, 2550, 220, 19529, 18398
654, 2550, 220, 19534, 18403
654, 2550, 220, 19538, 18406
654, 2550, 220, 19541, 18410
654, 2550, 220, 19544, 18413
654, 2550, 220, 19548, 18416
654, 2550, 220, 19551, 18420
654, 2550, 220, 19555, 18424
654, 2550, 220, 19558, 18426
609, 2550, 220, 19562, 18431
609, 2550, 220, 19565, 18434
630, 2550, 220, 19569, 18438
630, 2550, 210, 19573, 18442
630, 2550, 210, 19576, 18445
630, 2550, 210, 19579, 18448
630, 2550, 210, 19582, 18451
784, 2550, 210, 19586, 18455
784, 2550, 210, 19589, 18458
784, 2550, 210, 19592, 18461
780, 2550, 210, 19596, 18464
780, 2550, 210, 19599, 18468
780, 2550, 210, 19603, 18471
780, 2550, 210, 19606, 18474
780, 2550, 220, 19610, 18478
780, 2550, 220, 19613, 18481
780, 460, 220, 19616, 18484
780, 460, 220, 19619, 18488
780, 460, 220, 19623, 18491
780, 460, 220, 19626, 18494
780, 460, 220, 19629, 18497
780, 460, 220, 19634, 18503
780, 460, 220, 19637, 18506
780, 460, 220, 19641, 18510
780, 460, 220, 19646, 18514
780, 460, 220, 19649, 18518
780, 280, 220, 19652, 18521
780, 280, 220, 19655, 18524
780, 280, 220, 19658, 18528
780, 280, 220, 19661, 18531
780, 280, 220, 19664, 18534
780, 280, 220, 19668, 18537
780, 280, 220, 19671, 18540
780, 280, 220, 19674, 18544
780, 280, 220, 19678, 18547
780, 280, 210, 19682, 18551
748, 280, 210, 19685, 18554
748, 2550, 210, 19689, 18558
748, 2550, 210, 19692, 18561
748, 2550, 210, 19695, 18564
748, 2550, 210, 19699, 18567
748, 2550, 210, 19702, 18570
748, 2550, 210, 19706, 18574
748, 2550, 210, 19709, 18578
729, 2550, 210, 19712, 18581
729, 2550, 210, 19716, 18584
729, 2550, 210, 19719, 18588
742, 2550, 210, 19722, 18591
742, 2550, 210, 19725, 18594
730, 2550, 210, 19728, 18597
730, 2550, 210, 19732, 18600
730, 2550, 210, 19735, 18604
730, 2550, 210, 19738, 18607
722, 2550, 210, 19742, 18611
722, 2550, 210, 19746, 18614
713, 2550, 210, 19749, 18617
713, 2550, 210, 19753, 18621
718, 2550, 210, 19756, 18625
718, 2550, 210, 19760, 18628
718, 2550, 210, 19762, 18631
718, 2550, 210, 19765, 18634
718, 2550, 210, 19768, 18637
718, 2550, 210, 19772, 18641
718, 2550, 210, 19777, 18646
718, 2550, 210, 19781, 18650
718, 2550, 210, 19784, 18652
718, 2550, 210, 19789, 18658
718, 2550, 210, 19792, 18661
498, 2550, 210, 19795, 18665
498, 2550, 210, 19798, 18668
498, 2550, 210, 19802, 18671
392, 2550, 210, 19805, 18674
392, 2550, 210, 19808, 18678
689, 2550, 210, 19811, 18681
689, 2550, 210, 19815, 18684
689, 2550, 210, 19819, 18688
689, 2550, 210, 19823, 18692
689, 2550, 210, 19826, 18695
685, 2550, 210, 19830, 18698
685, 2550, 210, 19833, 18702
685, 2550, 210, 19837, 18706
693, 2550, 210, 19840, 18709
693, 2550, 210, 19844, 18712
693, 2550, 210, 19847, 18716
670, 2550, 210, 19851, 18720
670, 2550, 210, 19854, 18724
668, 2550, 210, 19858, 18727
668, 2550, 210, 19862, 18731
668, 2550, 210, 19865, 18734
668, 2550, 210, 19869, 18738
668, 2550, 210, 19873, 18741
609, 2550, 210, 19876, 18745
609, 2550, 210, 19879, 18748
609, 2550, 210, 19882, 18751
653, 2550, 210, 19886, 18755
653, 2550, 210, 19889, 18758
658, 2550, 210, 19893, 18761
658, 2550, 210, 19896, 18765
658, 2550, 210, 19900, 18768
649, 2550, 210, 19904, 18772
649, 2550, 210, 19906, 18775
649, 2550, 210, 19910, 18779
649, 2550, 210, 19913, 18782
649, 2550, 210, 19916, 18785
641, 2550, 210, 19922, 18790
641, 2550, 210, 19925, 18794
634, 2550, 210, 19929, 18798
634, 2550, 210, 19932, 18802
634, 2550, 210, 19936, 18805
633, 680, 210, 19939, 18808
633, 680, 210, 19942, 18811
633, 680, 210, 19945, 18814
633, 680, 210, 19948, 18817
633, 680, 210, 19951, 18820
633, 680, 210, 19955, 18824
630, 680, 210, 19958, 18827
622, 680, 210, 19962, 18831
622, 680, 210, 19966, 18834
622, 680, 210, 19969, 18838
618, 680, 210, 19973, 18842
618, 2550, 210, 19976, 18845
618, 2550, 210, 19979, 18848
618, 2550, 210, 19982, 18852
618, 2550, 210, 19985, 18855
618, 2550, 210, 19989, 18858
618, 2550, 210, 19992, 18862
618, 2550, 210, 19996, 18864
618, 2550, 210, 19999, 18868
618, 2550, 210, 20003, 18872
618, 2550, 210, 20006, 18874
598, 2550, 210, 20010, 18878
598, 720, 210, 20013, 18882
598, 720, 210, 20016, 18885
491, 720, 210, 20019, 18888
491, 720, 210, 20022, 18891
491, 720, 210, 20025, 18894
581, 720, 210, 20029, 18898
581, 720, 210, 20031, 18901
586, 720, 210, 20035, 18905
586, 720, 210, 20038, 18908
586, 720, 210, 20042, 18912
582, 720, 210, 20046, 18916
582, 660, 210, 20049, 18919
578, 660, 210, 20053, 18922
578, 660, 210, 20056, 18925
578, 660, 210, 20059, 18928
578, 660, 210, 20062, 18931
574, 660, 210, 20068, 18937
570, 660, 210, 20072, 18941
570, 660, 210, 20075, 18945
561, 660, 210, 20078, 18948
561, 660, 210, 20082, 18952
561, 2550, 210, 20086, 18955
563, 2550, 210, 20089, 18958
563, 2550, 210, 20092, 18961
563, 2550, 210, 20095, 18964
555, 2550, 210, 20098, 18968
555, 2550, 210, 20102, 18971
551, 2550, 210, 20105, 18976
551, 2550, 210, 20111, 18980
546, 2550, 210, 20115, 18984
546, 2550, 210, 20119, 18988
326, 2550, 210, 20122, 18991
326, 2550, 210, 20125, 18994
326, 2550, 210, 20128, 18998
538, 2550, 210, 20131, 19001
538, 2550, 210, 20134, 19004
538, 2550, 210, 20138, 19008
540, 2550, 210, 20141, 19011
540, 2550, 210, 20145, 19014
532, 2550, 210, 20148, 19018
532, 2550, 210, 20151, 19021
540, 2550, 210, 20156, 19025
540, 2550, 210, 20159, 19029
540, 2550, 210, 20162, 19032
523, 2550, 210, 20166, 19035
523, 2550, 210, 20169, 19038
523, 2550, 210, 20172, 19042
536, 2550, 210, 20176, 19045
536, 2550, 210, 20179, 19048
491, 2550, 210, 20183, 19052
491, 2550, 210, 20186, 19055
491, 2550, 210, 20190, 19059
326, 2550, 210, 20194, 19062
326, 2550, 210, 20196, 19066
504, 2550, 210, 20200, 19068
504, 2550, 210, 20203, 19072
504, 2550, 210, 20206, 19075
326, 2550, 210, 20212, 19081
326, 2550, 210, 20215, 19084
496, 2550, 210, 20219, 19088
496, 2550, 210, 20222, 19092
492, 2550, 210, 20226, 19095
492, 2550, 210, 20229, 19098
492, 2550, 210, 20233, 19102
492, 2550, 210, 20236, 19106
492, 2550, 210, 20240, 19109
492, 2550, 210, 20243, 19112
491, 2550, 210, 20246, 19115
491, 2550, 210, 20250, 19119
474, 2550, 210, 20253, 19122
474, 2550, 210, 20258, 19126
474, 2550, 210, 20261, 19130
474, 2550, 210, 20265, 19133
469, 2550, 210, 20269, 19137
469, 2550, 210, 20272, 19140
469, 2550, 210, 20274, 19143
469, 2550, 210, 20278, 19146
464, 2550, 210, 20281, 19150
464, 2550, 210, 20284, 19153
464, 2550, 210, 20287, 19156
464, 2550, 210, 20291, 19161
462, 2550, 210, 20294, 19164
462, 2550, 210, 20298, 19167
454, 2160, 210, 20301, 19170
454, 2160, 210, 20305, 19174
454, 2160, 210, 20308, 19177
452, 2160, 210, 20311, 19180
452, 2160, 210, 20315, 19184
448, 2160, 210, 20318, 19187
448, 2160, 210, 20322, 19191
448, 2160, 210, 20326, 19195
439, 2160, 220, 20330, 19199
439, 2160, 220, 20333, 19202
198, 2550, 220, 20337, 19206
198, 2550, 220, 20340, 19210
448, 2550, 220, 20344, 19213
448, 2550, 220, 20347, 19216
448, 2550, 220, 20350, 19219
420, 2550, 220, 20355, 19224
420, 2550, 220, 20359, 19228
425, 2550, 220, 20362, 19232
425, 2550, 220, 20366, 19236
420, 2550, 220, 20369, 19240
420, 2550, 220, 20373, 19243
418, 2550, 220, 20376, 19246
418, 2550, 220, 20379, 19249
418, 2550, 220, 20382, 19252
418, 2550, 220, 20386, 19256
420, 2550, 220, 20389, 19258
411, 2550, 220, 20392, 19262
411, 2550, 220, 20396, 19266
410, 2550, 210, 20401, 19270
410, 2550, 210, 20404, 19274
410, 2360, 210, 20407, 19277
401, 2360, 210, 20411, 19280
401, 2360, 210, 20414, 19284
404, 2360, 210, 20418, 19288
404, 2360, 210, 20422, 19292
401, 2360, 210, 20425, 19295
401, 2360, 210, 20428, 19298
401, 2360, 210, 20431, 19302
392, 2360, 210, 20436, 19306
392, 2360, 210, 20439, 19309
326, 2550, 210, 20443, 19313
326, 2550, 210, 20446, 19316
326, 2550, 210, 20449, 19319
393, 2550, 210, 20452, 19322
393, 2550, 210, 20455, 19325
393, 2550, 210, 20459, 19329
347, 2550, 210, 20462, 19332
347, 2550, 210, 20465, 19335
348, 2550, 210, 20469, 19339
348, 2550, 210, 20473, 19343
380, 2550, 210, 20476, 19346
380, 2550, 210, 20479, 19349
357, 2550, 210, 20483, 19353
357, 2550, 210, 20487, 19357
357, 2550, 210, 20490, 19360
357, 2550, 210, 20493, 19363
374, 2550, 210, 20498, 19368
370, 2550, 210, 20502, 19372
370, 2550, 210, 20506, 19376
334, 2550, 210, 20510, 19380
334, 2550, 210, 20513, 19383
364, 2550, 210, 20516, 19386
364, 2550, 210, 20519, 19389
364, 2550, 210, 20523, 19393
329, 2550, 210, 20526, 19396
329, 2550, 210, 20529, 19400
329, 2550, 210, 20534, 19404
355, 2550, 210, 20537, 19406
355, 2550, 210, 20540, 19410
347, 2550, 220, 20544, 19414
347, 2550, 220, 20548, 19417
308, 2550, 220, 20551, 19421
308, 2550, 220, 20555, 19424
308, 2550, 220, 20557, 19427
349, 2550, 220, 20561, 19430
349, 2550, 220, 20564, 19434
340, 2550, 220, 20567, 19437
340, 2550, 220, 20570, 19440
340, 2550, 220, 20574, 19443
336, 2550, 220, 20578, 19447
336, 2550, 220, 20581, 19451
329, 2550, 220, 20585, 19454
329, 2550, 220, 20588, 19458
326, 2550, 220, 20592, 19461
326, 2550, 220, 20595, 19464
326, 2550, 220, 20599, 19469
326, 2550, 220, 20602, 19472
321, 2550, 220, 20605, 19475
322, 2550, 220, 20608, 19478
322, 2550, 220, 20611, 19482
322, 2550, 220, 20616, 19485
322, 2550, 220, 20620, 19489
322, 2370, 220, 20623, 19493
304, 2370, 220, 20626, 19496
304, 2370, 220, 20630, 19499
297, 2370, 220, 20633, 19503
297, 2370, 220, 20637, 19506
297, 2370, 220, 20640, 19509
297, 2370, 220, 20645, 19514
297, 2370, 220, 20647, 19517
289, 2370, 210, 20654, 19525
289, 2550, 210, 20658, 19528
289, 2550, 210, 20660, 19531
30, 2550, 210, 20662, 19534
30, 2550, 210, 20664, 19538
30, 2550, 210, 20666, 19541
30, 2550, 210, 20668, 19544
30, 2550, 210, 20670, 19548
281, 2550, 210, 20672, 19552
281, 2550, 210, 20674, 19556
280, 2550, 220, 20676, 19560
280, 300, 220, 20677, 19564
271, 300, 220, 20678, 19568
271, 300, 220, 20679, 19571
267, 300, 220, 20679, 19574
267, 300, 220, 20680, 19578
267, 300, 220, 20680, 19580
271, 300, 220, 20681, 19584
271, 300, 220, 20681, 19587
263, 300, 220, 20681, 19591
263, 300, 320, 20680, 19594
257, 300, 320, 20680, 19598
257, 1420, 320, 20680, 19602
257, 1420, 320, 20680, 19604
259, 1420, 320, 20679, 19608
259, 1420, 320, 20679, 19612
259, 1420, 320, 20679, 19615
251, 1420, 320, 20678, 19618
255, 1420, 320, 20678, 19621
255, 1420, 320, 20678, 19624
255, 1420, 220, 20677, 19628
251, 1420, 220, 20676, 19631
251, 2550, 220, 20674, 19635
249, 2550, 220, 20673, 19638
249, 2550, 220, 20671, 19641
247, 2550, 220, 20670, 19644
247, 2550, 220, 20668, 19648
247, 2550, 220, 20666, 19651
251, 2550, 220, 20663, 19656
251, 2550, 220, 20660, 19660
251, 2550, 280, 20657, 19664
251, 2550, 280, 20655, 19668
251, 2550, 280, 20651, 19672
251, 2550, 280, 20648, 19675
251, 2550, 280, 20646, 19678
251, 2550, 280, 20643, 19682
251, 2550, 280, 20639, 19686
251, 2550, 280, 20636, 19688
251, 2550, 280, 20633, 19692
257, 2550, 280, 20628, 19696
257, 2550, 280, 20625, 19699
267, 2550, 220, 20621, 19702
267, 2550, 220, 20616, 19707
269, 2550, 220, 20613, 19710
269, 2550, 220, 20610, 19713
269, 2550, 220, 20607, 19716
298, 2550, 220, 20603, 19719
298, 2550, 220, 20600, 19722
324, 2550, 220, 20596, 19726
324, 2550, 220, 20593, 19728
324, 2550, 220, 20589, 19733
326, 2550, 220, 20586, 19736
326, 2550, 220, 20582, 19740
334, 2550, 220, 20578, 19744
334, 2550, 220, 20576, 19747
334, 2550, 220, 20574, 19750
334, 2550, 220, 20571, 19754
334, 2550, 220, 20568, 19758
334, 2550, 220, 20566, 19761
334, 2550, 220, 20564, 19764
334, 2550, 220, 20563, 19767
2550, 2550, 220, 20560, 19770
2550, 2550, 210, 20558, 19776
766, 2550, 210, 20556, 19780
766, 2550, 210, 20554, 19783
766, 2550, 210, 20553, 19786
1740, 2550, 210, 20553, 19789
1740, 2550, 210, 20552, 19792
1740, 2550, 210, 20552, 19796
2550, 2550, 210, 20551, 19801
2550, 2550, 210, 20551, 19804
2550, 2550, 230, 20551, 19808
2550, 2550, 230, 20551, 19812
1813, 1230, 230, 20551, 19816
1813, 1230, 230, 20551, 19819
1813, 1230, 230, 20551, 19822
2550, 1230, 230, 20551, 19826
2550, 1230, 230, 20552, 19830
2550, 1230, 230, 20552, 19833
2550, 1230, 230, 20552, 19836
2550, 1230, 230, 20553, 19840
2550, 1230, 260, 20554, 19844
2550, 1230, 260, 20555, 19847
877, 1220, 260, 20558, 19852
877, 1220, 260, 20560, 19856
877, 1220, 260, 20562, 19858
2550, 1220, 260, 20564, 19862
2550, 1220, 260, 20566, 19866
2550, 1220, 260, 20568, 19869
2550, 1220, 260, 20570, 19872
2550, 1220, 260, 20573, 19876
2550, 1220, 2550, 20576, 19880
2550, 1220, 2550, 20578, 19883
822, 1200, 2550, 20582, 19887
822, 1200, 2550, 20586, 19891
968, 1200, 2550, 20589, 19894
968, 1200, 2550, 20592, 19898
968, 1200, 2550, 20596, 19901
968, 1200, 2550, 20599, 19904
2550, 1200, 2550, 20603, 19908
2550, 1200, 2550, 20606, 19912
2550, 1200, 2550, 20610, 19915
1054, 1200, 2550, 20613, 19918
1054, 1200, 2550, 20616, 19922
1054, 1190, 2550, 20621, 19926
1418, 1190, 2550, 20624, 19930
1418, 1190, 2550, 20627, 19933
1418, 1190, 2550, 20631, 19936
1418, 1190, 2550, 20634, 19939
2550, 1190, 2550, 20637, 19943
2550, 1190, 2550, 20643, 19949
2550, 1190, 2550, 20647, 19953
2550, 1190, 2550, 20650, 19956
2550, 1190, 2550, 20653, 19959
2550, 1180, 2550, 20657, 19963
2550, 1180, 2550, 20660, 19966
2550, 1180, 2550, 20663, 19969
2550, 1180, 2550, 20666, 19972
2550, 1180, 2550, 20669, 19975
2550, 1180, 2550, 20672, 19978
2550, 1180, 2550, 20676, 19982
2550, 1180, 2550, 20679, 19985
869, 1180, 2550, 20683, 19989
869, 1180, 2550, 20686, 19992
869, 1170, 2550, 20690, 19996
869, 1170, 2550, 20694, 20000
2550, 1170, 2550, 20697, 20003
2550, 1170, 2550, 20700, 20006
2550, 1170, 2550, 20703, 20010
2550, 1170, 2550, 20706, 20012
2550, 1170, 2550, 20710, 20016
2550, 1170, 2550, 20713, 20019
2550, 1170, 2550, 20716, 20023
818, 1170, 2550, 20720, 20026
818, 1170, 2550, 20723, 20029
818, 1160, 2550, 20726, 20032
2550, 1160, 2550, 20731, 20037
2550, 1160, 2550, 20734, 20040
2550, 1160, 2550, 20737, 20044
2550, 1160, 2550, 20740, 20047
2550, 1160, 2550, 20743, 20050
2550, 1160, 2550, 20748, 20054
2550, 1160, 2550, 20751, 20058
2550, 1160, 2550, 20754, 20061
2550, 1160, 2550, 20758, 20064
2550, 1150, 2550, 20761, 20068
2550, 1150, 2550, 20764, 20072
2550, 1150, 2550, 20768, 20075
2550, 1150, 2550, 20771, 20078
2550, 1150, 2550, 20775, 20081
2550, 1150, 2550, 20778, 20084
2550, 1150, 2550, 20781, 20088
2550, 1150, 2550, 20787, 20093
2550, 1150, 2550, 20790, 20097
2494, 1150, 2550, 20794, 20100
2494, 1140, 2550, 20797, 20104
2494, 1140, 2550, 20800, 20106
1567, 1140, 2550, 20805, 20112
1567, 1140, 2550, 20809, 20115
1567, 1140, 2550, 20812, 20118
1567, 1140, 2550, 20814, 20121
2550, 1140, 2550, 20818, 20124
2550, 1140, 2550, 20821, 20127
2550, 1140, 2550, 20825, 20131
2550, 1140, 2550, 20828, 20134
2104, 1140, 2550, 20832, 20139
2104, 1130, 2550, 20835, 20142
886, 1130, 2550, 20840, 20147
886, 1130, 2550, 20844, 20150
886, 1130, 2550, 20847, 20153
886, 1130, 2550, 20850, 20156
2550, 1130, 2550, 20853, 20160
2550, 1130, 2550, 20856, 20162
2550, 1130, 2550, 20860, 20166
2550, 1130, 2550, 20864, 20170
2550, 1130, 2550, 20867, 20174
2550, 1120, 2550, 20871, 20177
2550, 1120, 2550, 20874, 20180
1405, 1120, 2550, 20878, 20184
1405, 1120, 2550, 20881, 20188
1405, 1120, 2550, 20884, 20191
1405, 1120, 2550, 20887, 20194
2550, 1120, 2550, 20890, 20197
2550, 1120, 2550, 20893, 20200
2550, 1120, 2550, 20897, 20204
2162, 1120, 2550, 20901, 20207
2162, 1120, 2550, 20904, 20210
2162, 1120, 2550, 20907, 20213
1511, 1120, 2550, 20911, 20217
1511, 1120, 2550, 20916, 20221
1511, 1120, 2550, 20919, 20224
1511, 1120, 2550, 20922, 20227
2550, 1120, 2550, 20925, 20230
2550, 1120, 2550, 20928, 20234
2550, 1120, 2550, 20935, 20240
2106, 1120, 2550, 20938, 20243
2106, 1110, 2550, 20941, 20247
2106, 1110, 2550, 20944, 20250
1482, 1110, 2550, 20948, 20253
1482, 1110, 2550, 20953, 20258
1482, 1110, 2550, 20956, 20261
1482, 1110, 2550, 20959, 20264
2550, 1110, 2550, 20962, 20267
2550, 1110, 2550, 20965, 20270
2550, 1110, 2550, 20968, 20274
2550, 1110, 2550, 20972, 20278
2222, 1110, 2550, 20976, 20281
2222, 1110, 2550, 20979, 20284
2222, 1110, 2550, 20982, 20288
1480, 1110, 2550, 20986, 20291
1480, 1110, 2550, 20990, 20295
1480, 1110, 2550, 20992, 20298
1480, 1110, 2550, 20995, 20301
2550, 1110, 2550, 20999, 20304
2550, 1110, 2550, 21004, 20310
2162, 1110, 2550, 21009, 20316
2162, 1110, 2550, 21014, 20320
2162, 1110, 2550, 21017, 20323
1535, 1110, 2550, 21021, 20327
1535, 1110, 2550, 21025, 20331
1535, 1110, 2550, 21028, 20334
2550, 1110, 2550, 21032, 20338
2550, 1110, 2550, 21036, 20342
2550, 1110, 2550, 21039, 20345
2550, 1110, 2550, 21043, 20349
2114, 1110, 2550, 21046, 20352
2114, 2550, 2550, 21050, 20356
2114, 2550, 2550, 21053, 20359
2114, 2550, 2550, 21056, 20362
2550, 2550, 2550, 21060, 20366
2550, 2550, 2550, 21064, 20369
2550, 2550, 2550, 21067, 20372
2550, 2550, 2550, 21070, 20376
2550, 2550, 2550, 21073, 20379
2550, 2550, 2550, 21078, 20384
784, 2550, 2550, 21082, 20388
784, 2550, 2550, 21085, 20392
784, 2550, 2550, 21088, 20394
1649, 2550, 2550, 21091, 20398
1649, 2550, 2550, 21094, 20401
1649, 2550, 2550, 21098, 20405
1649, 2550, 2550, 21101, 20408
2550, 2550, 2550, 21105, 20412
2550, 2550, 2550, 21108, 20415
2550, 2550, 2550, 21112, 20418
1957, 2550, 2550, 21116, 20422
1957, 2550, 2550, 21120, 20426
1957, 2550, 2550, 21123, 20429
1957, 2550, 2550, 21126, 20432
1547, 2550, 2550, 21130, 20436
1547, 2550, 2550, 21134, 20440
1547, 2550, 2550, 21138, 20444
2550, 2550, 2550, 21142, 20448
2550, 2550, 2550, 21145, 20451
2550, 2550, 2550, 21148, 20454
2550, 2550, 2550, 21152, 20458
2063, 2550, 2550, 21156, 20462
2063, 2550, 2550, 21159, 20465
2063, 2550, 2550, 21162, 20468
1481, 2550, 2550, 21166, 20472
1481, 2550, 2550, 21169, 20475
1481, 2550, 2550, 21173, 20478
1481, 2550, 2550, 21176, 20482
2550, 2550, 2550, 21179, 20485
2550, 2550, 2550, 21182, 20488
2550, 2550, 2550, 21185, 20491
2181, 2550, 2550, 21189, 20495
2181, 2550, 2550, 21192, 20498
2181, 2550, 2550, 21196, 20502
2181, 2550, 2550, 21199, 20505
1503, 2550, 2550, 21202, 20508
1503, 2550, 2550, 21205, 20511
1503, 2550, 2550, 21209, 20516
2550, 2550, 2550, 21213, 20519
2550, 2550, 2550, 21216, 20522
2550, 2550, 2550, 21222, 20528
1956, 2550, 2550, 21226, 20532
1956, 2550, 2550, 21229, 20535
1956, 2550, 2550, 21232, 20538
1529, 2550, 2550, 21235, 20542
1529, 2550, 2550, 21238, 20545
1529, 2550, 2550, 21242, 20548
1529, 2550, 2550, 21246, 20552
2550, 2550, 2550, 21249, 20555
2550, 2550, 2550, 21252, 20558
2550, 2550, 2550, 21255, 20562
2550, 2550, 2550, 21259, 20565
2138, 2550, 2550, 21263, 20568
2138, 2550, 2550, 21267, 20572
2138, 2550, 2550, 21271, 20576
1466, 2550, 2550, 21274, 20580
1466, 2550, 2550, 21277, 20582
1466, 2550, 2550, 21281, 20586
2550, 2550, 2550, 21284, 20590
2550, 2550, 2550, 21288, 20593
2550, 2550, 2550, 21290, 20596
2550, 2550, 2550, 21294, 20599
2237, 2550, 2550, 21297, 20602
2237, 1030, 2550, 21301, 20606
2237, 1030, 2550, 21304, 20609
1434, 1030, 2550, 21308, 20613
1434, 1030, 2550, 21310, 20616
1434, 1030, 2550, 21314, 20619
1434, 1030, 2550, 21318, 20623
2550, 1030, 2550, 21322, 20627
2550, 1030, 2550, 21325, 20630
2550, 1030, 2550, 21328, 20634
2550, 1030, 2550, 21331, 20637
2177, 1030, 2550, 21335, 20640
2177, 1010, 2550, 21338, 20644
2177, 1010, 2550, 21342, 20648
2177, 1010, 2550, 21345, 20651
2550, 1010, 2550, 21348, 20654
2550, 1010, 2550, 21351, 20657
2550, 1010, 2550, 21356, 20662
2550, 1010, 2550, 21360, 20665
2550, 1010, 2550, 21365, 20671
917, 1010, 2550, 21369, 20674
917, 1010, 2550, 21372, 20678
917, 1010, 2550, 21376, 20681
1468, 1010, 2550, 21379, 20685
1468, 1010, 2550, 21382, 20688
1468, 1010, 2550, 21385, 20691
1468, 1010, 2550, 21388, 20694
2550, 1010, 2550, 21393, 20699
2550, 1010, 2550, 21396, 20702
2550, 1010, 2550, 21400, 20706
2550, 1010, 2550, 21404, 20709
2253, 1010, 2550, 21407, 20712
2253, 1010, 2550, 21410, 20716
2253, 1010, 2550, 21414, 20719
1442, 1010, 2550, 21417, 20722
1442, 1010, 2550, 21420, 20725
1442, 1010, 2550, 21423, 20728
1442, 1010, 2550, 21426, 20732
2550, 1010, 2550, 21431, 20737
2550, 1010, 2550, 21434, 20740
2550, 1010, 2550, 21437, 20743
2197, 1010, 2550, 21441, 20747
2197, 1010, 2550, 21444, 20750
2197, 1010, 2550, 21448, 20754
1389, 1010, 2550, 21451, 20758
1389, 1010, 2550, 21454, 20761
1389, 1010, 2550, 21457, 20764
1389, 1010, 2550, 21460, 20767
1389, 1010, 2550, 21464, 20771
2550, 1010, 2550, 21468, 20774
2550, 1010, 2550, 21471, 20778
2550, 1010, 2550, 21475, 20782
2550, 1010, 2550, 21478, 20784
2550, 980, 2550, 21482, 20788
2550, 980, 2550, 21485, 20792
804, 980, 2550, 21489, 20795
804, 980, 2550, 21491, 20798
804, 980, 2550, 21495, 20801
804, 980, 2550, 21498, 20804
2550, 980, 2550, 21502, 20808
2550, 980, 2550, 21505, 20811
2550, 980, 2550, 21509, 20816
2288, 980, 2550, 21514, 20820
2288, 990, 2550, 21518, 20824
2288, 990, 2550, 21521, 20828
1428, 990, 2550, 21525, 20831
1428, 990, 2550, 21528, 20834
1428, 990, 2550, 21531, 20837
1428, 990, 2550, 21534, 20840
2550, 990, 2550, 21538, 20844
2550, 990, 2550, 21541, 20847
2550, 990, 2550, 21544, 20850
2550, 990, 2550, 21548, 20854
2550, 990, 2550, 21551, 20857
2550, 2550, 2550, 21555, 20860
2550, 2550, 2550, 21558, 20864
864, 2550, 2550, 21562, 20868
864, 2550, 2550, 21565, 20870
864, 2550, 2550, 21568, 20874
864, 2550, 2550, 21571, 20876
864, 2550, 2550, 21576, 20882
864, 2550, 2550, 21579, 20885
864, 2550, 2550, 21582, 20888
864, 2550, 2550, 21585, 20891
985, 2550, 2550, 21588, 20894
985, 750, 2550, 21592, 20898
985, 750, 2550, 21595, 20901
985, 750, 2550, 21598, 20904
2550, 750, 2550, 21601, 20907
2550, 750, 2550, 21604, 20910
2550, 750, 2550, 21608, 20914
2550, 750, 2550, 21612, 20918
2281, 750, 2550, 21615, 20920
2281, 750, 2550, 21618, 20924
2281, 750, 2550, 21622, 20928
1259, 2550, 2550, 21626, 20931
1259, 2550, 2550, 21628, 20935
1259, 2550, 2550, 21632, 20938
1259, 2550, 2550, 21635, 20941
2550, 2550, 2550, 21639, 20944
2550, 2550, 2550, 21642, 20948
2550, 2550, 2550, 21645, 20951
2550, 2550, 2550, 21650, 20956
2374, 2550, 2550, 21655, 20961
2374, 2550, 2550, 21658, 20964
1288, 740, 2550, 21662, 20968
1288, 740, 2550, 21665, 20971
1288, 740, 2550, 21669, 20974
1288, 740, 2550, 21672, 20977
2550, 740, 2550, 21675, 20980
2550, 740, 2550, 21678, 20983
2550, 740, 2550, 21681, 20986
2550, 740, 2550, 21685, 20990
2550, 740, 2550, 21690, 20995
2550, 740, 2550, 21693, 20998
1020, 2550, 2550, 21698, 21003
1020, 2550, 2550, 21700, 21006
1020, 2550, 2550, 21704, 21009
1020, 2550, 2550, 21707, 21012
2550, 2550, 2550, 21711, 21016
2550, 2550, 2550, 21714, 21019
2550, 2550, 2550, 21717, 21022
2550, 2550, 2550, 21722, 21027
2550, 2550, 2550, 21726, 21032
2550, 2550, 2550, 21729, 21035
756, 2550, 2550, 21733, 21038
756, 2550, 2550, 21736, 21042
756, 2550, 2550, 21739, 21045
756, 2550, 2550, 21742, 21048
2550, 2550, 2550, 21746, 21052
2550, 2550, 2550, 21749, 21054
2550, 2550, 2550, 21752, 21058
2550, 2550, 2550, 21755, 21061
2550, 2550, 2550, 21759, 21065
2550, 2550, 2550, 21763, 21068
2550, 2550, 2550, 21766, 21072
873, 2550, 2550, 21770, 21076
873, 2550, 2550, 21772, 21078
873, 2550, 2550, 21776, 21081
873, 2550, 2550, 21779, 21085
2550, 2550, 2550, 21782, 21088
2550, 2550, 2550, 21786, 21091
2550, 2550, 2550, 21789, 21094
2550, 2550, 2550, 21792, 21098
2550, 2550, 2550, 21799, 21105
2550, 2550, 2550, 21802, 21108
833, 2550, 2550, 21809, 21115
833, 2550, 2550, 21813, 21120
2550, 2550, 2550, 21818, 21124
2550, 2550, 2550, 21822, 21128
2550, 2550, 2550, 21825, 21131
2550, 2550, 2550, 21830, 21136
2550, 2550, 2550, 21834, 21140
2550, 2550, 2550, 21838, 21144
758, 2550, 2550, 21842, 21148
758, 2550, 2550, 21845, 21152
758, 2550, 2550, 21849, 21156
2550, 2550, 2550, 21853, 21159
2550, 2550, 2550, 21856, 21162
2550, 2550, 2550, 21860, 21166
2550, 2550, 2550, 21863, 21170
2550, 2550, 2550, 21867, 21173
2550, 2550, 2550, 21871, 21178
2550, 2550, 2550, 21875, 21181
964, 2550, 2550, 21879, 21186
964, 2550, 2550, 21883, 21189
964, 2550, 2550, 21887, 21193
2550, 2550, 2550, 21890, 21196
2550, 2550, 2550, 21894, 21200
2550, 2550, 2550, 21897, 21204
2550, 2550, 2550, 21901, 21207
2550, 2550, 2550, 21906, 21212
2550, 2550, 2550, 21910, 21216
857, 2550, 2550, 21914, 21220
857, 2550, 2550, 21917, 21223
857, 2550, 2550, 21920, 21226
857, 2550, 2550, 21924, 21230
2550, 2550, 2550, 21928, 21234
2550, 2550, 2550, 21931, 21236
2550, 2550, 2550, 21934, 21240
2550, 2550, 2550, 21937, 21243
2550, 2550, 2550, 21945, 21252
756, 2550, 2550, 21949, 21256
756, 2550, 2550, 21953, 21259
756, 2550, 2550, 21956, 21262
756, 2550, 2550, 21959, 21266
2550, 2550, 2550, 21962, 21269
2550, 2550, 2550, 21966, 21272
2550, 2550, 2550, 21969, 21276
2550, 2550, 2550, 21972, 21278
2550, 2550, 2550, 21977, 21283
2550, 2550, 2550, 21980, 21286
1024, 2550, 2550, 21984, 21290
1024, 2550, 2550, 21987, 21293
1024, 2550, 2550, 21992, 21297
1024, 2550, 2550, 21995, 21300
2550, 2550, 2550, 21998, 21304
2550, 2550, 2550, 22002, 21307
2550, 2550, 2550, 22005, 21310
1032, 2550, 2550, 22008, 21314
1032, 2550, 2550, 22012, 21317
2390, 2550, 2550, 22020, 21325
2390, 2550, 2550, 22023, 21328
2390, 2550, 2550, 22026, 21331
2390, 2550, 2550, 22030, 21334
2390, 2550, 2550, 22034, 21339
2550, 2550, 2550, 22037, 21342
2550, 2550, 2550, 22041, 21346
2550, 2550, 2550, 22044, 21349
2550, 2550, 2550, 22047, 21352
2550, 2550, 2550, 22051, 21356
2550, 2550, 2550, 22054, 21360
774, 2550, 2550, 22058, 21364
774, 2550, 2550, 22061, 21367
774, 2550, 2550, 22064, 21370
774, 2550, 2550, 22067, 21373
2550, 2550, 2550, 22071, 21376
2550, 2550, 2550, 22074, 21380
2550, 2550, 2550, 22078, 21384
2550, 2550, 2550, 22081, 21387
2550, 2550, 2550, 22084, 21390
2550, 2550, 2550, 22091, 21397
883, 2550, 2550, 22095, 21400
883, 2550, 2550, 22098, 21404
883, 2550, 2550, 22102, 21407
883, 2550, 2550, 22105, 21410
2550, 2550, 2550, 22108, 21414
2550, 2550, 2550, 22111, 21417
2550, 2550, 2550, 22114, 21420
2550, 2550, 2550, 22117, 21423
2550, 2550, 2550, 22120, 21426
2550, 2550, 2550, 22125, 21430
818, 2550, 2550, 22128, 21434
818, 2550, 2550, 22131, 21437
818, 2550, 2550, 22135, 21440
818, 2550, 2550, 22138, 21444
2550, 2550, 2550, 22141, 21447
2550, 2550, 2550, 22145, 21451
2550, 2550, 2550, 22148, 21454
2550, 2550, 2550, 22151, 21457
2550, 2550, 2550, 22155, 21460
2550, 2550, 2550, 22159, 21465
2550, 2550, 2550, 22164, 21470
784, 2550, 2550, 22167, 21473
784, 2550, 2550, 22170, 21476
784, 2550, 2550, 22173, 21480
784, 2550, 2550, 22176, 21483
2550, 2550, 2550, 22180, 21486
2550, 2550, 2550, 22183, 21490
2550, 2550, 2550, 22186, 21492
2550, 2550, 2550, 22189, 21495
2550, 2550, 2550, 22192, 21498
2550, 2550, 2550, 22196, 21502
903, 2550, 2550, 22200, 21506
903, 2550, 2550, 22203, 21510
903, 2550, 2550, 22206, 21513
903, 2550, 2550, 22210, 21516
2550, 2550, 2550, 22213, 21519
2550, 2550, 2550, 22217, 21524
2550, 2550, 2550, 22221, 21527
2550, 2550, 2550, 22224, 21530
1837, 2550, 2550, 22227, 21534
1837, 2550, 2550, 22233, 21539
1702, 2550, 2550, 22238, 21544
1702, 2550, 2550, 22241, 21547
1702, 2550, 2550, 22244, 21550
1702, 2550, 2550, 22247, 21554
2550, 2550, 2550, 22251, 21557
2550, 2550, 2550, 22254, 21560
2550, 2550, 2550, 22258, 21564
2550, 2550, 2550, 22260, 21567
2550, 2550, 2550, 22264, 21571
1123, 2550, 2550, 22272, 21579
1123, 2550, 2550, 22275, 21582
1123, 2550, 2550, 22278, 21585
1123, 2550, 2550, 22281, 21588
1123, 2550, 2550, 22285, 21591
2550, 2550, 2550, 22288, 21594
2550, 2550, 2550, 22291, 21597
2550, 2550, 2550, 22295, 21601
2550, 2550, 2550, 22297, 21604
2550, 2550, 2550, 22301, 21607
2550, 2550, 2550, 22306, 21612
2550, 2550, 2550, 22309, 21615
2550, 2550, 2550, 22312, 21619
2550, 2550, 2550, 22316, 21622
2550, 2550, 2550, 22319, 21625
2550, 2550, 2550, 22322, 21628
2550, 2550, 2550, 22325, 21631
2550, 2550, 2550, 22328, 21634
1778, 2550, 2550, 22332, 21638
1778, 2550, 2550, 22335, 21641
1778, 2550, 2550, 22339, 21644
1778, 2550, 2550, 22344, 21649
1797, 2550, 2550, 22347, 21652
1797, 2550, 2550, 22351, 21656
1000, 2550, 2550, 22354, 21660
1000, 2550, 2550, 22357, 21663
1000, 2550, 2550, 22360, 21666
1000, 2550, 2550, 22363, 21669
1754, 2550, 2550, 22367, 21672
1754, 2550, 2550, 22370, 21675
1754, 2550, 2550, 22375, 21680
1748, 2550, 2550, 22380, 21685
1748, 2550, 2550, 22383, 21688
977, 2550, 2550, 22387, 21692
977, 2550, 2550, 22390, 21695
977, 2550, 2550, 22393, 21698
977, 2550, 2550, 22396, 21702
2550, 2550, 2550, 22400, 21704
2550, 2550, 2550, 22403, 21708
2550, 2550, 2550, 22406, 21711
1762, 2550, 2550, 22411, 21716
1762, 2550, 2550, 22414, 21719
1762, 2550, 2550, 22418, 21723
1215, 2550, 2550, 22422, 21727
1215, 2550, 2550, 22425, 21730
1215, 2550, 2550, 22428, 21734
1215, 2550, 2550, 22431, 21737
1730, 2550, 2550, 22434, 21740
1730, 2550, 2550, 22438, 21743
1730, 2550, 2550, 22441, 21747
1708, 2550, 2550, 22445, 21751
1708, 2550, 2550, 22448, 21754
1066, 2550, 2550, 22453, 21759
1066, 2550, 2550, 22456, 21762
1066, 2550, 2550, 22459, 21765
1718, 2550, 2550, 22463, 21768
1718, 2550, 2550, 22466, 21772
1718, 2550, 2550, 22469, 21775
1718, 2550, 2550, 22472, 21778
1709, 2550, 2550, 22476, 21781
1709, 2550, 2550, 22479, 21784
1709, 2550, 2550, 22482, 21788
1299, 2550, 2550, 22486, 21792
1299, 2550, 2550, 22490, 21796
1299, 2550, 2550, 22493, 21798
1299, 2550, 2550, 22496, 21802
2550, 2550, 2550, 22499, 21806
2550, 2550, 2550, 22502, 21808
2550, 2550, 2550, 22506, 21812
1689, 2550, 2550, 22509, 21815
1689, 2550, 2550, 22512, 21819
1689, 2550, 2550, 22516, 21822
1680, 2550, 2550, 22522, 21828
1680, 2550, 2550, 22527, 21833
1020, 2550, 2550, 22530, 21836
1020, 2550, 2550, 22534, 21840
1020, 2550, 2550, 22537, 21843
1020, 2550, 2550, 22540, 21846
1680, 2550, 2550, 22543, 21849
1680, 2550, 2550, 22546, 21852
1680, 2550, 2550, 22550, 21856
1672, 2550, 2550, 22555, 21861
1672, 2550, 2550, 22558, 21864
1654, 2550, 2550, 22564, 21870
1654, 2550, 2550, 22567, 21873
1654, 2550, 2550, 22570, 21876
1662, 2550, 2550, 22574, 21880
1662, 2550, 2550, 22577, 21883
1662, 2550, 2550, 22580, 21886
1662, 2550, 2550, 22584, 21890
1662, 2550, 2550, 22587, 21894
1662, 2550, 2550, 22591, 21897
1662, 2550, 2550, 22594, 21900
1658, 2550, 2550, 22598, 21904
1658, 2550, 2550, 22602, 21908
1658, 2550, 2550, 22605, 21911
1656, 2550, 2550, 22609, 21914
1656, 2550, 2550, 22612, 21918
1656, 2550, 2550, 22615, 21920
1627, 2550, 2550, 22618, 21924
1627, 2550, 2550, 22621, 21927
1627, 2550, 2550, 22625, 21930
1634, 2550, 2550, 22628, 21934
1634, 2550, 2550, 22631, 21937
1634, 2550, 2550, 22635, 21941
1638, 2550, 2550, 22638, 21944
1638, 2550, 2550, 22642, 21948
1638, 2550, 2550, 22645, 21951
1638, 2550, 2550, 22648, 21954
1626, 2550, 2550, 22651, 21958
1626, 2550, 2550, 22654, 21961
1626, 2550, 2550, 22657, 21964
1619, 2550, 2550, 22661, 21968
1619, 2550, 2550, 22666, 21972
1619, 2550, 2550, 22671, 21977
1611, 2550, 2550, 22674, 21980
1611, 2550, 2550, 22678, 21984
1611, 2550, 2550, 22681, 21988
1607, 2550, 2550, 22684, 21990
1607, 2550, 2550, 22687, 21994
1607, 2550, 2550, 22690, 21997
1603, 2550, 2550, 22694, 22000
1603, 2550, 2550, 22698, 22004
1603, 2550, 2550, 22700, 22006
1595, 2550, 2550, 22704, 22010
1595, 2550, 2550, 22708, 22014
1595, 2550, 2550, 22713, 22018
843, 2550, 2550, 22716, 22022
843, 2550, 2550, 22719, 22024
843, 2550, 2550, 22722, 22027
1587, 2550, 2550, 22725, 22030
1587, 2550, 2550, 22729, 22034
1587, 2550, 2550, 22732, 22037
1587, 2550, 2550, 22736, 22041
1587, 2550, 2550, 22739, 22044
1587, 2550, 2550, 22742, 22047
1587, 2550, 2550, 22746, 22051
1587, 2550, 2550, 22749, 22054
1587, 2550, 2550, 22752, 22058
1587, 2550, 2550, 22756, 22061
1566, 2550, 2550, 22759, 22064
1566, 2550, 2550, 22762, 22067
1566, 2550, 2550, 22765, 22070
1569, 2550, 2550, 22768, 22073
1569, 2550, 2550, 22772, 22078
1569, 2550, 2550, 22776, 22081
1569, 2550, 2550, 22779, 22084
1569, 2550, 2550, 22783, 22088
1569, 2550, 2550, 22787, 22092
1569, 2550, 2550, 22790, 22095
1569, 2550, 2550, 22794, 22098
1569, 2550, 2550, 22797, 22102
1555, 2550, 2550, 22800, 22105
1555, 2550, 2550, 22803, 22108
1555, 2550, 2550, 22807, 22112
1555, 2550, 2550, 22812, 22117
1555, 2550, 2550, 22815, 22120
1555, 2550, 2550, 22818, 22124
1555, 2550, 2550, 22822, 22128
1555, 2550, 2550, 22826, 22132
1555, 2550, 2550, 22829, 22134
1542, 2550, 2550, 22832, 22138
1542, 2550, 2550, 22836, 22141
1542, 2550, 2550, 22839, 22144
1534, 2550, 2550, 22843, 22149
1534, 2550, 2550, 22847, 22153
1534, 2550, 2550, 22850, 22156
1534, 2550, 2550, 22855, 22161
1534, 2550, 2550, 22858, 22164
1534, 2550, 2550, 22862, 22167
1534, 2550, 2550, 22865, 22170
1534, 2550, 2550, 22868, 22174
1534, 2550, 2550, 22872, 22178
1519, 2550, 2550, 22876, 22181
1519, 2550, 2550, 22879, 22184
1519, 2550, 2550, 22883, 22188
1389, 2550, 2550, 22886, 22192
1389, 2550, 2550, 22889, 22195
1389, 2550, 2550, 22893, 22199
1389, 2550, 2550, 22896, 22202
1389, 2550, 2550, 22900, 22206
1389, 2550, 2550, 22903, 22210
1389, 2550, 2550, 22907, 22213
1389, 2550, 2550, 22910, 22216
1389, 2550, 2550, 22913, 22219
1503, 2550, 2550, 22916, 22223
1503, 2550, 2550, 22920, 22226
794, 2550, 2550, 22923, 22230
794, 2550, 2550, 22926, 22233
794, 2550, 2550, 22930, 22236
794, 2550, 2550, 22934, 22240
794, 2550, 2550, 22937, 22243
1504, 2550, 2550, 22940, 22246
1504, 2550, 2550, 22944, 22250
1495, 2550, 2550, 22947, 22253
1495, 2550, 2550, 22951, 22257
1480, 2550, 2550, 22956, 22262
1480, 2550, 2550, 22959, 22265
1480, 2550, 2550, 22962, 22268
1480, 2550, 2550, 22967, 22273
2550, 2550, 2550, 22970, 22276
2550, 2550, 2550, 22974, 22280
2550, 2550, 2550, 22977, 22283
1478, 2550, 2550, 22980, 22286
1478, 2550, 2550, 22983, 22289
1478, 2550, 2550, 22986, 22293
1478, 2550, 2550, 22989, 22296
1478, 2550, 2550, 22993, 22300
1478, 2550, 2550, 22996, 22302
1478, 2550, 2550, 22999, 22306
1478, 2550, 2550, 23003, 22309
1478, 2550, 2550, 23006, 22312
1478, 2550, 2550, 23010, 22316
1463, 2550, 2550, 23013, 22320
1463, 2550, 2550, 23017, 22323
1463, 2550, 2550, 23020, 22326
1466, 2550, 2550, 23023, 22330
1466, 2550, 2550, 23027, 22334
1466, 2550, 2550, 23030, 22337
1466, 2550, 2550, 23034, 22340
1466, 2550, 2550, 23038, 22344
1466, 2550, 2550, 23041, 22348
1466, 2550, 2550, 23044, 22350
1466, 2550, 2550, 23048, 22354
1466, 2550, 2550, 23051, 22357
1458, 2550, 2550, 23054, 22360
1458, 2550, 2550, 23057, 22364
1458, 2550, 2550, 23061, 22367
1450, 570, 2550, 23065, 22372
1450, 570, 2550, 23068, 22374
1450, 570, 2550, 23072, 22378
1428, 570, 2550, 23075, 22382
1428, 570, 2550, 23079, 22384
1428, 570, 2550, 23082, 22388
1441, 570, 2550, 23086, 22391
1441, 570, 2550, 23089, 22394
1441, 570, 2550, 23092, 22397
1428, 570, 2550, 23096, 22401
1428, 580, 2550, 23102, 22407
1428, 580, 2550, 23105, 22410
1442, 580, 2550, 23108, 22413
1442, 580, 2550, 23112, 22418
1442, 580, 2550, 23115, 22421
1422, 580, 2550, 23119, 22424
1422, 580, 2550, 23122, 22427
990, 580, 2550, 23125, 22430
990, 580, 2550, 23130, 22435
990, 580, 2550, 23133, 22438
1345, 580, 2550, 23137, 22442
1345, 570, 2550, 23140, 22446
1345, 570, 2550, 23143, 22449
1111, 570, 2550, 23147, 22453
1111, 570, 2550, 23151, 22457
1111, 570, 2550, 23154, 22460
1408, 570, 2550, 23158, 22464
1408, 570, 2550, 23161, 22467
1408, 570, 2550, 23164, 22470
1131, 570, 2550, 23168, 22474
1131, 570, 2550, 23171, 22477
1131, 570, 2550, 23174, 22480
1404, 570, 2550, 23178, 22484
1404, 570, 2550, 23182, 22487
1404, 570, 2550, 23185, 22491
1404, 570, 2550, 23188, 22494
1400, 570, 2550, 23191, 22497
1400, 570, 2550, 23195, 22500
1406, 570, 2550, 23198, 22503
1406, 570, 2550, 23201, 22506
1406, 570, 2550, 23204, 22510
1406, 570, 2550, 23208, 22513
1406, 570, 2550, 23212, 22517
1406, 570, 2550, 23215, 22520
1154, 570, 2550, 23218, 22524
1154, 570, 2550, 23222, 22527
1154, 570, 2550, 23225, 22530
1372, 570, 2550, 23229, 22534
1372, 570, 2550, 23232, 22538
1372, 570, 2550, 23235, 22541
1385, 570, 2550, 23240, 22545
1385, 570, 2550, 23244, 22550
1385, 570, 2550, 23249, 22555
1385, 570, 2550, 23252, 22558
1385, 570, 2550, 23255, 22561
1385, 570, 2550, 23258, 22565
1385, 570, 2550, 23262, 22568
1385, 570, 2550, 23265, 22572
1385, 570, 2550, 23268, 22575
1164, 570, 2550, 23272, 22578
1164, 570, 2550, 23275, 22581
1164, 570, 2550, 23278, 22585
1290, 560, 2550, 23282, 22588
1290, 560, 2550, 23285, 22592
1183, 560, 2550, 23289, 22595
1183, 560, 2550, 23293, 22599
1183, 560, 2550, 23296, 22602
1360, 560, 2550, 23300, 22606
1360, 560, 2550, 23303, 22610
1360, 560, 2550, 23307, 22613
1360, 560, 2550, 23310, 22616
1360, 560, 2550, 23314, 22620
1360, 570, 2550, 23317, 22623
1360, 570, 2550, 23320, 22627
1360, 570, 2550, 23324, 22630
1360, 570, 2550, 23327, 22633
1360, 570, 2550, 23330, 22637
1344, 570, 2550, 23334, 22640
1344, 570, 2550, 23337, 22643
1344, 570, 2550, 23341, 22646
893, 570, 2550, 23344, 22650
893, 570, 2550, 23347, 22653
893, 570, 2550, 23350, 22656
834, 2550, 2550, 23355, 22660
834, 2550, 2550, 23358, 22664
1046, 2550, 2550, 23362, 22667
1046, 2550, 2550, 23364, 22670
1046, 2550, 2550, 23368, 22673
1046, 2550, 2550, 23371, 22676
1337, 2550, 2550, 23374, 22680
1337, 2550, 2550, 23378, 22683
1337, 2550, 2550, 23381, 22686
1325, 2550, 2550, 23384, 22690
1325, 2550, 2550, 23389, 22695
907, 2550, 2550, 23393, 22699
907, 2550, 2550, 23396, 22703
907, 2550, 2550, 23399, 22706
1324, 2550, 2550, 23404, 22710
1324, 2550, 2550, 23407, 22714
1324, 2550, 2550, 23410, 22717
1324, 2550, 2550, 23414, 22720
1324, 2550, 2550, 23418, 22724
1324, 2550, 2550, 23421, 22727
1324, 2550, 2550, 23424, 22730
1324, 2550, 2550, 23428, 22734
1324, 2550, 2550, 23432, 22738
1324, 2550, 2550, 23435, 22741
1324, 2550, 2550, 23438, 22744
1318, 2550, 2550, 23443, 22750
1318, 2550, 2550, 23446, 22752
1318, 2550, 2550, 23450, 22756
1332, 2550, 2550, 23453, 22759
1332, 2550, 2550, 23457, 22762
1332, 2550, 2550, 23460, 22765
1332, 2550, 2550, 23463, 22768
1332, 2550, 2550, 23466, 22771
1332, 2550, 2550, 23470, 22775
1332, 2550, 2550, 23473, 22778
1332, 2550, 2550, 23476, 22781
1332, 2550, 2550, 23480, 22785
1332, 2550, 2550, 23483, 22788
2177, 2550, 2550, 23487, 22792
2177, 2550, 2550, 23490, 22796
2177, 2550, 2550, 23493, 22798
1297, 2550, 2550, 23497, 22802
1297, 2550, 2550, 23500, 22805
1297, 2550, 2550, 23504, 22809
1297, 2550, 2550, 23506, 22812
2550, 2550, 2550, 23510, 22815
2550, 2550, 2550, 23513, 22819
2550, 2550, 2550, 23517, 22822
2550, 2550, 2550, 23520, 22826
2550, 2550, 2550, 23523, 22829
2550, 2550, 2550, 23527, 22832
903, 2550, 2550, 23532, 22838
903, 2550, 2550, 23535, 22841
903, 2550, 2550, 23538, 22844
903, 2550, 2550, 23542, 22848
1992, 2550, 2550, 23546, 22851
1992, 2550, 2550, 23549, 22854
1992, 2550, 2550, 23552, 22858
2051, 2550, 2550, 23556, 22862
2051, 2550, 2550, 23559, 22865
2051, 2550, 2550, 23563, 22868
796, 2550, 2550, 23566, 22872
796, 2550, 2550, 23570, 22876
796, 2550, 2550, 23572, 22879
796, 2550, 2550, 23575, 22882
2550, 2550, 2550, 23579, 22885
2550, 2550, 2550, 23582, 22888
2550, 2550, 2550, 23586, 22892
2550, 2550, 2550, 23589, 22895
2550, 2550, 2550, 23592, 22898
2550, 2550, 2550, 23596, 22902
2550, 2550, 2550, 23600, 22906
853, 2550, 2550, 23603, 22909
853, 2550, 2550, 23607, 22912
853, 2550, 2550, 23610, 22916
1490, 2550, 2550, 23613, 22919
1490, 2550, 2550, 23617, 22922
1490, 2550, 2550, 23620, 22927
2550, 2550, 2550, 23625, 22931
2550, 2550, 2550, 23628, 22934
2550, 2550, 2550, 23632, 22938
1930, 2550, 2550, 23637, 22943
1930, 2550, 2550, 23641, 22947
1930, 2550, 2550, 23644, 22950
1744, 2550, 2550, 23647, 22954
1744, 2550, 2550, 23652, 22958
1744, 2550, 2550, 23656, 22962
2003, 2550, 2550, 23659, 22966
2003, 2550, 2550, 23663, 22970
2003, 2550, 2550, 23666, 22973
2007, 2550, 2550, 23671, 22978
2007, 2550, 2550, 23677, 22984
978, 2550, 2550, 23681, 22988
978, 2550, 2550, 23684, 22991
978, 2550, 2550, 23688, 22995
978, 2550, 2550, 23692, 22998
1881, 2550, 2550, 23695, 23002
1881, 2550, 2550, 23699, 23006
1920, 2550, 2550, 23703, 23009
1920, 2550, 2550, 23707, 23014
792, 2550, 2550, 23712, 23018
792, 2550, 2550, 23715, 23022
792, 2550, 2550, 23719, 23025
792, 2550, 2550, 23722, 23028
1856, 2550, 2550, 23726, 23032
1856, 2550, 2550, 23730, 23035
901, 2550, 2550, 23735, 23040
901, 2550, 2550, 23738, 23044
901, 2550, 2550, 23743, 23048
2072, 2550, 2550, 23746, 23052
2072, 2550, 2550, 23750, 23056
2072, 2550, 2550, 23753, 23059
1435, 2550, 2550, 23756, 23062
1435, 2550, 2550, 23760, 23067
1435, 2550, 2550, 23764, 23070
1965, 2550, 2550, 23767, 23074
1965, 2550, 2550, 23772, 23078
1965, 2550, 2550, 23776, 23082
1927, 2550, 2550, 23780, 23086
1927, 2550, 2550, 23784, 23090
982, 2550, 2550, 23788, 23094
982, 2550, 2550, 23792, 23098
982, 2550, 2550, 23796, 23102
982, 2550, 2550, 23799, 23106
2550, 2550, 2550, 23803, 23109
2550, 2550, 2550, 23808, 23114
2550, 2550, 2550, 23811, 23116
1808, 2550, 2550, 23815, 23120
1808, 2550, 2550, 23823, 23129
2550, 2550, 2550, 23827, 23132
2550, 2550, 2550, 23831, 23136
2550, 2550, 2550, 23834, 23140
1902, 2550, 2550, 23838, 23144
1902, 2550, 2550, 23842, 23147
1902, 2550, 2550, 23845, 23150
2036, 2550, 2550, 23849, 23154
2036, 2550, 2550, 23852, 23158
2036, 2550, 2550, 23856, 23161
2036, 2550, 2550, 23859, 23164
1956, 2550, 2550, 23863, 23168
1956, 2550, 2550, 23866, 23171
1956, 2550, 2550, 23869, 23174
1956, 2550, 2550, 23873, 23178
2550, 2550, 2550, 23876, 23181
2550, 2550, 2550, 23880, 23186
2550, 2550, 2550, 23884, 23189
2550, 2550, 2550, 23887, 23193
2550, 2550, 2550, 23891, 23196
2550, 2550, 2550, 23894, 23200
2550, 2550, 2550, 23897, 23203
2550, 2550, 2550, 23900, 23206
2550, 2550, 2550, 23903, 23209
2550, 2550, 2550, 23906, 23213
2550, 2550, 2550, 23910, 23216
2550, 2550, 2550, 23913, 23219
2550, 2550, 2550, 23917, 23222
1738, 2550, 2550, 23921, 23227
1738, 2550, 2550, 23925, 23230
1738, 2550, 2550, 23928, 23234
1738, 2550, 2550, 23931, 23237
2550, 2550, 2550, 23935, 23240
2550, 2550, 2550, 23938, 23243
2550, 2550, 2550, 23941, 23246
2550, 2550, 2550, 23944, 23250
1748, 2550, 2550, 23948, 23253
1748, 2550, 2550, 23951, 23257
1748, 2550, 2550, 23955, 23260
2487, 2550, 2550, 23958, 23264
2487, 2550, 2550, 23961, 23267
2487, 2550, 2550, 23967, 23273
1246, 2550, 2550, 23970, 23276
1246, 2550, 2550, 23973, 23279
1246, 2550, 2550, 23976, 23282
1246, 2550, 2550, 23980, 23286
2550, 2550, 2550, 23984, 23290
2550, 2550, 2550, 23987, 23293
2550, 2550, 2550, 23990, 23296
2550, 2550, 2550, 23994, 23301
2550, 2550, 2550, 23997, 23304
2550, 2550, 2550, 24002, 23308
1171, 2550, 2550, 24005, 23311
1171, 2550, 2550, 24008, 23314
1171, 2550, 2550, 24011, 23317
1171, 2550, 2550, 24015, 23322
2550, 2550, 2550, 24019, 23325
2550, 2550, 2550, 24022, 23328
2550, 2550, 2550, 24027, 23333
1717, 2550, 2550, 24031, 23338
1717, 2550, 2550, 24034, 23340
1717, 2550, 2550, 24038, 23344
2550, 2550, 2550, 24042, 23348
2550, 2550, 2550, 24045, 23351
2550, 2550, 2550, 24048, 23354
2550, 2550, 2550, 24051, 23357
2028, 2550, 2550, 24055, 23361
2028, 2550, 2550, 24058, 23364
2028, 2550, 2550, 24061, 23368
2028, 2550, 2550, 24065, 23371
2550, 2550, 2550, 24071, 23377
2550, 2550, 2550, 24075, 23381
2082, 2550, 2550, 24078, 23384
2082, 2550, 2550, 24081, 23388
2082, 2550, 2550, 24084, 23391
2082, 2550, 2550, 24088, 23394
2082, 2550, 2550, 24091, 23397
2394, 2550, 2550, 24094, 23400
2394, 2550, 2550, 24097, 23404
2394, 2550, 2550, 24101, 23407
2550, 2550, 2550, 24104, 23410
2550, 2550, 2550, 24110, 23416
2550, 2550, 2550, 24114, 23420
1406, 2550, 2550, 24117, 23423
1406, 2550, 2550, 24120, 23426
1406, 2550, 2550, 24124, 23430
1406, 2550, 2550, 24126, 23432
2550, 2550, 2550, 24130, 23436
2550, 2550, 2550, 24134, 23440
2550, 2550, 2550, 24137, 23443
2091, 2550, 2550, 24141, 23446
2091, 2550, 2550, 24144, 23449
2091, 2550, 2550, 24148, 23453
2091, 2550, 2550, 24151, 23457
2550, 2550, 2550, 24154, 23460
2550, 2550, 2550, 24158, 23463
2550, 2550, 2550, 24161, 23466
2550, 2550, 2550, 24164, 23470
2001, 2550, 2550, 24168, 23473
2001, 2550, 2550, 24172, 23477
2001, 2550, 2550, 24175, 23481
1563, 2550, 2550, 24178, 23484
1563, 2550, 2550, 24183, 23489
1563, 2550, 2550, 24186, 23492
2005, 2550, 2550, 24189, 23495
2005, 2550, 2550, 24192, 23498
2005, 2550, 2550, 24196, 23502
2005, 2550, 2550, 24199, 23504
2550, 2550, 2550, 24202, 23508
2550, 2550, 2550, 24205, 23512
2550, 2550, 2550, 24209, 23515
1688, 2550, 2550, 24213, 23518
1688, 2550, 2550, 24216, 23522
1688, 2550, 2550, 24220, 23526
1376, 2550, 2550, 24223, 23529
1376, 2550, 2550, 24226, 23532
1376, 2550, 2550, 24229, 23535
1376, 2550, 2550, 24232, 23538
1376, 2550, 2550, 24236, 23542
2550, 2550, 2550, 24240, 23545
2550, 2550, 2550, 24243, 23549
2550, 2550, 2550, 24247, 23552
2099, 2550, 2550, 24250, 23556
2099, 2550, 2550, 24254, 23560
2099, 2550, 2550, 24258, 23564
1551, 2550, 2550, 24262, 23567
1551, 2550, 2550, 24264, 23570
1551, 2550, 2550, 24268, 23574
1551, 2550, 2550, 24270, 23576
2550, 2550, 2550, 24274, 23580
2550, 2550, 2550, 24277, 23583
2550, 2550, 2550, 24283, 23588
2056, 2550, 2550, 24286, 23592
2056, 2550, 2550, 24290, 23596
2056, 2550, 2550, 24293, 23599
1460, 2550, 2550, 24296, 23602
1460, 2550, 2550, 24299, 23605
1460, 2550, 2550, 24302, 23608
1460, 2550, 2550, 24306, 23611
2550, 2550, 2550, 24309, 23614
2550, 2550, 2550, 24312, 23618
2550, 2550, 2550, 24316, 23622
2147, 2550, 2550, 24321, 23627
2147, 2550, 2550, 24324, 23630
2147, 2550, 2550, 24328, 23634
1438, 2550, 2550, 24331, 23638
1438, 2550, 2550, 24334, 23641
1438, 2550, 2550, 24338, 23644
1438, 2550, 2550, 24341, 23647
2550, 2550, 2550, 24344, 23650
2550, 2550, 2550, 24348, 23654
2550, 2550, 2550, 24351, 23657
2550, 2550, 2550, 24355, 23661
2091, 2550, 2550, 24359, 23665
2091, 2550, 2550, 24362, 23668
2091, 2550, 2550, 24366, 23672
2091, 2550, 2550, 24369, 23675
2550, 2550, 2550, 24372, 23678
2550, 2550, 2550, 24376, 23682
2550, 2550, 2550, 24379, 23685
2550, 2550, 2550, 24382, 23688
2550, 2550, 2550, 24385, 23692
2550, 2550, 2550, 24389, 23696
894, 2550, 2550, 24393, 23699
894, 2550, 2550, 24396, 23703
894, 2550, 2550, 24402, 23709
2550, 2550, 2550, 24405, 23712
2550, 2550, 2550, 24408, 23716
2550, 2550, 2550, 24412, 23718
2550, 2550, 2550, 24415, 23722
2550, 2550, 2550, 24418, 23724
2550, 2550, 2550, 24421, 23728
2550, 2550, 2550, 24426, 23733
843, 2550, 2550, 24430, 23736
843, 2550, 2550, 24433, 23740
843, 2550, 2550, 24436, 23743
1412, 2550, 2550, 24440, 23746
1412, 2550, 2550, 24443, 23749
1412, 2550, 2550, 24446, 23752
1412, 2550, 2550, 24449, 23755
1990, 2550, 2550, 24452, 23758
1990, 2550, 2550, 24456, 23762
1990, 2550, 2550, 24459, 23765
2033, 2550, 2550, 24463, 23769
2033, 2550, 2550, 24467, 23773
2033, 2550, 2550, 24471, 23777
804, 2550, 2550, 24474, 23780
804, 2550, 2550, 24477, 23784
804, 2550, 2550, 24480, 23786
804, 2550, 2550, 24484, 23790
2550, 2550, 2550, 24486, 23792
2550, 2550, 2550, 24489, 23795
2550, 2550, 2550, 24492, 23798
1875, 2550, 2550, 24497, 23802
1875, 2550, 2550, 24500, 23806
1875, 2550, 2550, 24505, 23811
1856, 2550, 2550, 24508, 23814
1856, 2550, 2550, 24512, 23818
1856, 2550, 2550, 24515, 23821
1856, 2550, 2550, 24519, 23824
1892, 2550, 2550, 24522, 23827
1892, 2550, 2550, 24525, 23830
1892, 2550, 2550, 24528, 23834
1892, 2550, 2550, 24532, 23837
2550, 2550, 2550, 24535, 23841
2550, 2550, 2550, 24539, 23844
1557, 2550, 2550, 24544, 23849
1557, 2550, 2550, 24547, 23852
1557, 2550, 2550, 24550, 23856
1557, 2550, 2550, 24554, 23860
1961, 2550, 2550, 24558, 23863
1961, 2550, 2550, 24561, 23866
1961, 2550, 2550, 24564, 23869
1992, 2550, 2550, 24568, 23873
1992, 2550, 2550, 24572, 23877
1992, 2550, 2550, 24578, 23884
1992, 2550, 2550, 24581, 23887
1992, 2550, 2550, 24584, 23890
1992, 2550, 2550, 24587, 23893
1992, 2550, 2550, 24591, 23896
1992, 2550, 2550, 24594, 23900
1992, 2550, 2550, 24597, 23902
1992, 2550, 2550, 24600, 23906
2550, 2550, 2550, 24604, 23910
2550, 2550, 2550, 24608, 23914
2550, 2550, 2550, 24611, 23917
770, 2550, 2550, 24615, 23921
770, 2550, 2550, 24618, 23924
770, 2550, 2550, 24621, 23927
2550, 2550, 2550, 24625, 23931
2550, 2550, 2550, 24628, 23934
2550, 2550, 2550, 24631, 23937
2550, 2550, 2550, 24634, 23940
2550, 2550, 2550, 24637, 23943
2550, 2550, 2550, 24641, 23947
2550, 2550, 2550, 24644, 23950
886, 2550, 2550, 24649, 23955
886, 2550, 2550, 24652, 23958
886, 2550, 2550, 24655, 23961
886, 2550, 2550, 24659, 23964
2550, 2550, 2550, 24662, 23968
2550, 2550, 2550, 24666, 23971
2550, 2550, 2550, 24669, 23974
2550, 2550, 2550, 24672, 23978
2550, 2550, 2550, 24675, 23981
2550, 2550, 2550, 24679, 23985
2550, 2550, 2550, 24682, 23988
834, 2550, 2550, 24688, 23994
834, 2550, 2550, 24691, 23997
834, 2550, 2550, 24694, 24000
2550, 2550, 2550, 24698, 24004
2550, 2550, 2550, 24701, 24008
2550, 2550, 2550, 24704, 24010
2550, 2550, 2550, 24707, 24013
2550, 2550, 2550, 24710, 24016
2550, 2550, 2550, 24715, 24020
2550, 2550, 2550, 24718, 24024
784, 2550, 2550, 24722, 24028
784, 2550, 2550, 24725, 24032
784, 2550, 2550, 24728, 24035
1831, 2550, 2550, 24732, 24038
1831, 2550, 2550, 24735, 24042
1831, 2550, 2550, 24738, 24045
1831, 2550, 2550, 24741, 24048
2329, 2550, 2550, 24744, 24051
2329, 2550, 2550, 24748, 24054
849, 2550, 2550, 24752, 24058
849, 2550, 2550, 24756, 24062
849, 2550, 2550, 24760, 24066
849, 2550, 2550, 24763, 24069
1525, 2550, 2550, 24766, 24072
1525, 2550, 2550, 24770, 24076
1525, 2550, 2550, 24774, 24080
2550, 2550, 2550, 24777, 24083
2550, 2550, 2550, 24780, 24086
2550, 2550, 2550, 24783, 24089
2550, 2550, 2550, 24786, 24092
1983, 2550, 2550, 24790, 24096
1983, 2550, 2550, 24794, 24100
1983, 2550, 2550, 24797, 24103
1550, 2550, 2550, 24800, 24106
1550, 2550, 2550, 24803, 24109
1550, 2550, 2550, 24807, 24113
1779, 2550, 2550, 24810, 24116
1779, 2550, 2550, 24813, 24119
1779, 2550, 2550, 24816, 24122
1779, 2550, 2550, 24820, 24126
1744, 2550, 2550, 24823, 24130
1744, 2550, 2550, 24827, 24133
1273, 2550, 2550, 24833, 24139
1273, 2550, 2550, 24836, 24142
1273, 2550, 2550, 24839, 24145
1273, 2550, 2550, 24843, 24148
1746, 2550, 2550, 24846, 24152
1746, 2550, 2550, 24849, 24155
1746, 2550, 2550, 24852, 24158
1761, 2550, 2550, 24856, 24161
1761, 2550, 2550, 24861, 24166
1084, 2550, 2550, 24865, 24170
1084, 2550, 2550, 24870, 24176
1084, 2550, 2550, 24874, 24179
1084, 2550, 2550, 24877, 24182
2550, 2550, 2550, 24880, 24186
2550, 2550, 2550, 24884, 24189
2550, 2550, 2550, 24886, 24192
1746, 2550, 2550, 24889, 24195
1746, 2550, 2550, 24893, 24198
1746, 2550, 2550, 24896, 24202
1460, 2550, 2550, 24900, 24206
1460, 2550, 2550, 24904, 24209
1460, 2550, 2550, 24907, 24212
1460, 2550, 2550, 24910, 24216
1460, 2550, 2550, 24913, 24219
1460, 2550, 2550, 24918, 24223
1460, 2550, 2550, 24921, 24227
1460, 2550, 2550, 24924, 24230
1460, 2550, 2550, 24927, 24233
1460, 2550, 2550, 24931, 24237
1837, 2550, 2550, 24934, 24240
1837, 2550, 2550, 24938, 24244
1837, 2550, 2550, 24942, 24248
1664, 2550, 2550, 24945, 24251
1664, 2550, 2550, 24948, 24254
1664, 2550, 2550, 24951, 24256
1664, 2550, 2550, 24954, 24260
2196, 2550, 2550, 24958, 24263
2196, 2550, 2550, 24960, 24266
2196, 2550, 2550, 24964, 24269
2196, 2550, 2550, 24967, 24273
2550, 2550, 2550, 24971, 24276
2550, 2550, 2550, 24976, 24282
2550, 2550, 2550, 24980, 24285
2550, 2550, 2550, 24983, 24288
2550, 2550, 2550, 24986, 24292
2550, 2550, 2550, 24990, 24296
2550, 2550, 2550, 24993, 24299
2550, 2550, 2550, 24996, 24302
2550, 2550, 2550, 24999, 24305
2550, 2550, 2550, 25004, 24310
808, 2550, 2550, 25007, 24313
808, 2550, 2550, 25011, 24317
808, 2550, 2550, 25014, 24321
1527, 2550, 2550, 25018, 24324
1527, 2550, 2550, 25020, 24327
1527, 2550, 2550, 25023, 24330
2214, 2550, 2550, 25027, 24334
2214, 2550, 2550, 25030, 24336
2214, 2550, 2550, 25033, 24339
2214, 2550, 2550, 25036, 24342
2183, 2550, 2550, 25040, 24346
2183, 2550, 2550, 25043, 24349
2183, 2550, 2550, 25047, 24353
2028, 2550, 2550, 25051, 24357
2028, 2550, 2550, 25054, 24360
2028, 2550, 2550, 25057, 24364
2028, 2550, 2550, 25060, 24366
2151, 2550, 2550, 25064, 24370
2151, 2550, 2550, 25067, 24373
2151, 2550, 2550, 25070, 24376
2151, 2550, 2550, 25074, 24380
2550, 2550, 2550, 25077, 24384
2550, 2550, 2550, 25080, 24387
2550, 2550, 2550, 25084, 24391
2550, 2550, 2550, 25088, 24394
2550, 2550, 2550, 25091, 24397
2550, 2550, 2550, 25094, 24400
2550, 2550, 2550, 25097, 24404
2550, 2550, 2550, 25101, 24408
2550, 2550, 2550, 25104, 24411
2550, 2550, 2550, 25108, 24414
2550, 2550, 2550, 25111, 24418
802, 2550, 2550, 25115, 24421
802, 2550, 2550, 25118, 24426
802, 2550, 2550, 25125, 24431
2550, 2550, 2550, 25128, 24434
2550, 2550, 2550, 25131, 24437
2550, 2550, 2550, 25134, 24440
2167, 2550, 2550, 25138, 24444
2167, 2550, 2550, 25141, 24447
2167, 2550, 2550, 25144, 24450
1438, 2550, 2550, 25148, 24454
1438, 2550, 2550, 25151, 24457
1438, 2550, 2550, 25155, 24461
1679, 2550, 2550, 25160, 24466
1679, 2550, 2550, 25163, 24470
1679, 2550, 2550, 25166, 24472
1679, 2550, 2550, 25170, 24476
1672, 2550, 2550, 25173, 24479
1672, 2550, 2550, 25176, 24482
1672, 2550, 2550, 25180, 24485
1662, 2550, 2550, 25184, 24489
1662, 2550, 2550, 25187, 24493
1662, 2550, 2550, 25190, 24496
1418, 2550, 2550, 25194, 24500
1418, 2550, 2550, 25198, 24504
1418, 2550, 2550, 25201, 24507
1210, 2550, 2550, 25204, 24510
1210, 2550, 2550, 25207, 24513
1210, 2550, 2550, 25211, 24517
2104, 2550, 2550, 25214, 24520
2104, 2550, 2550, 25217, 24523
2104, 2550, 2550, 25220, 24526
1062, 2550, 2550, 25224, 24530
1062, 2550, 2550, 25227, 24533
1062, 2550, 2550, 25232, 24538
1694, 2550, 2550, 25236, 24541
1694, 2550, 2550, 25239, 24544
1694, 2550, 2550, 25242, 24547
1680, 2550, 2550, 25246, 24550
1680, 2550, 2550, 25249, 24554
1680, 2550, 2550, 25253, 24558
1097, 2550, 2550, 25256, 24561
1097, 2550, 2550, 25259, 24564
1097, 2550, 2550, 25262, 24568
1849, 2550, 2550, 25270, 24575
1849, 2550, 2550, 25273, 24578
1849, 2550, 2550, 25276, 24582
2092, 2550, 2550, 25280, 24585
2092, 2550, 2550, 25283, 24588
2092, 2550, 2550, 25286, 24592
1076, 2550, 2550, 25289, 24595
1076, 2550, 2550, 25292, 24598
1076, 2550, 2550, 25296, 24602
1649, 2550, 2550, 25299, 24605
1649, 2550, 2550, 25303, 24609
1649, 2550, 2550, 25307, 24612
1649, 2550, 2550, 25310, 24615
1649, 2550, 2550, 25313, 24618
1676, 2550, 2550, 25316, 24622
1676, 2550, 2550, 25320, 24626
1708, 2550, 2550, 25323, 24629
1708, 2550, 2550, 25327, 24632
1708, 2550, 2550, 25331, 24636
1708, 2550, 2550, 25334, 24639
1708, 2550, 2550, 25337, 24642
1708, 2550, 2550, 25341, 24646
1708, 2550, 2550, 25344, 24649
1708, 2550, 2550, 25347, 24653
1708, 2550, 2550, 25350, 24656
1058, 2550, 2550, 25353, 24659
1058, 2550, 2550, 25357, 24663
1058, 2550, 2550, 25360, 24666
1267, 2550, 2550, 25364, 24670
1267, 2550, 2550, 25368, 24674
1267, 2550, 2550, 25371, 24676
1267, 2550, 2550, 25374, 24680
1678, 2550, 2550, 25378, 24684
1678, 2550, 2550, 25381, 24687
1678, 2550, 2550, 25384, 24690
1709, 2550, 2550, 25388, 24694
1709, 2550, 2550, 25391, 24698
1709, 2550, 2550, 25395, 24701
2032, 2550, 2550, 25398, 24705
2032, 2550, 2550, 25402, 24708
2032, 2550, 2550, 25405, 24712
1633, 2550, 2550, 25410, 24716
1633, 2550, 2550, 25414, 24720
1633, 2550, 2550, 25417, 24724
1633, 2550, 2550, 25420, 24727
993, 2550, 2550, 25423, 24730
993, 2550, 2550, 25426, 24733
1316, 2550, 2550, 25430, 24736
1316, 2550, 2550, 25434, 24740
993, 2550, 2550, 25438, 24744
993, 2550, 2550, 25441, 24748
993, 2550, 2550, 25445, 24751
993, 2550, 2550, 25449, 24755
993, 2550, 2550, 25453, 24759
993, 2550, 2550, 25456, 24762
993, 2550, 2550, 25460, 24766
993, 2550, 2550, 25463, 24769
993, 2550, 2550, 25467, 24774
993, 2550, 2550, 25471, 24777
1978, 2550, 2550, 25474, 24780
1978, 2550, 2550, 25478, 24784
1978, 2550, 2550, 25480, 24787
977, 2550, 2550, 25484, 24791
977, 2550, 2550, 25488, 24795
977, 2550, 2550, 25491, 24798
977, 2550, 2550, 25495, 24801
977, 2550, 2550, 25498, 24804
977, 2550, 2550, 25501, 24807
977, 2550, 2550, 25504, 24810
977, 2550, 2550, 25508, 24814
977, 2550, 2550, 25511, 24817
977, 2550, 2550, 25514, 24820
1265, 2550, 2550, 25517, 24824
1265, 2550, 2550, 25521, 24828
1265, 2550, 2550, 25525, 24831
1265, 2550, 2550, 25528, 24834
1265, 2550, 2550, 25532, 24838
1265, 2550, 2550, 25535, 24841
1265, 2550, 2550, 25538, 24844
1265, 2550, 2550, 25542, 24848
1265, 2550, 2550, 25545, 24851
1253, 2550, 2550, 25548, 24854
1253, 2550, 2550, 25551, 24857
1253, 2550, 2550, 25557, 24863
1536, 2550, 2550, 25561, 24867
1536, 2550, 2550, 25564, 24870
957, 2550, 2550, 25568, 24874
957, 2550, 2550, 25571, 24877
957, 2550, 2550, 25574, 24880
963, 2550, 2550, 25578, 24884
963, 2550, 2550, 25581, 24887
963, 2550, 2550, 25584, 24890
933, 2550, 2550, 25588, 24894
933, 2550, 2550, 25591, 24897
933, 2550, 2550, 25595, 24900
1597, 2550, 2550, 25600, 24905
1597, 2550, 2550, 25603, 24908
1597, 2550, 2550, 25606, 24911
943, 2550, 2550, 25609, 24914
943, 2550, 2550, 25613, 24918
943, 2550, 2550, 25619, 24924
943, 2550, 2550, 25623, 24928
943, 2550, 2550, 25626, 24931
943, 2550, 2550, 25629, 24934
943, 2550, 2550, 25633, 24938
943, 2550, 2550, 25636, 24942
1915, 2550, 2550, 25639, 24945
1915, 2550, 2550, 25643, 24948
1915, 2550, 2550, 25645, 24951
1539, 2550, 2550, 25650, 24956
1539, 2550, 2550, 25653, 24958
1539, 2550, 2550, 25657, 24962
1539, 2550, 2550, 25660, 24965
1539, 2550, 2550, 25663, 24968
1539, 2550, 2550, 25666, 24971
1539, 2550, 2550, 25670, 24976
1539, 2550, 2550, 25674, 24979
1539, 2550, 2550, 25677, 24982
1539, 2550, 2550, 25680, 24985
1539, 2550, 2550, 25683, 24988
1539, 2550, 2550, 25686, 24992
428, 2550, 2550, 25690, 24996
428, 2550, 2550, 25693, 24999
428, 2550, 2550, 25698, 25004
428, 2550, 2550, 25701, 25007
428, 2550, 2550, 25706, 25012
428, 2550, 2550, 25709, 25015
877, 2550, 2550, 25712, 25018
877, 2550, 2550, 25715, 25021
877, 2550, 2550, 25718, 25024
1478, 2550, 2550, 25722, 25028
1478, 2550, 2550, 25726, 25032
1478, 2550, 2550, 25730, 25035
1282, 2550, 2550, 25733, 25038
1282, 2550, 2550, 25736, 25042
1282, 2550, 2550, 25739, 25045
1282, 2550, 2550, 25744, 25050
1513, 2550, 2550, 25747, 25053
1513, 2550, 2550, 25750, 25056
864, 2550, 2550, 25753, 25060
864, 2550, 2550, 25758, 25064
864, 2550, 2550, 25762, 25068
864, 2550, 2550, 25765, 25072
864, 2550, 2550, 25768, 25074
864, 2550, 2550, 25771, 25078
864, 2550, 2550, 25774, 25081
864, 2550, 2550, 25778, 25085
1143, 2550, 2550, 25781, 25088
1143, 2550, 2550, 25784, 25091
1143, 2550, 2550, 25787, 25094
1143, 2550, 2550, 25791, 25097
1807, 2550, 2550, 25794, 25100
1807, 2550, 2550, 25797, 25104
1807, 2550, 2550, 25801, 25107
1807, 2550, 2550, 25804, 25110
1807, 2550, 2550, 25807, 25113
1807, 2550, 2550, 25810, 25116
1807, 2550, 2550, 25814, 25120
1807, 2550, 2550, 25817, 25124
1807, 2550, 2550, 25821, 25127
841, 2550, 2550, 25824, 25130
841, 2550, 2550, 25827, 25134
841, 2550, 2550, 25830, 25137
841, 2550, 2550, 25834, 25141
841, 2550, 2550, 25838, 25145
841, 2550, 2550, 25842, 25149
841, 2550, 2550, 25846, 25152
841, 2550, 2550, 25849, 25156
841, 2550, 2550, 25853, 25160
810, 2550, 2550, 25856, 25163
810, 2550, 2550, 25859, 25166
802, 2550, 2550, 25862, 25169
802, 2550, 2550, 25868, 25174
800, 2550, 2550, 25872, 25178
800, 2550, 2550, 25875, 25181
800, 2550, 2550, 25878, 25184
800, 2550, 2550, 25881, 25188
800, 2550, 2550, 25885, 25191
800, 2550, 2550, 25889, 25196
800, 2550, 2550, 25893, 25199
800, 2550, 2550, 25896, 25202
800, 2550, 2550, 25899, 25205
756, 2550, 2550, 25903, 25209
756, 2550, 2550, 25906, 25212
778, 2550, 2550, 25911, 25216
778, 2550, 2550, 25914, 25220
778, 2550, 2550, 25917, 25222
778, 2550, 2550, 25920, 25226
778, 2550, 2550, 25924, 25230
778, 2550, 2550, 25927, 25233
778, 2550, 2550, 25931, 25236
778, 2550, 2550, 25934, 25239
778, 2550, 2550, 25938, 25243
778, 2550, 2550, 25941, 25246
778, 2550, 2550, 25945, 25250
778, 2550, 2550, 25948, 25254
778, 2550, 2550, 25954, 25259
778, 2550, 2550, 25958, 25263
774, 2550, 2550, 25965, 25270
774, 2550, 2550, 25969, 25275
774, 2550, 2550, 25972, 25278
774, 2550, 2550, 25976, 25281
774, 2550, 2550, 25981, 25286
774, 2550, 2550, 25987, 25292
774, 2550, 2550, 25990, 25295
2550, 2550, 2550, 25994, 25299
2550, 2550, 2550, 26000, 25305
2550, 2550, 2550, 26003, 25308
2550, 2550, 2550, 26006, 25312
2550, 2550, 2550, 26010, 25316
2550, 2550, 2550, 26015, 25321
2550, 2550, 2550, 26019, 25324
2550, 2550, 2550, 26023, 25328
2550, 2550, 2550, 26026, 25332
2550, 2550, 2550, 26030, 25336
2550, 2550, 2550, 26035, 25341
2550, 2550, 2550, 26039, 25345
2550, 2550, 2550, 26044, 25350
2550, 2550, 2550, 26048, 25354
2550, 2550, 2550, 26053, 25359
2550, 2550, 2550, 26056, 25362
2550, 2550, 2550, 26060, 25366
2550, 2550, 2550, 26063, 25368
2550, 2550, 2550, 26067, 25372
2550, 2550, 2550, 26073, 25379
2550, 2550, 2550, 26078, 25384
2550, 2550, 2550, 26082, 25388
2550, 2550, 2550, 26086, 25391
2550, 2550, 2550, 26090, 25396
2550, 2550, 2550, 26093, 25399
2550, 2550, 2550, 26098, 25403
2550, 2550, 2550, 26100, 25406
2550, 2550, 2550, 26104, 25409
2550, 2550, 2550, 26109, 25414
2550, 2550, 2550, 26112, 25418
2550, 2550, 2550, 26116, 25422
2550, 2550, 2550, 26120, 25425
2550, 2550, 2550, 26124, 25429
2550, 2550, 2550, 26132, 25438
2550, 2550, 2550, 26136, 25442
2550, 2550, 2550, 26139, 25445
2550, 2550, 2550, 26148, 25454
2550, 2550, 2550, 26151, 25458
2550, 2550, 2550, 26154, 25463
2550, 2550, 2550, 26160, 25468
2550, 2550, 2550, 26165, 25472
2550, 2550, 2550, 26170, 25478
2550, 2550, 2550, 26175, 25482
2550, 2550, 2550, 26179, 25486
2550, 2550, 2550, 26184, 25491
2550, 2550, 2550, 26189, 25496
2550, 2550, 2550, 26194, 25500
2550, 2550, 2550, 26198, 25504
2550, 2550, 2550, 26203, 25509
2550, 2550, 2550, 26207, 25512
2550, 2550, 2550, 26212, 25518
2550, 2550, 2550, 26217, 25523
2550, 2550, 2550, 26222, 25528
2550, 2550, 2550, 26227, 25533
2550, 2550, 2550, 26230, 25537
2550, 2550, 2550, 26236, 25542
2550, 2550, 2550, 26239, 25545
2550, 2550, 2550, 26242, 25548
2550, 2550, 2550, 26246, 25552
2550, 2550, 2550, 26250, 25556
2550, 2550, 2550, 26253, 25559
2550, 2550, 2550, 26258, 25564
2550, 2550, 2550, 26261, 25568
2550, 2550, 2550, 26264, 25570
2550, 2550, 2550, 26269, 25575
2550, 2550, 2550, 26272, 25578
1499, 2550, 2550, 26277, 25583
1499, 2550, 2550, 26280, 25587
1499, 2550, 2550, 26283, 25590
1499, 2550, 2550, 26287, 25593
1499, 2550, 2550, 26289, 25596
1499, 2550, 2550, 26294, 25600
1499, 2550, 2550, 26298, 25604
1499, 2550, 2550, 26302, 25607
1499, 2550, 2550, 26305, 25611
1499, 2550, 2550, 26309, 25615
1499, 2550, 2550, 26312, 25618
1499, 2550, 2550, 26316, 25622
1499, 2550, 2550, 26320, 25626
1499, 2550, 2550, 26323, 25629
1499, 2550, 2550, 26326, 25632
1499, 2550, 2550, 26331, 25636
1499, 2550, 2550, 26334, 25640
475, 2550, 2550, 26338, 25643
475, 2550, 2550, 26341, 25646
475, 2550, 2550, 26344, 25650
475, 2550, 2550, 26348, 25653
475, 2550, 2550, 26351, 25656
475, 2550, 2550, 26354, 25659
475, 2550, 2550, 26357, 25662
475, 2550, 2550, 26360, 25666
475, 2550, 2550, 26364, 25670
475, 2550, 2550, 26368, 25673
475, 2550, 2550, 26371, 25677
475, 2550, 2550, 26375, 25680
475, 2550, 2550, 26378, 25684
475, 2550, 2550, 26381, 25687
475, 2550, 2550, 26385, 25690
475, 2550, 2550, 26388, 25694
475, 2550, 2550, 26391, 25697
475, 2550, 2550, 26394, 25700
475, 2550, 2550, 26397, 25703
475, 2550, 2550, 26401, 25707
475, 2550, 2550, 26405, 25710
527, 2550, 2550, 26408, 25714
527, 2550, 2550, 26411, 25717
527, 2550, 2550, 26415, 25720
527, 2550, 2550, 26418, 25724
527, 2550, 2550, 26423, 25728
527, 2550, 2550, 26426, 25732
527, 2550, 2550, 26429, 25735
527, 2550, 2550, 26432, 25738
527, 2550, 2550, 26435, 25741
527, 2550, 2550, 26440, 25745
527, 2550, 280, 26443, 25748
527, 2550, 280, 26446, 25752
527, 2550, 280, 26450, 25755
527, 2550, 280, 26454, 25759
527, 2550, 280, 26457, 25762
527, 2550, 280, 26460, 25766
527, 2550, 280, 26464, 25769
527, 2550, 280, 26467, 25772
527, 2550, 280, 26470, 25775
527, 2550, 280, 26473, 25778
527, 2550, 280, 26477, 25782
598, 2550, 2550, 26480, 25786
598, 2550, 2550, 26483, 25789
598, 2550, 2550, 26487, 25792
598, 2550, 2550, 26490, 25796
598, 2550, 2550, 26494, 25800
598, 2550, 2550, 26497, 25803
598, 2550, 2550, 26500, 25806
598, 2550, 2550, 26503, 25810
598, 2550, 2550, 26506, 25812
598, 2550, 2550, 26510, 25816
598, 2550, 2550, 26514, 25820
598, 2550, 2550, 26517, 25823
598, 2550, 2550, 26520, 25826
1143, 2550, 2550, 26523, 25830
1143, 2550, 2550, 26526, 25833
1143, 2550, 2550, 26530, 25836
1143, 2550, 2550, 26533, 25839
1143, 2550, 2550, 26537, 25843
1143, 2550, 2550, 26540, 25846
1143, 2550, 2550, 26543, 25849
1143, 2550, 2550, 26546, 25852
1143, 2550, 2550, 26551, 25857
1143, 2550, 2550, 26554, 25860
1585, 2550, 2550, 26558, 25864
1585, 2550, 2550, 26561, 25867
1585, 2550, 2550, 26566, 25872
1585, 2550, 2550, 26569, 25875
1585, 2550, 2550, 26572, 25879
1585, 2550, 2550, 26576, 25882
1585, 2550, 2550, 26578, 25884
1585, 2550, 2550, 26581, 25887
1585, 2550, 2550, 26587, 25892
1585, 2550, 2550, 26590, 25896
1585, 2550, 2550, 26593, 25900
1585, 2550, 2550, 26597, 25903
1585, 2550, 2550, 26599, 25906
1585, 2550, 2550, 26603, 25909
1381, 2550, 2550, 26606, 25912
1381, 2550, 2550, 26609, 25916
1381, 2550, 2550, 26612, 25919
1344, 2550, 2550, 26615, 25922
1344, 2550, 2550, 26620, 25926
1344, 2550, 2550, 26625, 25931
1344, 2550, 2550, 26628, 25935
1344, 2550, 2550, 26631, 25938
1344, 2550, 2550, 26635, 25941
1344, 2550, 2550, 26638, 25944
1344, 2550, 2550, 26641, 25948
1344, 2550, 2550, 26645, 25952
1344, 2550, 2550, 26648, 25954
1344, 2550, 2550, 26652, 25958
1344, 2550, 2550, 26654, 25960
1344, 2550, 230, 26659, 25964
1344, 2550, 230, 26662, 25968
1344, 2550, 230, 26666, 25971
1344, 2550, 230, 26669, 25975
1344, 2550, 230, 26672, 25978
1344, 2550, 230, 26675, 25981
1344, 2550, 230, 26679, 25984
1344, 2550, 230, 26682, 25987
1344, 2550, 230, 26685, 25990
1344, 2550, 230, 26688, 25993
1344, 2550, 230, 26692, 25996
1344, 2550, 2550, 26697, 26002
1344, 2550, 2550, 26700, 26005
1344, 2550, 2550, 26703, 26008
1344, 2550, 2550, 26709, 26014
1344, 2550, 2550, 26713, 26018
1344, 2550, 2550, 26716, 26021
1344, 2550, 2550, 26720, 26024
1344, 2550, 2550, 26723, 26028
1344, 2550, 2550, 26726, 26031
1344, 2550, 2550, 26729, 26034
1344, 2550, 220, 26733, 26038
1344, 2550, 220, 26737, 26042
1344, 2550, 220, 26740, 26045
1344, 2550, 220, 26743, 26048
1344, 2550, 220, 26746, 26051
1344, 2550, 220, 26749, 26055
1344, 2550, 220, 26752, 26058
1344, 2550, 220, 26756, 26062
1344, 2550, 220, 26759, 26065
1344, 2550, 220, 26763, 26068
1344, 2550, 2550, 26766, 26072
1344, 2550, 2550, 26770, 26076
1344, 2550, 2550, 26773, 26079
1344, 2550, 2550, 26776, 26082
1344, 2550, 2550, 26780, 26085
1344, 2550, 2550, 26783, 26088
1344, 2550, 2550, 26786, 26092
1344, 2550, 2550, 26790, 26095
1344, 2550, 2550, 26793, 26098
1344, 2550, 2550, 26796, 26102
1344, 2550, 2550, 26799, 26105
1344, 2550, 2550, 26802, 26108
1344, 2550, 2550, 26807, 26112
1344, 2550, 2550, 26810, 26115
1344, 2550, 2550, 26813, 26118
2550, 2550, 2550, 26817, 26122
2550, 2550, 2550, 26820, 26126
2550, 2550, 2550, 26824, 26129
2550, 2550, 2550, 26826, 26132
2550, 2550, 2550, 26830, 26136
2550, 2550, 2550, 26833, 26138
2550, 2550, 2550, 26836, 26142
2550, 2550, 230, 26839, 26145
2550, 2550, 230, 26843, 26149
2550, 2550, 230, 26847, 26152
2550, 2550, 230, 26850, 26156
2550, 2550, 230, 26856, 26162
2550, 2550, 230, 26859, 26165
770, 2550, 230, 26862, 26168
770, 2550, 230, 26866, 26172
770, 2550, 230, 26868, 26174
770, 2550, 230, 26872, 26178
770, 2550, 2550, 26875, 26182
770, 2550, 2550, 26882, 26188
770, 2550, 2550, 26885, 26191
770, 2550, 2550, 26888, 26194
770, 2550, 2550, 26891, 26197
770, 2550, 2550, 26894, 26200
770, 2550, 2550, 26899, 26205
770, 2550, 2550, 26902, 26208
770, 2550, 2550, 26905, 26211
770, 2550, 2550, 26908, 26214
770, 2550, 220, 26912, 26218
770, 2550, 220, 26916, 26222
770, 2550, 220, 26919, 26225
770, 2550, 220, 26922, 26228
754, 2550, 220, 26926, 26232
754, 2550, 220, 26929, 26235
754, 2550, 220, 26932, 26238
754, 2550, 220, 26936, 26242
754, 2550, 220, 26939, 26245
742, 2550, 220, 26942, 26248
742, 2550, 220, 26945, 26251
742, 2550, 220, 26948, 26254
742, 2550, 220, 26952, 26258
742, 2550, 220, 26955, 26262
742, 2550, 220, 26958, 26265
742, 2550, 220, 26962, 26268
742, 2550, 220, 26965, 26271
742, 2550, 220, 26968, 26274
742, 2550, 220, 26971, 26278
742, 2550, 220, 26975, 26281
742, 2550, 220, 26978, 26284
742, 2550, 220, 26981, 26288
742, 2550, 220, 26984, 26290
729, 2550, 220, 26988, 26294
729, 2550, 220, 26992, 26298
729, 2550, 220, 26998, 26304
729, 2550, 220, 27001, 26307
729, 2550, 220, 27004, 26310
729, 2550, 220, 27008, 26314
729, 2550, 220, 27011, 26318
729, 2550, 220, 27014, 26320
710, 2550, 2550, 27018, 26324
710, 2550, 2550, 27021, 26327
710, 2550, 2550, 27024, 26330
710, 2550, 2550, 27029, 26334
710, 2550, 2550, 27032, 26338
710, 2550, 2550, 27035, 26341
710, 2550, 2550, 27038, 26343
710, 2550, 2550, 27041, 26346
710, 2550, 2550, 27045, 26350
710, 2550, 2550, 27048, 26353
710, 2550, 2550, 27051, 26356
710, 2550, 2550, 27055, 26360
710, 2550, 2550, 27058, 26363
710, 2550, 2550, 27062, 26367
710, 2550, 2550, 27066, 26370
710, 2550, 2550, 27069, 26374
710, 2550, 2550, 27072, 26377
710, 2550, 2550, 27076, 26380
710, 2550, 2550, 27079, 26383
670, 2550, 2550, 27082, 26387
670, 2550, 2550, 27085, 26390
670, 2550, 2550, 27089, 26394
685, 2550, 2550, 27092, 26397
685, 2550, 2550, 27095, 26400
355, 2550, 2550, 27100, 26405
355, 2550, 2550, 27103, 26408
355, 2550, 2550, 27106, 26412
681, 2550, 2550, 27109, 26415
681, 2550, 2550, 27112, 26418
681, 2550, 2550, 27116, 26421
662, 2550, 2550, 27119, 26425
662, 2550, 2550, 27122, 26428
662, 2550, 2550, 27126, 26432
654, 2550, 2550, 27130, 26435
654, 2550, 2550, 27133, 26439
633, 2550, 2550, 27137, 26443
633, 2550, 2550, 27141, 26447
626, 2550, 2550, 27145, 26451
626, 2550, 2550, 27149, 26454
626, 2550, 2550, 27152, 26458
626, 2550, 2550, 27156, 26461
626, 2550, 2550, 27158, 26464
617, 2550, 220, 27162, 26468
617, 2550, 220, 27166, 26472
634, 2550, 220, 27169, 26475
634, 2550, 220, 27174, 26480
634, 2550, 220, 27177, 26483
603, 2550, 220, 27180, 26486
603, 2550, 220, 27184, 26490
600, 2550, 220, 27188, 26494
600, 2550, 220, 27191, 26497
600, 2550, 220, 27194, 26500
599, 2550, 210, 27198, 26504
599, 2550, 210, 27201, 26507
345, 2550, 210, 27205, 26511
345, 2550, 210, 27209, 26514
326, 2550, 210, 27212, 26518
326, 2550, 210, 27215, 26521
326, 2550, 210, 27218, 26524
490, 2550, 210, 27221, 26528
490, 2550, 210, 27224, 26531
490, 2550, 210, 27228, 26534
581, 2550, 210, 27231, 26538
581, 2550, 210, 27234, 26541
581, 2550, 210, 27238, 26544
581, 2550, 210, 27241, 26548
581, 2550, 210, 27245, 26552
365, 2550, 210, 27249, 26556
365, 2550, 210, 27252, 26559
365, 2550, 210, 27256, 26562
578, 2550, 210, 27259, 26566
578, 2550, 210, 27263, 26569
574, 2550, 210, 27266, 26572
574, 2550, 210, 27270, 26576
569, 2550, 210, 27273, 26579
569, 2550, 210, 27277, 26582
569, 2550, 210, 27280, 26585
326, 2550, 210, 27286, 26591
326, 2550, 210, 27290, 26596
561, 2550, 210, 27293, 26599
561, 2550, 210, 27296, 26602
554, 2550, 210, 27300, 26605
554, 2550, 210, 27304, 26609
559, 2550, 210, 27307, 26612
559, 2550, 210, 27310, 26616
559, 2550, 210, 27314, 26620
392, 2550, 210, 27317, 26623
392, 2550, 210, 27321, 26627
555, 2550, 210, 27324, 26630
555, 2550, 210, 27327, 26634
555, 2550, 210, 27330, 26636
551, 2550, 210, 27334, 26641
551, 2550, 210, 27338, 26644
546, 2550, 210, 27342, 26648
546, 2550, 210, 27344, 26651
546, 2550, 210, 27348, 26654
544, 2550, 210, 27351, 26658
544, 2550, 210, 27355, 26662
464, 2550, 210, 27358, 26665
464, 2550, 210, 27362, 26668
464, 2550, 210, 27365, 26671
534, 2550, 210, 27368, 26674
534, 2550, 210, 27371, 26678
534, 2550, 210, 27375, 26681
534, 2550, 210, 27378, 26684
534, 2550, 210, 27382, 26688
534, 2550, 210, 27385, 26691
534, 2550, 210, 27388, 26694
534, 2550, 210, 27393, 26699
534, 2550, 210, 27396, 26702
534, 2550, 210, 27400, 26705
534, 2550, 210, 27402, 26708
534, 2550, 210, 27405, 26711
534, 2550, 210, 27408, 26714
534, 2550, 210, 27412, 26718
534, 830, 210, 27419, 26724
534, 830, 210, 27422, 26728
614, 2550, 2550, 27387, 26960
614, 2550, 2550, 27382, 26964
614, 2550, 2550, 27378, 26967
614, 2550, 2550, 27372, 26974
364, 2550, 2550, 27366, 26979
364, 2550, 2550, 27363, 26982
456, 2550, 2550, 27360, 26985
456, 2550, 2550, 27357, 26988
456, 2550, 2550, 27354, 26992
618, 2550, 2550, 27352, 26996
618, 2550, 2550, 27349, 26999
618, 2550, 2550, 27348, 27002
614, 2550, 2550, 27345, 27007
614, 2550, 2550, 27344, 27010
645, 1000, 2550, 27343, 27013
645, 1000, 2550, 27342, 27016
645, 1000, 2550, 27341, 27018
622, 1000, 2550, 27340, 27022
634, 1000, 2550, 27339, 27028
634, 1000, 2550, 27338, 27031
634, 1000, 2550, 27338, 27035
645, 1000, 2550, 27337, 27040
645, 1000, 2550, 27337, 27043
645, 1000, 2550, 27336, 27049
645, 990, 2550, 27336, 27052
645, 990, 2550, 27336, 27056
848, 990, 2550, 27336, 27059
848, 990, 2550, 27336, 27062
848, 990, 2550, 27337, 27066
1079, 990, 2550, 27338, 27069
1079, 990, 2550, 27338, 27073
1079, 990, 2550, 27340, 27077
1079, 990, 2550, 27341, 27080
1079, 990, 2550, 27343, 27084
330, 980, 2550, 27345, 27088
330, 980, 2550, 27346, 27090
590, 980, 2550, 27348, 27094
590, 980, 2550, 27349, 27097
590, 980, 2550, 27351, 27100
590, 980, 2550, 27353, 27104
590, 980, 2550, 27355, 27106
590, 980, 2550, 27358, 27110
590, 980, 2550, 27361, 27113
590, 980, 2550, 27363, 27116
473, 990, 2550, 27367, 27120
473, 990, 2550, 27370, 27124
473, 990, 2550, 27372, 27126
705, 990, 2550, 27376, 27130
705, 990, 2550, 27379, 27133
705, 990, 2550, 27383, 27137
705, 990, 2550, 27386, 27140
705, 990, 2550, 27389, 27144
705, 990, 2550, 27393, 27148
705, 990, 2550, 27397, 27152
705, 990, 2550, 27400, 27155
705, 980, 2550, 27404, 27159
705, 980, 2550, 27407, 27162
705, 980, 2550, 27411, 27165
822, 980, 2550, 27413, 27170
822, 980, 2550, 27419, 27175
822, 980, 2550, 27423, 27178
2550, 980, 2550, 27426, 27181
2550, 980, 2550, 27430, 27185
1008, 980, 2550, 27434, 27188
1008, 980, 2550, 27437, 27192
1008, 970, 2550, 27441, 27196
1008, 970, 2550, 27444, 27198
1008, 970, 2550, 27447, 27202
1008, 970, 2550, 27450, 27205
1008, 970, 2550, 27452, 27208
1008, 970, 2550, 27456, 27211
1008, 970, 2550, 27460, 27214
1008, 970, 2550, 27462, 27217
1008, 970, 540, 27468, 27222
1008, 970, 540, 27471, 27225
1008, 970, 540, 27474, 27228
1008, 950, 540, 27478, 27232
1008, 950, 540, 27481, 27235
1008, 950, 540, 27484, 27238
1008, 950, 540, 27487, 27242
1008, 950, 540, 27490, 27245
1008, 950, 540, 27494, 27249
1008, 950, 540, 27497, 27252
1008, 950, 540, 27500, 27255
1008, 950, 2550, 27504, 27259
1008, 950, 2550, 27507, 27262
1008, 950, 2550, 27510, 27266
1008, 920, 2550, 27514, 27270
1008, 920, 2550, 27517, 27272
1008, 920, 2550, 27520, 27276
1016, 920, 2550, 27524, 27279
1016, 920, 2550, 27527, 27282
1016, 920, 2550, 27530, 27286
1016, 920, 2550, 27533, 27289
1016, 920, 2550, 27536, 27292
1016, 920, 500, 27540, 27296
1016, 920, 500, 27544, 27299
1016, 920, 500, 27547, 27302
1016, 920, 500, 27551, 27306
1016, 920, 500, 27553, 27309
1016, 920, 500, 27556, 27312
1016, 920, 500, 27561, 27317
1016, 920, 500, 27564, 27320
1016, 920, 500, 27568, 27324
1016, 920, 500, 27570, 27326
1016, 920, 2550, 27576, 27331
1016, 920, 2550, 27579, 27334
1016, 910, 2550, 27583, 27338
1016, 910, 2550, 27587, 27342
649, 910, 2550, 27590, 27345
649, 910, 2550, 27592, 27348
649, 910, 2550, 27595, 27351
649, 910, 2550, 27599, 27354
649, 910, 2550, 27602, 27358
649, 910, 2550, 27605, 27361
649, 910, 2550, 27610, 27366
649, 910, 2550, 27615, 27370
649, 910, 2550, 27618, 27374
649, 910, 2550, 27622, 27378
649, 910, 2550, 27625, 27380
649, 910, 2550, 27628, 27384
649, 910, 2550, 27632, 27387
649, 910, 2550, 27635, 27390
649, 910, 2550, 27638, 27393
532, 910, 2550, 27642, 27396
532, 910, 2550, 27645, 27400
532, 910, 2550, 27648, 27403
532, 910, 2550, 27652, 27407
532, 900, 2550, 27655, 27410
532, 900, 2550, 27659, 27415
532, 900, 2550, 27662, 27418
532, 900, 2550, 27665, 27420
532, 900, 2550, 27668, 27424
532, 900, 2550, 27672, 27427
532, 900, 2550, 27675, 27430
911, 900, 2550, 27678, 27434
911, 900, 2550, 27681, 27437
911, 900, 2550, 27685, 27441
911, 900, 2550, 27688, 27444
911, 2550, 2550, 27692, 27447
410, 2550, 2550, 27696, 27452
410, 2550, 2550, 27699, 27454
527, 2550, 2550, 27704, 27459
527, 2550, 2550, 27707, 27462
527, 2550, 2550, 27710, 27466
492, 2550, 2550, 27714, 27469
492, 2550, 2550, 27717, 27472
492, 2550, 2550, 27720, 27476
492, 2550, 2550, 27724, 27480
492, 2550, 2550, 27727, 27482
492, 2550, 2550, 27732, 27486
492, 2550, 2550, 27735, 27490
492, 2550, 2550, 27738, 27492
492, 2550, 2550, 27741, 27496
492, 2550, 2550, 27744, 27499
492, 2550, 2550, 27747, 27502
492, 2550, 2550, 27750, 27505
492, 2550, 2550, 27754, 27508
492, 2550, 2550, 27757, 27512
492, 2550, 2550, 27761, 27516
492, 850, 2550, 27764, 27519
492, 850, 2550, 27768, 27522
